SAMPLE,AMIKACIN,BEDAQUILINE,CAPREOMYCIN,CIPROFLOXACIN,CLOFAZIMINE,CYCLOSERINE,DELAMANID,ETHAMBUTOL,ETHIONAMIDE,ISONIAZID,KANAMYCIN,LEVOFLOXACIN,LINEZOLID,MOXIFLOXACIN,OFLOXACIN,PARA_AMINOSALICYLIC_ACID,PROTHIONAMIDE,PYRAZINAMIDE,RIFABUTIN,RIFAMPICIN,STREPTOMYCIN,AMIKACIN_SOURCE,BEDAQUILINE_SOURCE,CAPREOMYCIN_SOURCE,CIPROFLOXACIN_SOURCE,CLOFAZIMINE_SOURCE,CYCLOSERINE_SOURCE,DELAMANID_SOURCE,ETHAMBUTOL_SOURCE,ETHIONAMIDE_SOURCE,ISONIAZID_SOURCE,KANAMYCIN_SOURCE,LEVOFLOXACIN_SOURCE,LINEZOLID_SOURCE,MOXIFLOXACIN_SOURCE,OFLOXACIN_SOURCE,PARA_AMINOSALICYLIC_ACID_SOURCE,PROTHIONAMIDE_SOURCE,PYRAZINAMIDE_SOURCE,RIFABUTIN_SOURCE,RIFAMPICIN_SOURCE,STREPTOMYCIN_SOURCE
ERR038266,S,,,S,,,,S,,S,,,,,,,,S,,S,S,BV-BRC,,,BV-BRC,,,,BV-BRC,,BV-BRC,,,,,,,,BV-BRC,,BV-BRC,BV-BRC
ERR040101,,,,,,,,S,,S,,,,,,,,S,,S,,,,,,,,,BV-BRC,,BV-BRC,,,,,,,,BV-BRC,,BV-BRC,
ERR040105,,,,S,,,,S,,R,,,,,,,,S,,S,,,,,BV-BRC,,,,BV-BRC,,BV-BRC,,,,,,,,BV-BRC,,BV-BRC,
ERR046730,,,,S,,,,S,,R,,,,,,,,S,,S,,,,,BV-BRC,,,,BV-BRC,,BV-BRC,,,,,,,,BV-BRC,,BV-BRC,
ERR046732,,,,,,,,S,,S,,,,,,,,S,,S,,,,,,,,,BV-BRC,,BV-BRC,,,,,,,,BV-BRC,,BV-BRC,
ERR046778,,,,S,,,,S,,R,,,,,,,,S,,S,,,,,BV-BRC,,,,BV-BRC,,BV-BRC,,,,,,,,BV-BRC,,BV-BRC,
ERR046780,,,,S,,,,S,,R,,,,,,,,S,,S,,,,,BV-BRC,,,,BV-BRC,,BV-BRC,,,,,,,,BV-BRC,,BV-BRC,
ERR046784,,,,R,,,,R,,R,,,,,,,,S,,S,,,,,BV-BRC,,,,BV-BRC,,BV-BRC,,,,,,,,BV-BRC,,BV-BRC,
ERR046785,,,,,,,,S,,S,,,,,,,,S,,S,,,,,,,,,BV-BRC,,BV-BRC,,,,,,,,BV-BRC,,BV-BRC,
ERR046786,,,,R,,,,S,,R,,,,,,,,S,,S,,,,,BV-BRC,,,,BV-BRC,,BV-BRC,,,,,,,,BV-BRC,,BV-BRC,
ERR046788,,,,,,,,S,,R,,,,,,,,S,,S,,,,,,,,,BV-BRC,,BV-BRC,,,,,,,,BV-BRC,,BV-BRC,
ERR046789,S,,S,,,,,S,,R,S,,,R,,,,S,,S,R,BV-BRC,,BV-BRC,,,,,BV-BRC,,BV-BRC,BV-BRC,,,BV-BRC,,,,BV-BRC,,BV-BRC,BV-BRC
ERR046792,,,,R,,,,R,,S,,,,,,,,S,,S,,,,,BV-BRC,,,,BV-BRC,,BV-BRC,,,,,,,,BV-BRC,,BV-BRC,
ERR046796,S,,S,R,,,,R,,R,,,,,,,,R,,R,R,BV-BRC,,BV-BRC,BV-BRC,,,,BV-BRC,,BV-BRC,,,,,,,,BV-BRC,,BV-BRC,BV-BRC
ERR046821,S,,,,,,,S,,R,,,,,,,,,,R,R,BV-BRC,,,,,,,BV-BRC,,BV-BRC,,,,,,,,,,BV-BRC,BV-BRC
ERR046825,S,,S,S,,,,S,,S,,,,,,,,S,,R,S,BV-BRC,,BV-BRC,BV-BRC,,,,BV-BRC,,BV-BRC,,,,,,,,BV-BRC,,BV-BRC,BV-BRC
ERR046834,,,,S,,,,S,,R,,,,,,,,S,,S,,,,,BV-BRC,,,,BV-BRC,,BV-BRC,,,,,,,,BV-BRC,,BV-BRC,
ERR046855,,,,S,,,,S,,R,,,,,,,,S,,R,,,,,BV-BRC,,,,BV-BRC,,BV-BRC,,,,,,,,BV-BRC,,BV-BRC,
ERR046903,S,,S,R,,,,R,,R,,,,,,,,R,,R,,BV-BRC,,BV-BRC,BV-BRC,,,,BV-BRC,,BV-BRC,,,,,,,,BV-BRC,,BV-BRC,
ERR046911,,,,R,,,,R,,S,,,,,,,,S,,S,,,,,BV-BRC,,,,BV-BRC,,BV-BRC,,,,,,,,BV-BRC,,BV-BRC,
ERR046913,,,,R,,,,R,,S,,,,,,,,S,,S,,,,,BV-BRC,,,,BV-BRC,,BV-BRC,,,,,,,,BV-BRC,,BV-BRC,
ERR046917,S,,S,,,,,R,,R,,,,,,,,R,,R,S,BV-BRC,,BV-BRC,,,,,BV-BRC,,BV-BRC,,,,,,,,BV-BRC,,BV-BRC,BV-BRC
ERR046920,,,,,,,,S,,S,,,,,,,,S,,S,,,,,,,,,BV-BRC,,BV-BRC,,,,,,,,BV-BRC,,BV-BRC,
ERR046936,,,,,,,,S,,S,,,,,,,,S,,S,,,,,,,,,BV-BRC,,BV-BRC,,,,,,,,BV-BRC,,BV-BRC,
ERR046943,S,,S,S,,,,S,,R,,,,,,,,S,,R,R,BV-BRC,,BV-BRC,BV-BRC,,,,BV-BRC,,BV-BRC,,,,,,,,BV-BRC,,BV-BRC,BV-BRC
ERR046965,,,,,,,,S,,S,,,,,,,,S,,S,,,,,,,,,BV-BRC,,BV-BRC,,,,,,,,BV-BRC,,BV-BRC,
ERR046966,,,,,,,,S,,S,,,,,,,,S,,S,,,,,,,,,BV-BRC,,BV-BRC,,,,,,,,BV-BRC,,BV-BRC,
ERR046981,,,,,,,,S,,R,,,,,,,,S,,S,,,,,,,,,BV-BRC,,BV-BRC,,,,,,,,BV-BRC,,BV-BRC,
ERR046986,,,,,,,,S,,R,,,,,,,,S,,S,,,,,,,,,BV-BRC,,BV-BRC,,,,,,,,BV-BRC,,BV-BRC,
ERR047002,,,,,,,,S,,R,,,,,,,,S,,S,,,,,,,,,BV-BRC,,BV-BRC,,,,,,,,BV-BRC,,BV-BRC,
ERR047009,,,,,,,,S,,S,,,,,,,,S,,S,,,,,,,,,BV-BRC,,BV-BRC,,,,,,,,BV-BRC,,BV-BRC,
ERR072037,,,,,,,,S,,S,,,,,,,,,,S,,,,,,,,,BV-BRC,,BV-BRC,,,,,,,,,,BV-BRC,
ERR072045,,,,,,,,S,,S,,,,,,,,S,,S,,,,,,,,,BV-BRC,,BV-BRC,,,,,,,,BV-BRC,,BV-BRC,
ERR1034577,S,,,,,,,S,,S,,,,,S,,,,,S,S,BV-BRC,,,,,,,BV-BRC,,BV-BRC,,,,,BV-BRC,,,,,BV-BRC,BV-BRC
ERR1034581,R,,S,R,,,,S,S,R,R,,,,,,,R,,R,S,BV-BRC,,BV-BRC,BV-BRC,,,,BV-BRC,BV-BRC,BV-BRC,BV-BRC,,,,,,,BV-BRC,,BV-BRC,BV-BRC
ERR1034582,R,,R,R,,,,S,S,R,R,,,,,,,R,,R,R,BV-BRC,,BV-BRC,BV-BRC,,,,BV-BRC,BV-BRC,BV-BRC,BV-BRC,,,,,,,BV-BRC,,BV-BRC,BV-BRC
ERR1034583,R,,R,R,,,,R,S,R,R,,,,,,,R,,R,R,BV-BRC,,BV-BRC,BV-BRC,,,,BV-BRC,BV-BRC,BV-BRC,BV-BRC,,,,,,,BV-BRC,,BV-BRC,BV-BRC
ERR1034584,R,,S,R,,,,R,S,R,R,,,,,,,R,,R,S,BV-BRC,,BV-BRC,BV-BRC,,,,BV-BRC,BV-BRC,BV-BRC,BV-BRC,,,,,,,BV-BRC,,BV-BRC,BV-BRC
ERR1034585,R,,S,R,,,,R,S,R,R,,,,,,,R,,R,R,BV-BRC,,BV-BRC,BV-BRC,,,,BV-BRC,BV-BRC,BV-BRC,BV-BRC,,,,,,,BV-BRC,,BV-BRC,BV-BRC
ERR1034586,R,,S,R,,,,R,S,R,R,,,,,,,R,,R,S,BV-BRC,,BV-BRC,BV-BRC,,,,BV-BRC,BV-BRC,BV-BRC,BV-BRC,,,,,,,BV-BRC,,BV-BRC,BV-BRC
ERR1034587,R,,S,R,,,,R,S,R,R,,,,,,,R,,R,R,BV-BRC,,BV-BRC,BV-BRC,,,,BV-BRC,BV-BRC,BV-BRC,BV-BRC,,,,,,,BV-BRC,,BV-BRC,BV-BRC
ERR1034588,R,,S,R,,,,S,S,R,R,,,,,,,R,,R,S,BV-BRC,,BV-BRC,BV-BRC,,,,BV-BRC,BV-BRC,BV-BRC,BV-BRC,,,,,,,BV-BRC,,BV-BRC,BV-BRC
ERR1034589,R,,S,R,,,,S,S,R,R,,,,,,,R,,R,S,BV-BRC,,BV-BRC,BV-BRC,,,,BV-BRC,BV-BRC,BV-BRC,BV-BRC,,,,,,,BV-BRC,,BV-BRC,BV-BRC
ERR1034590,R,,S,R,,,,R,S,R,R,,,,,,,R,,R,R,BV-BRC,,BV-BRC,BV-BRC,,,,BV-BRC,BV-BRC,BV-BRC,BV-BRC,,,,,,,BV-BRC,,BV-BRC,BV-BRC
ERR1034591,R,,S,R,,,,S,R,R,R,,,,,,,R,,R,R,BV-BRC,,BV-BRC,BV-BRC,,,,BV-BRC,BV-BRC,BV-BRC,BV-BRC,,,,,,,BV-BRC,,BV-BRC,BV-BRC
ERR1034592,R,,R,R,,,,R,R,R,R,,,,,,,R,,R,S,BV-BRC,,BV-BRC,BV-BRC,,,,BV-BRC,BV-BRC,BV-BRC,BV-BRC,,,,,,,BV-BRC,,BV-BRC,BV-BRC
ERR1034593,R,,R,R,,,,R,S,R,R,,,,,,,R,,R,R,BV-BRC,,BV-BRC,BV-BRC,,,,BV-BRC,BV-BRC,BV-BRC,BV-BRC,,,,,,,BV-BRC,,BV-BRC,BV-BRC
ERR1034594,R,,S,R,,,,R,S,R,R,,,,,,,R,,R,R,BV-BRC,,BV-BRC,BV-BRC,,,,BV-BRC,BV-BRC,BV-BRC,BV-BRC,,,,,,,BV-BRC,,BV-BRC,BV-BRC
ERR1034595,R,,R,R,,,,R,S,R,R,,,,,,,R,,R,R,BV-BRC,,BV-BRC,BV-BRC,,,,BV-BRC,BV-BRC,BV-BRC,BV-BRC,,,,,,,BV-BRC,,BV-BRC,BV-BRC
ERR1034596,R,,R,R,,,,R,S,R,R,,,,,,,R,,R,R,BV-BRC,,BV-BRC,BV-BRC,,,,BV-BRC,BV-BRC,BV-BRC,BV-BRC,,,,,,,BV-BRC,,BV-BRC,BV-BRC
ERR1034597,R,,S,R,,,,R,S,R,R,,,,,,,R,,R,R,BV-BRC,,BV-BRC,BV-BRC,,,,BV-BRC,BV-BRC,BV-BRC,BV-BRC,,,,,,,BV-BRC,,BV-BRC,BV-BRC
ERR1034598,R,,R,R,,,,R,R,R,R,,,,,,,R,,R,R,BV-BRC,,BV-BRC,BV-BRC,,,,BV-BRC,BV-BRC,BV-BRC,BV-BRC,,,,,,,BV-BRC,,BV-BRC,BV-BRC
ERR1034599,R,,S,R,,,,S,S,R,R,,,,,,,R,,R,S,BV-BRC,,BV-BRC,BV-BRC,,,,BV-BRC,BV-BRC,BV-BRC,BV-BRC,,,,,,,BV-BRC,,BV-BRC,BV-BRC
ERR1034600,R,,R,R,,,,R,S,R,R,,,,,,,R,,R,R,BV-BRC,,BV-BRC,BV-BRC,,,,BV-BRC,BV-BRC,BV-BRC,BV-BRC,,,,,,,BV-BRC,,BV-BRC,BV-BRC
ERR1034601,R,,R,R,,,,R,S,R,R,,,,,,,R,,R,R,BV-BRC,,BV-BRC,BV-BRC,,,,BV-BRC,BV-BRC,BV-BRC,BV-BRC,,,,,,,BV-BRC,,BV-BRC,BV-BRC
ERR1034602,R,,R,R,,,,S,S,R,R,,,,,,,R,,R,S,BV-BRC,,BV-BRC,BV-BRC,,,,BV-BRC,BV-BRC,BV-BRC,BV-BRC,,,,,,,BV-BRC,,BV-BRC,BV-BRC
ERR1034603,R,,R,R,,,,R,S,R,R,,,,,,,R,,R,S,BV-BRC,,BV-BRC,BV-BRC,,,,BV-BRC,BV-BRC,BV-BRC,BV-BRC,,,,,,,BV-BRC,,BV-BRC,BV-BRC
ERR1034604,R,,R,R,,,,R,R,R,R,,,,,,,R,,R,R,BV-BRC,,BV-BRC,BV-BRC,,,,BV-BRC,BV-BRC,BV-BRC,BV-BRC,,,,,,,BV-BRC,,BV-BRC,BV-BRC
ERR1034605,R,,S,R,,,,R,S,R,R,,,,,,,R,,R,R,BV-BRC,,BV-BRC,BV-BRC,,,,BV-BRC,BV-BRC,BV-BRC,BV-BRC,,,,,,,BV-BRC,,BV-BRC,BV-BRC
ERR1034606,R,,S,R,,,,S,S,R,R,,,,,,,R,,R,S,BV-BRC,,BV-BRC,BV-BRC,,,,BV-BRC,BV-BRC,BV-BRC,BV-BRC,,,,,,,BV-BRC,,BV-BRC,BV-BRC
ERR1034607,R,,S,R,,,,R,S,R,R,,,,,,,R,,R,S,BV-BRC,,BV-BRC,BV-BRC,,,,BV-BRC,BV-BRC,BV-BRC,BV-BRC,,,,,,,BV-BRC,,BV-BRC,BV-BRC
ERR1034608,R,,S,R,,,,S,S,R,R,,,,,,,R,,R,S,BV-BRC,,BV-BRC,BV-BRC,,,,BV-BRC,BV-BRC,BV-BRC,BV-BRC,,,,,,,BV-BRC,,BV-BRC,BV-BRC
ERR1034609,R,,S,R,,,,R,R,R,R,,,,,,,R,,R,R,BV-BRC,,BV-BRC,BV-BRC,,,,BV-BRC,BV-BRC,BV-BRC,BV-BRC,,,,,,,BV-BRC,,BV-BRC,BV-BRC
ERR1034610,R,,S,R,,,,R,S,R,R,,,,,,,R,,R,S,BV-BRC,,BV-BRC,BV-BRC,,,,BV-BRC,BV-BRC,BV-BRC,BV-BRC,,,,,,,BV-BRC,,BV-BRC,BV-BRC
ERR1034611,R,,R,R,,,,R,R,R,R,,,,,,,R,,R,R,BV-BRC,,BV-BRC,BV-BRC,,,,BV-BRC,BV-BRC,BV-BRC,BV-BRC,,,,,,,BV-BRC,,BV-BRC,BV-BRC
ERR1034612,R,,R,R,,,,R,S,R,R,,,,,,,R,,R,R,BV-BRC,,BV-BRC,BV-BRC,,,,BV-BRC,BV-BRC,BV-BRC,BV-BRC,,,,,,,BV-BRC,,BV-BRC,BV-BRC
ERR1034613,R,,S,R,,,,R,S,R,R,,,,,,,R,,R,R,BV-BRC,,BV-BRC,BV-BRC,,,,BV-BRC,BV-BRC,BV-BRC,BV-BRC,,,,,,,BV-BRC,,BV-BRC,BV-BRC
ERR1034614,R,,S,R,,,,R,S,R,R,,,,,,,R,,R,R,BV-BRC,,BV-BRC,BV-BRC,,,,BV-BRC,BV-BRC,BV-BRC,BV-BRC,,,,,,,BV-BRC,,BV-BRC,BV-BRC
ERR1034615,R,,S,R,,,,R,S,R,R,,,,,,,R,,R,R,BV-BRC,,BV-BRC,BV-BRC,,,,BV-BRC,BV-BRC,BV-BRC,BV-BRC,,,,,,,BV-BRC,,BV-BRC,BV-BRC
ERR1034616,R,,S,R,,,,R,S,R,R,,,,,,,R,,R,R,BV-BRC,,BV-BRC,BV-BRC,,,,BV-BRC,BV-BRC,BV-BRC,BV-BRC,,,,,,,BV-BRC,,BV-BRC,BV-BRC
ERR1034617,R,,S,R,,,,R,S,R,R,,,,,,,R,,R,R,BV-BRC,,BV-BRC,BV-BRC,,,,BV-BRC,BV-BRC,BV-BRC,BV-BRC,,,,,,,BV-BRC,,BV-BRC,BV-BRC
ERR1034618,,,,,,,,S,,R,,,,,,,,S,,S,S,,,,,,,,BV-BRC,,BV-BRC,,,,,,,,BV-BRC,,BV-BRC,BV-BRC
ERR1034619,,,,,,,,S,,R,,,,,,,,S,,S,S,,,,,,,,BV-BRC,,BV-BRC,,,,,,,,BV-BRC,,BV-BRC,BV-BRC
ERR1034620,,,,,,,,S,,R,,,,,,,,S,,S,S,,,,,,,,BV-BRC,,BV-BRC,,,,,,,,BV-BRC,,BV-BRC,BV-BRC
ERR1034626,,,,,,,,S,,S,,,,,,,,S,,S,S,,,,,,,,BV-BRC,,BV-BRC,,,,,,,,BV-BRC,,BV-BRC,BV-BRC
ERR1034627,,,,,,,,S,,R,,,,,,,,S,,S,S,,,,,,,,BV-BRC,,BV-BRC,,,,,,,,BV-BRC,,BV-BRC,BV-BRC
ERR1034628,,,,,,,,S,,R,,,,,,,,S,,S,S,,,,,,,,BV-BRC,,BV-BRC,,,,,,,,BV-BRC,,BV-BRC,BV-BRC
ERR1034668,,,,,,,,R,,R,,,,,,,,,,R,R,,,,,,,,BV-BRC,,BV-BRC,,,,,,,,,,BV-BRC,BV-BRC
ERR1034670,S,,,,,,,R,,R,,,,,S,,,,,R,R,BV-BRC,,,,,,,BV-BRC,,BV-BRC,,,,,BV-BRC,,,,,BV-BRC,BV-BRC
ERR1034671,S,,,,,,,S,,R,,,,,S,,,,,R,R,BV-BRC,,,,,,,BV-BRC,,BV-BRC,,,,,BV-BRC,,,,,BV-BRC,BV-BRC
ERR1034672,S,,,,,,,R,,R,,,,,S,,,,,R,S,BV-BRC,,,,,,,BV-BRC,,BV-BRC,,,,,BV-BRC,,,,,BV-BRC,BV-BRC
ERR1034673,,,,,,,,R,,R,,,,,,,,,,R,S,,,,,,,,BV-BRC,,BV-BRC,,,,,,,,,,BV-BRC,BV-BRC
ERR1034674,S,,,,,,,S,,R,,,,,S,,,,,R,R,BV-BRC,,,,,,,BV-BRC,,BV-BRC,,,,,BV-BRC,,,,,BV-BRC,BV-BRC
ERR1034675,S,,,,,,,S,,R,,,,,S,,,,,R,R,BV-BRC,,,,,,,BV-BRC,,BV-BRC,,,,,BV-BRC,,,,,BV-BRC,BV-BRC
ERR1034676,S,,,,,,,R,,R,,,,,S,,,,,R,R,BV-BRC,,,,,,,BV-BRC,,BV-BRC,,,,,BV-BRC,,,,,BV-BRC,BV-BRC
ERR1034678,S,,,,,,,S,,R,,,,,R,,,,,R,R,BV-BRC,,,,,,,BV-BRC,,BV-BRC,,,,,BV-BRC,,,,,BV-BRC,BV-BRC
ERR1034680,S,,,,,,,R,,R,,,,,S,,,,,R,R,BV-BRC,,,,,,,BV-BRC,,BV-BRC,,,,,BV-BRC,,,,,BV-BRC,BV-BRC
ERR1034683,R,,,,,,,S,,R,,,,,S,,,,,R,R,BV-BRC,,,,,,,BV-BRC,,BV-BRC,,,,,BV-BRC,,,,,BV-BRC,BV-BRC
ERR1034684,S,,,,,,,S,,R,,,,,S,,,,,R,R,BV-BRC,,,,,,,BV-BRC,,BV-BRC,,,,,BV-BRC,,,,,BV-BRC,BV-BRC
ERR1034685,,,,,,,,R,,R,,,,,,,,,,R,,,,,,,,,BV-BRC,,BV-BRC,,,,,,,,,,BV-BRC,
ERR1034716,,,,,,,,,,R,,,,,,,,S,,R,,,,,,,,,,,BV-BRC,,,,,,,,BV-BRC,,BV-BRC,
ERR1034717,,,,,,,,,,R,,,,,,,,R,,R,,,,,,,,,,,BV-BRC,,,,,,,,BV-BRC,,BV-BRC,
ERR1034718,,,,,,,,,,S,,,,,,,,R,,S,,,,,,,,,,,BV-BRC,,,,,,,,BV-BRC,,BV-BRC,
ERR1034721,,,,,,,,,,S,,,,,,,,R,,S,,,,,,,,,,,BV-BRC,,,,,,,,BV-BRC,,BV-BRC,
ERR1034723,,,S,S,,,,S,,R,,,,,,,,R,,S,S,,,BV-BRC,BV-BRC,,,,BV-BRC,,BV-BRC,,,,,,,,BV-BRC,,BV-BRC,BV-BRC
ERR1034724,,,S,S,,,,S,,R,,,,,,,,,,R,S,,,BV-BRC,BV-BRC,,,,BV-BRC,,BV-BRC,,,,,,,,,,BV-BRC,BV-BRC
ERR1034725,,,S,S,,,,R,,R,,,,,,,,R,,R,S,,,BV-BRC,BV-BRC,,,,BV-BRC,,BV-BRC,,,,,,,,BV-BRC,,BV-BRC,BV-BRC
ERR1034726,,,S,S,,,,R,,R,,,,,,,,,,S,S,,,BV-BRC,BV-BRC,,,,BV-BRC,,BV-BRC,,,,,,,,,,BV-BRC,BV-BRC
ERR1034728,,,S,S,,,,S,,S,,,,,,,,,,R,S,,,BV-BRC,BV-BRC,,,,BV-BRC,,BV-BRC,,,,,,,,,,BV-BRC,BV-BRC
ERR1034729,,,S,S,,,,S,,R,,,,,,,,,,S,R,,,BV-BRC,BV-BRC,,,,BV-BRC,,BV-BRC,,,,,,,,,,BV-BRC,BV-BRC
ERR1034730,,,S,S,,,,S,,R,,,,,,,,,,S,S,,,BV-BRC,BV-BRC,,,,BV-BRC,,BV-BRC,,,,,,,,,,BV-BRC,BV-BRC
ERR1034731,,,S,S,,,,S,,R,,,,,,,,,,S,R,,,BV-BRC,BV-BRC,,,,BV-BRC,,BV-BRC,,,,,,,,,,BV-BRC,BV-BRC
ERR1034733,,,S,S,,,,R,,R,,,,,,,,,,R,S,,,BV-BRC,BV-BRC,,,,BV-BRC,,BV-BRC,,,,,,,,,,BV-BRC,BV-BRC
ERR1034734,,,S,S,,,,R,,R,,,,,,,,R,,R,S,,,BV-BRC,BV-BRC,,,,BV-BRC,,BV-BRC,,,,,,,,BV-BRC,,BV-BRC,BV-BRC
ERR1034735,,,S,S,,,,R,,R,,,,,,,,,,R,R,,,BV-BRC,BV-BRC,,,,BV-BRC,,BV-BRC,,,,,,,,,,BV-BRC,BV-BRC
ERR1034736,,,S,S,,,,R,,S,,,,,,,,,,S,S,,,BV-BRC,BV-BRC,,,,BV-BRC,,BV-BRC,,,,,,,,,,BV-BRC,BV-BRC
ERR1034737,,,S,S,,,,R,,R,,,,,,,,R,,R,S,,,BV-BRC,BV-BRC,,,,BV-BRC,,BV-BRC,,,,,,,,BV-BRC,,BV-BRC,BV-BRC
ERR1034738,,,S,S,,,,R,,R,,,,,,,,,,R,R,,,BV-BRC,BV-BRC,,,,BV-BRC,,BV-BRC,,,,,,,,,,BV-BRC,BV-BRC
ERR1034739,,,S,S,,,,R,,R,,,,,,,,,,S,S,,,BV-BRC,BV-BRC,,,,BV-BRC,,BV-BRC,,,,,,,,,,BV-BRC,BV-BRC
ERR1034740,,,S,S,,,,R,,S,,,,,,,,,,R,S,,,BV-BRC,BV-BRC,,,,BV-BRC,,BV-BRC,,,,,,,,,,BV-BRC,BV-BRC
ERR1034744,,,S,S,,,,R,,S,,,,,,,,,,S,S,,,BV-BRC,BV-BRC,,,,BV-BRC,,BV-BRC,,,,,,,,,,BV-BRC,BV-BRC
ERR1034747,,,S,S,,,,S,,R,,,,,,,,,,S,S,,,BV-BRC,BV-BRC,,,,BV-BRC,,BV-BRC,,,,,,,,,,BV-BRC,BV-BRC
ERR1034748,,,S,S,,,,R,,R,,,,,,,,R,,S,S,,,BV-BRC,BV-BRC,,,,BV-BRC,,BV-BRC,,,,,,,,BV-BRC,,BV-BRC,BV-BRC
ERR1034749,,,S,S,,,,S,,R,,,,,,,,,,S,S,,,BV-BRC,BV-BRC,,,,BV-BRC,,BV-BRC,,,,,,,,,,BV-BRC,BV-BRC
ERR1034750,,,S,S,,,,S,,R,,,,,,,,R,,R,S,,,BV-BRC,BV-BRC,,,,BV-BRC,,BV-BRC,,,,,,,,BV-BRC,,BV-BRC,BV-BRC
ERR1034751,,,S,S,,,,S,,R,,,,,,,,,,S,R,,,BV-BRC,BV-BRC,,,,BV-BRC,,BV-BRC,,,,,,,,,,BV-BRC,BV-BRC
ERR1034752,,,S,S,,,,S,,R,,,,,,,,,,S,S,,,BV-BRC,BV-BRC,,,,BV-BRC,,BV-BRC,,,,,,,,,,BV-BRC,BV-BRC
ERR1034753,,,S,S,,,,S,,R,,,,,,,,,,S,S,,,BV-BRC,BV-BRC,,,,BV-BRC,,BV-BRC,,,,,,,,,,BV-BRC,BV-BRC
ERR1034754,,,S,S,,,,S,,R,,,,,,,,R,,R,R,,,BV-BRC,BV-BRC,,,,BV-BRC,,BV-BRC,,,,,,,,BV-BRC,,BV-BRC,BV-BRC
ERR1034755,,,S,S,,,,S,,R,,,,,,,,,,R,S,,,BV-BRC,BV-BRC,,,,BV-BRC,,BV-BRC,,,,,,,,,,BV-BRC,BV-BRC
ERR1034756,,,S,S,,,,R,,R,,,,,,,,,,S,S,,,BV-BRC,BV-BRC,,,,BV-BRC,,BV-BRC,,,,,,,,,,BV-BRC,BV-BRC
ERR1034758,,,S,S,,,,S,,R,,,,,,,,,,S,S,,,BV-BRC,BV-BRC,,,,BV-BRC,,BV-BRC,,,,,,,,,,BV-BRC,BV-BRC
ERR1034759,,,S,S,,,,S,,R,,,,,,,,,,S,S,,,BV-BRC,BV-BRC,,,,BV-BRC,,BV-BRC,,,,,,,,,,BV-BRC,BV-BRC
ERR1034764,,,S,S,,,,R,,R,,,,,,,,R,,R,R,,,BV-BRC,BV-BRC,,,,BV-BRC,,BV-BRC,,,,,,,,BV-BRC,,BV-BRC,BV-BRC
ERR1034766,,,,,,,,,,S,,,,,,,,,,S,,,,,,,,,,,BV-BRC,,,,,,,,,,BV-BRC,
ERR1034774,,,,,,,,,,R,,,,,,,,,,S,,,,,,,,,,,BV-BRC,,,,,,,,,,BV-BRC,
ERR1034783,,,S,R,,S,,S,S,R,R,,,,,S,,R,,R,S,,,BV-BRC,BV-BRC,,BV-BRC,,BV-BRC,BV-BRC,BV-BRC,BV-BRC,,,,,BV-BRC,,BV-BRC,,BV-BRC,BV-BRC
ERR1034784,,,R,S,,S,,R,S,R,R,,,,,S,,R,,R,R,,,BV-BRC,BV-BRC,,BV-BRC,,BV-BRC,BV-BRC,BV-BRC,BV-BRC,,,,,BV-BRC,,BV-BRC,,BV-BRC,BV-BRC
ERR1034785,,,R,S,,S,,R,R,R,R,,,,,S,,R,,R,R,,,BV-BRC,BV-BRC,,BV-BRC,,BV-BRC,BV-BRC,BV-BRC,BV-BRC,,,,,BV-BRC,,BV-BRC,,BV-BRC,BV-BRC
ERR1034786,,,S,R,,S,,S,S,R,S,,,,,S,,R,,R,R,,,BV-BRC,BV-BRC,,BV-BRC,,BV-BRC,BV-BRC,BV-BRC,BV-BRC,,,,,BV-BRC,,BV-BRC,,BV-BRC,BV-BRC
ERR1034787,,,S,R,,S,,S,R,R,R,,,,,S,,R,,R,R,,,BV-BRC,BV-BRC,,BV-BRC,,BV-BRC,BV-BRC,BV-BRC,BV-BRC,,,,,BV-BRC,,BV-BRC,,BV-BRC,BV-BRC
ERR1034788,,,S,S,,S,,S,S,R,S,,,,,R,,R,,R,R,,,BV-BRC,BV-BRC,,BV-BRC,,BV-BRC,BV-BRC,BV-BRC,BV-BRC,,,,,BV-BRC,,BV-BRC,,BV-BRC,BV-BRC
ERR1034789,,,R,R,,S,,R,R,R,R,,,,,S,,R,,R,R,,,BV-BRC,BV-BRC,,BV-BRC,,BV-BRC,BV-BRC,BV-BRC,BV-BRC,,,,,BV-BRC,,BV-BRC,,BV-BRC,BV-BRC
ERR1034790,,,S,,,,,S,,R,,,,,,,,,,S,S,,,BV-BRC,,,,,BV-BRC,,BV-BRC,,,,,,,,,,BV-BRC,BV-BRC
ERR1034792,,,S,S,,,,R,,S,,,,,,,,S,,S,R,,,BV-BRC,BV-BRC,,,,BV-BRC,,BV-BRC,,,,,,,,BV-BRC,,BV-BRC,BV-BRC
ERR1034794,,,S,S,,,,S,,R,,,,,,,,,,S,S,,,BV-BRC,BV-BRC,,,,BV-BRC,,BV-BRC,,,,,,,,,,BV-BRC,BV-BRC
ERR1034795,,,S,S,,,,S,,S,,,,,,,,,,R,S,,,BV-BRC,BV-BRC,,,,BV-BRC,,BV-BRC,,,,,,,,,,BV-BRC,BV-BRC
ERR1034796,,,S,S,,,,R,,S,,,,,,,,,,R,S,,,BV-BRC,BV-BRC,,,,BV-BRC,,BV-BRC,,,,,,,,,,BV-BRC,BV-BRC
ERR1034797,,,S,S,,,,S,,S,,,,,,,,,,R,S,,,BV-BRC,BV-BRC,,,,BV-BRC,,BV-BRC,,,,,,,,,,BV-BRC,BV-BRC
ERR1034798,,,S,S,,,,R,,R,,,,,,,,R,,R,S,,,BV-BRC,BV-BRC,,,,BV-BRC,,BV-BRC,,,,,,,,BV-BRC,,BV-BRC,BV-BRC
ERR1034799,,,S,S,,,,S,,R,,,,,,,,,,S,S,,,BV-BRC,BV-BRC,,,,BV-BRC,,BV-BRC,,,,,,,,,,BV-BRC,BV-BRC
ERR1034802,,,,,,,,,,R,,,,,,,,R,,S,,,,,,,,,,,BV-BRC,,,,,,,,BV-BRC,,BV-BRC,
ERR1034811,S,,S,,,S,,R,S,R,S,,,,S,S,,R,,R,R,BV-BRC,,BV-BRC,,,BV-BRC,,BV-BRC,BV-BRC,BV-BRC,BV-BRC,,,,BV-BRC,BV-BRC,,BV-BRC,,BV-BRC,BV-BRC
ERR1034812,S,,S,,,S,,,S,,S,,,,S,S,,,,,,BV-BRC,,BV-BRC,,,BV-BRC,,,BV-BRC,,BV-BRC,,,,BV-BRC,BV-BRC,,,,,
ERR1034814,,,,,,,,R,,R,,,,,,,,R,,R,R,,,,,,,,BV-BRC,,BV-BRC,,,,,,,,BV-BRC,,BV-BRC,BV-BRC
ERR1034815,,,,,,,,R,,R,,,,,,,,R,,R,S,,,,,,,,BV-BRC,,BV-BRC,,,,,,,,BV-BRC,,BV-BRC,BV-BRC
ERR1034819,,,,,,,,S,,R,,,,,,,,S,,R,R,,,,,,,,BV-BRC,,BV-BRC,,,,,,,,BV-BRC,,BV-BRC,BV-BRC
ERR1034821,R,,R,,,,,R,R,R,,,,,R,,,R,,R,S,BV-BRC,,BV-BRC,,,,,BV-BRC,BV-BRC,BV-BRC,,,,,BV-BRC,,,BV-BRC,,BV-BRC,BV-BRC
ERR1034824,S,,S,,,,,,S,,,,,,S,,,,,,,BV-BRC,,BV-BRC,,,,,,BV-BRC,,,,,,BV-BRC,,,,,,
ERR1034826,S,,S,,,,,R,R,R,,,,,S,,,R,,R,R,BV-BRC,,BV-BRC,,,,,BV-BRC,BV-BRC,BV-BRC,,,,,BV-BRC,,,BV-BRC,,BV-BRC,BV-BRC
ERR1034830,S,,S,,,,,R,R,R,,,,,S,,,S,,S,R,BV-BRC,,BV-BRC,,,,,BV-BRC,BV-BRC,BV-BRC,,,,,BV-BRC,,,BV-BRC,,BV-BRC,BV-BRC
ERR1034832,S,,S,,,,,R,S,R,,,,,S,,,R,,R,R,BV-BRC,,BV-BRC,,,,,BV-BRC,BV-BRC,BV-BRC,,,,,BV-BRC,,,BV-BRC,,BV-BRC,BV-BRC
ERR1034836,S,,S,,,S,,,R,,S,,,,S,S,,,,,,BV-BRC,,BV-BRC,,,BV-BRC,,,BV-BRC,,BV-BRC,,,,BV-BRC,BV-BRC,,,,,
ERR1034838,S,,S,,,,,S,R,R,,,,,S,,,S,,R,R,BV-BRC,,BV-BRC,,,,,BV-BRC,BV-BRC,BV-BRC,,,,,BV-BRC,,,BV-BRC,,BV-BRC,BV-BRC
ERR1034839,,,,,,,,S,,R,R,,,,,,,R,,R,R,,,,,,,,BV-BRC,,BV-BRC,BV-BRC,,,,,,,BV-BRC,,BV-BRC,BV-BRC
ERR1034841,S,,S,,,,,S,R,R,S,,,,S,,,S,,R,R,BV-BRC,,BV-BRC,,,,,BV-BRC,BV-BRC,BV-BRC,BV-BRC,,,,BV-BRC,,,BV-BRC,,BV-BRC,BV-BRC
ERR1034842,S,,S,,,,,R,S,R,,,,,S,,,R,,R,R,BV-BRC,,BV-BRC,,,,,BV-BRC,BV-BRC,BV-BRC,,,,,BV-BRC,,,BV-BRC,,BV-BRC,BV-BRC
ERR1034845,S,,S,,,S,,S,R,R,S,,,,S,S,,R,,R,R,BV-BRC,,BV-BRC,,,BV-BRC,,BV-BRC,BV-BRC,BV-BRC,BV-BRC,,,,BV-BRC,BV-BRC,,BV-BRC,,BV-BRC,BV-BRC
ERR1034848,S,,S,,,S,,S,S,R,S,,,,S,S,,S,,R,R,BV-BRC,,BV-BRC,,,BV-BRC,,BV-BRC,BV-BRC,BV-BRC,BV-BRC,,,,BV-BRC,BV-BRC,,BV-BRC,,BV-BRC,BV-BRC
ERR1034849,S,,S,,,S,,,S,,S,,,,S,S,,,,,,BV-BRC,,BV-BRC,,,BV-BRC,,,BV-BRC,,BV-BRC,,,,BV-BRC,BV-BRC,,,,,
ERR1034851,S,,S,,,S,,S,R,R,S,,,,S,S,,,,S,R,BV-BRC,,BV-BRC,,,BV-BRC,,BV-BRC,BV-BRC,BV-BRC,BV-BRC,,,,BV-BRC,BV-BRC,,,,BV-BRC,BV-BRC
ERR1034852,S,,R,,,R,,R,R,R,R,,,,R,R,,R,,R,R,BV-BRC,,BV-BRC,,,BV-BRC,,BV-BRC,BV-BRC,BV-BRC,BV-BRC,,,,BV-BRC,BV-BRC,,BV-BRC,,BV-BRC,BV-BRC
ERR1034856,S,,S,,,S,,S,R,R,S,,,,S,S,,S,,R,S,BV-BRC,,BV-BRC,,,BV-BRC,,BV-BRC,BV-BRC,BV-BRC,BV-BRC,,,,BV-BRC,BV-BRC,,BV-BRC,,BV-BRC,BV-BRC
ERR1034857,S,,S,,,S,,,R,,S,,,,S,S,,R,,,,BV-BRC,,BV-BRC,,,BV-BRC,,,BV-BRC,,BV-BRC,,,,BV-BRC,BV-BRC,,BV-BRC,,,
ERR1034858,S,,S,,,S,,,R,R,S,,,,S,S,,,,R,R,BV-BRC,,BV-BRC,,,BV-BRC,,,BV-BRC,BV-BRC,BV-BRC,,,,BV-BRC,BV-BRC,,,,BV-BRC,BV-BRC
ERR1034859,S,,S,,,R,,,R,R,R,,,,R,R,,,,R,R,BV-BRC,,BV-BRC,,,BV-BRC,,,BV-BRC,BV-BRC,BV-BRC,,,,BV-BRC,BV-BRC,,,,BV-BRC,BV-BRC
ERR1034861,R,,S,,,R,,,S,R,R,,,,R,S,,R,,R,R,BV-BRC,,BV-BRC,,,BV-BRC,,,BV-BRC,BV-BRC,BV-BRC,,,,BV-BRC,BV-BRC,,BV-BRC,,BV-BRC,BV-BRC
ERR1034862,S,,S,,,S,,S,R,R,S,,,,S,S,,,,R,R,BV-BRC,,BV-BRC,,,BV-BRC,,BV-BRC,BV-BRC,BV-BRC,BV-BRC,,,,BV-BRC,BV-BRC,,,,BV-BRC,BV-BRC
ERR1034864,S,,S,,,S,,S,S,R,S,,,,S,S,,S,,S,R,BV-BRC,,BV-BRC,,,BV-BRC,,BV-BRC,BV-BRC,BV-BRC,BV-BRC,,,,BV-BRC,BV-BRC,,BV-BRC,,BV-BRC,BV-BRC
ERR1034865,S,,S,,,S,,S,S,R,S,,,,S,S,,S,,R,R,BV-BRC,,BV-BRC,,,BV-BRC,,BV-BRC,BV-BRC,BV-BRC,BV-BRC,,,,BV-BRC,BV-BRC,,BV-BRC,,BV-BRC,BV-BRC
ERR1034866,S,,S,,,S,,S,R,R,S,,,,S,S,,R,,R,R,BV-BRC,,BV-BRC,,,BV-BRC,,BV-BRC,BV-BRC,BV-BRC,BV-BRC,,,,BV-BRC,BV-BRC,,BV-BRC,,BV-BRC,BV-BRC
ERR1034867,S,,S,,,R,,S,R,R,R,,,,R,S,,,,R,R,BV-BRC,,BV-BRC,,,BV-BRC,,BV-BRC,BV-BRC,BV-BRC,BV-BRC,,,,BV-BRC,BV-BRC,,,,BV-BRC,BV-BRC
ERR1034868,S,,R,,,S,,R,R,R,R,,,,R,S,,R,,R,R,BV-BRC,,BV-BRC,,,BV-BRC,,BV-BRC,BV-BRC,BV-BRC,BV-BRC,,,,BV-BRC,BV-BRC,,BV-BRC,,BV-BRC,BV-BRC
ERR1034869,,,,,,S,,S,R,R,,,,,,S,,S,,R,R,,,,,,BV-BRC,,BV-BRC,BV-BRC,BV-BRC,,,,,,BV-BRC,,BV-BRC,,BV-BRC,BV-BRC
ERR1034871,S,,R,,,R,,R,R,R,R,,,,R,,,R,,R,R,BV-BRC,,BV-BRC,,,BV-BRC,,BV-BRC,BV-BRC,BV-BRC,BV-BRC,,,,BV-BRC,,,BV-BRC,,BV-BRC,BV-BRC
ERR1034874,R,,R,,,S,,S,R,R,R,,,,S,S,,R,,R,R,BV-BRC,,BV-BRC,,,BV-BRC,,BV-BRC,BV-BRC,BV-BRC,BV-BRC,,,,BV-BRC,BV-BRC,,BV-BRC,,BV-BRC,BV-BRC
ERR1034875,S,,S,,,S,,S,S,S,S,,,,S,S,,S,,R,S,BV-BRC,,BV-BRC,,,BV-BRC,,BV-BRC,BV-BRC,BV-BRC,BV-BRC,,,,BV-BRC,BV-BRC,,BV-BRC,,BV-BRC,BV-BRC
ERR1034876,S,,S,,,S,,S,R,R,S,,,,S,S,,R,,R,R,BV-BRC,,BV-BRC,,,BV-BRC,,BV-BRC,BV-BRC,BV-BRC,BV-BRC,,,,BV-BRC,BV-BRC,,BV-BRC,,BV-BRC,BV-BRC
ERR1034879,R,,R,,,S,,,R,,S,,,,S,R,,,,,,BV-BRC,,BV-BRC,,,BV-BRC,,,BV-BRC,,BV-BRC,,,,BV-BRC,BV-BRC,,,,,
ERR1034880,S,,S,,,S,,S,S,R,S,,,,S,S,,R,,R,R,BV-BRC,,BV-BRC,,,BV-BRC,,BV-BRC,BV-BRC,BV-BRC,BV-BRC,,,,BV-BRC,BV-BRC,,BV-BRC,,BV-BRC,BV-BRC
ERR1034882,S,,S,,,,,S,R,R,,,,,S,,,R,,R,R,BV-BRC,,BV-BRC,,,,,BV-BRC,BV-BRC,BV-BRC,,,,,BV-BRC,,,BV-BRC,,BV-BRC,BV-BRC
ERR1034883,S,,S,,,S,,S,R,R,S,,,,S,S,,R,,R,R,BV-BRC,,BV-BRC,,,BV-BRC,,BV-BRC,BV-BRC,BV-BRC,BV-BRC,,,,BV-BRC,BV-BRC,,BV-BRC,,BV-BRC,BV-BRC
ERR1034887,S,,S,,,S,,R,S,R,S,,,,S,S,,R,,R,R,BV-BRC,,BV-BRC,,,BV-BRC,,BV-BRC,BV-BRC,BV-BRC,BV-BRC,,,,BV-BRC,BV-BRC,,BV-BRC,,BV-BRC,BV-BRC
ERR1034890,S,,S,,,S,,S,R,R,S,,,,S,S,,S,,R,R,BV-BRC,,BV-BRC,,,BV-BRC,,BV-BRC,BV-BRC,BV-BRC,BV-BRC,,,,BV-BRC,BV-BRC,,BV-BRC,,BV-BRC,BV-BRC
ERR1034891,S,,S,,,,,S,R,R,,,,,S,,,S,,S,R,BV-BRC,,BV-BRC,,,,,BV-BRC,BV-BRC,BV-BRC,,,,,BV-BRC,,,BV-BRC,,BV-BRC,BV-BRC
ERR1034892,S,,S,,,S,,S,R,R,S,,,,S,S,,S,,R,R,BV-BRC,,BV-BRC,,,BV-BRC,,BV-BRC,BV-BRC,BV-BRC,BV-BRC,,,,BV-BRC,BV-BRC,,BV-BRC,,BV-BRC,BV-BRC
ERR1034896,S,,S,,,S,,S,R,R,S,,,,R,S,,S,,R,R,BV-BRC,,BV-BRC,,,BV-BRC,,BV-BRC,BV-BRC,BV-BRC,BV-BRC,,,,BV-BRC,BV-BRC,,BV-BRC,,BV-BRC,BV-BRC
ERR1034897,S,,S,,,S,,,S,R,S,,,,S,S,,,,R,,BV-BRC,,BV-BRC,,,BV-BRC,,,BV-BRC,BV-BRC,BV-BRC,,,,BV-BRC,BV-BRC,,,,BV-BRC,
ERR1034898,S,,S,,,,,S,R,R,S,,,,S,,,S,,R,R,BV-BRC,,BV-BRC,,,,,BV-BRC,BV-BRC,BV-BRC,BV-BRC,,,,BV-BRC,,,BV-BRC,,BV-BRC,BV-BRC
ERR1034899,S,,S,,,S,,S,S,R,S,,,,S,S,,S,,R,R,BV-BRC,,BV-BRC,,,BV-BRC,,BV-BRC,BV-BRC,BV-BRC,BV-BRC,,,,BV-BRC,BV-BRC,,BV-BRC,,BV-BRC,BV-BRC
ERR1034903,S,,S,,,R,,R,R,R,R,,,,R,S,,R,,R,R,BV-BRC,,BV-BRC,,,BV-BRC,,BV-BRC,BV-BRC,BV-BRC,BV-BRC,,,,BV-BRC,BV-BRC,,BV-BRC,,BV-BRC,BV-BRC
ERR1034905,S,,S,,,R,,S,R,R,R,,,,R,S,,R,,R,R,BV-BRC,,BV-BRC,,,BV-BRC,,BV-BRC,BV-BRC,BV-BRC,BV-BRC,,,,BV-BRC,BV-BRC,,BV-BRC,,BV-BRC,BV-BRC
ERR1034908,S,,R,,,R,,R,R,R,R,,,,R,S,,R,,R,R,BV-BRC,,BV-BRC,,,BV-BRC,,BV-BRC,BV-BRC,BV-BRC,BV-BRC,,,,BV-BRC,BV-BRC,,BV-BRC,,BV-BRC,BV-BRC
ERR1034909,R,,R,,,S,,,R,,R,,,,R,S,,,,,,BV-BRC,,BV-BRC,,,BV-BRC,,,BV-BRC,,BV-BRC,,,,BV-BRC,BV-BRC,,,,,
ERR1034912,,,,,,,,S,,R,,,,,,,,,,R,,,,,,,,,BV-BRC,,BV-BRC,,,,,,,,,,BV-BRC,
ERR1034913,,,,,,,,R,,R,,,,,,,,,,R,,,,,,,,,BV-BRC,,BV-BRC,,,,,,,,,,BV-BRC,
ERR1034914,,,,,,,,S,,R,,,,,,,,,,S,,,,,,,,,BV-BRC,,BV-BRC,,,,,,,,,,BV-BRC,
ERR1034915,,,,,,,,S,S,R,S,,,,S,,,,,S,R,,,,,,,,BV-BRC,BV-BRC,BV-BRC,BV-BRC,,,,BV-BRC,,,,,BV-BRC,BV-BRC
ERR1034916,,,,,,,,S,,R,,,,,,,,,,S,,,,,,,,,BV-BRC,,BV-BRC,,,,,,,,,,BV-BRC,
ERR1034917,,,,,,,,S,,R,,,,,,,,,,S,,,,,,,,,BV-BRC,,BV-BRC,,,,,,,,,,BV-BRC,
ERR1034918,,,,,,,,S,,R,,,,,,,,,,R,,,,,,,,,BV-BRC,,BV-BRC,,,,,,,,,,BV-BRC,
ERR1034919,,,,,,,,S,,R,,,,,,,,,,R,,,,,,,,,BV-BRC,,BV-BRC,,,,,,,,,,BV-BRC,
ERR1034920,,,,,,,,R,,R,,,,,,,,,,R,,,,,,,,,BV-BRC,,BV-BRC,,,,,,,,,,BV-BRC,
ERR1034921,,,,,,,,S,S,S,,,,,,,,,,R,S,,,,,,,,BV-BRC,BV-BRC,BV-BRC,,,,,,,,,,BV-BRC,BV-BRC
ERR1034922,,,,,,,,S,S,R,,,,,,,,,,S,S,,,,,,,,BV-BRC,BV-BRC,BV-BRC,,,,,,,,,,BV-BRC,BV-BRC
ERR1034923,,,,,,,,S,,S,,,,,,,,,,R,,,,,,,,,BV-BRC,,BV-BRC,,,,,,,,,,BV-BRC,
ERR1034924,,,,,,,,S,,R,,,,,,,,,,S,,,,,,,,,BV-BRC,,BV-BRC,,,,,,,,,,BV-BRC,
ERR1034926,,,,,,,,S,,R,,,,,,,,,,S,,,,,,,,,BV-BRC,,BV-BRC,,,,,,,,,,BV-BRC,
ERR1034927,S,,,,,,,S,S,R,,,,,S,,,,,S,,BV-BRC,,,,,,,BV-BRC,BV-BRC,BV-BRC,,,,,BV-BRC,,,,,BV-BRC,
ERR1034928,,,,,,,,S,,R,,,,,,,,,,S,,,,,,,,,BV-BRC,,BV-BRC,,,,,,,,,,BV-BRC,
ERR1034929,S,,,,,,,S,S,R,,,,,S,,,,,S,,BV-BRC,,,,,,,BV-BRC,BV-BRC,BV-BRC,,,,,BV-BRC,,,,,BV-BRC,
ERR1034930,,,,,,,,S,,R,,,,,,,,,,S,,,,,,,,,BV-BRC,,BV-BRC,,,,,,,,,,BV-BRC,
ERR1034931,,,,,,,,S,,R,,,,,,,,,,S,,,,,,,,,BV-BRC,,BV-BRC,,,,,,,,,,BV-BRC,
ERR1034932,,,,,,,,S,R,R,,,,,,,,,,S,,,,,,,,,BV-BRC,BV-BRC,BV-BRC,,,,,,,,,,BV-BRC,
ERR1034935,S,,,,,,,S,S,R,,,,,S,,,,,R,,BV-BRC,,,,,,,BV-BRC,BV-BRC,BV-BRC,,,,,BV-BRC,,,,,BV-BRC,
ERR1034936,,,,,,,,S,,R,,,,,,,,,,S,,,,,,,,,BV-BRC,,BV-BRC,,,,,,,,,,BV-BRC,
ERR1034937,,,,,,,,S,S,R,,,,,,,,,,S,S,,,,,,,,BV-BRC,BV-BRC,BV-BRC,,,,,,,,,,BV-BRC,BV-BRC
ERR1034938,S,,,,,,,S,S,R,,,,,S,,,,,R,,BV-BRC,,,,,,,BV-BRC,BV-BRC,BV-BRC,,,,,BV-BRC,,,,,BV-BRC,
ERR1034939,S,,,,,,,R,R,R,,,,,S,,,,,R,,BV-BRC,,,,,,,BV-BRC,BV-BRC,BV-BRC,,,,,BV-BRC,,,,,BV-BRC,
ERR1034940,S,,,,,,,S,S,R,,,,,S,,,,,S,,BV-BRC,,,,,,,BV-BRC,BV-BRC,BV-BRC,,,,,BV-BRC,,,,,BV-BRC,
ERR1034941,S,,,,,,,S,S,R,,,,,S,,,,,R,,BV-BRC,,,,,,,BV-BRC,BV-BRC,BV-BRC,,,,,BV-BRC,,,,,BV-BRC,
ERR1034942,,,,,,,,S,S,R,S,,,,S,,,,,R,S,,,,,,,,BV-BRC,BV-BRC,BV-BRC,BV-BRC,,,,BV-BRC,,,,,BV-BRC,BV-BRC
ERR1034943,S,,,,,,,S,S,R,,,,,R,,,,,R,,BV-BRC,,,,,,,BV-BRC,BV-BRC,BV-BRC,,,,,BV-BRC,,,,,BV-BRC,
ERR1034944,,,,,,,,S,,R,,,,,,,,,,S,,,,,,,,,BV-BRC,,BV-BRC,,,,,,,,,,BV-BRC,
ERR1034947,R,,,,,,,S,S,R,,,,,R,,,,,R,,BV-BRC,,,,,,,BV-BRC,BV-BRC,BV-BRC,,,,,BV-BRC,,,,,BV-BRC,
ERR1034948,,,,,,,,S,,R,,,,,,,,,,S,,,,,,,,,BV-BRC,,BV-BRC,,,,,,,,,,BV-BRC,
ERR1034949,S,,,,,,,S,S,R,,,,,S,,,,,R,,BV-BRC,,,,,,,BV-BRC,BV-BRC,BV-BRC,,,,,BV-BRC,,,,,BV-BRC,
ERR1034952,,,,,,,,S,,R,,,,,,,,,,S,,,,,,,,,BV-BRC,,BV-BRC,,,,,,,,,,BV-BRC,
ERR1034953,S,,,,,,,S,S,R,,,,,S,,,,,R,,BV-BRC,,,,,,,BV-BRC,BV-BRC,BV-BRC,,,,,BV-BRC,,,,,BV-BRC,
ERR1034954,,,,,,,,S,,S,,,,,,,,,,R,,,,,,,,,BV-BRC,,BV-BRC,,,,,,,,,,BV-BRC,
ERR1034955,S,,,,,,,S,S,R,,,,,R,,,,,R,,BV-BRC,,,,,,,BV-BRC,BV-BRC,BV-BRC,,,,,BV-BRC,,,,,BV-BRC,
ERR1034956,S,,,,,,,S,S,R,,,,,S,,,,,R,,BV-BRC,,,,,,,BV-BRC,BV-BRC,BV-BRC,,,,,BV-BRC,,,,,BV-BRC,
ERR1034957,S,,,,,,,S,S,R,,,,,S,,,,,S,,BV-BRC,,,,,,,BV-BRC,BV-BRC,BV-BRC,,,,,BV-BRC,,,,,BV-BRC,
ERR1034958,S,,,,,,,S,S,R,,,,,S,,,,,R,,BV-BRC,,,,,,,BV-BRC,BV-BRC,BV-BRC,,,,,BV-BRC,,,,,BV-BRC,
ERR1034960,,,,,,,,S,S,R,S,,,,S,,,R,,R,R,,,,,,,,BV-BRC,BV-BRC,BV-BRC,BV-BRC,,,,BV-BRC,,,BV-BRC,,BV-BRC,BV-BRC
ERR1034961,,,,,,,,S,S,R,,,,,,,,,,S,S,,,,,,,,BV-BRC,BV-BRC,BV-BRC,,,,,,,,,,BV-BRC,BV-BRC
ERR1034962,S,,,,,,,S,S,S,,,,,S,,,,,R,,BV-BRC,,,,,,,BV-BRC,BV-BRC,BV-BRC,,,,,BV-BRC,,,,,BV-BRC,
ERR1034964,,,,,,,,,,R,,,,,,,,,,S,,,,,,,,,,,BV-BRC,,,,,,,,,,BV-BRC,
ERR1034966,,,,,,,,S,S,R,,,,,,,,,,S,S,,,,,,,,BV-BRC,BV-BRC,BV-BRC,,,,,,,,,,BV-BRC,BV-BRC
ERR1034967,S,,,,,,,S,S,R,,,,,S,,,,,S,,BV-BRC,,,,,,,BV-BRC,BV-BRC,BV-BRC,,,,,BV-BRC,,,,,BV-BRC,
ERR1034968,S,,,,,,,S,S,R,,,,,S,,,,,R,,BV-BRC,,,,,,,BV-BRC,BV-BRC,BV-BRC,,,,,BV-BRC,,,,,BV-BRC,
ERR1034969,S,,,,,,,S,S,R,,,,,S,,,,,R,,BV-BRC,,,,,,,BV-BRC,BV-BRC,BV-BRC,,,,,BV-BRC,,,,,BV-BRC,
ERR1034970,S,,,,,,,S,S,R,,,,,S,,,,,S,,BV-BRC,,,,,,,BV-BRC,BV-BRC,BV-BRC,,,,,BV-BRC,,,,,BV-BRC,
ERR1034971,,,,,,,,S,S,R,S,,,,S,,,S,,S,R,,,,,,,,BV-BRC,BV-BRC,BV-BRC,BV-BRC,,,,BV-BRC,,,BV-BRC,,BV-BRC,BV-BRC
ERR1034972,S,,,,,,,S,S,R,,,,,S,,,,,R,,BV-BRC,,,,,,,BV-BRC,BV-BRC,BV-BRC,,,,,BV-BRC,,,,,BV-BRC,
ERR1034973,,,,,,,,S,R,R,S,,,,S,,,,,S,R,,,,,,,,BV-BRC,BV-BRC,BV-BRC,BV-BRC,,,,BV-BRC,,,,,BV-BRC,BV-BRC
ERR1034974,,,,,,,,S,S,R,S,,,,S,,,,,R,S,,,,,,,,BV-BRC,BV-BRC,BV-BRC,BV-BRC,,,,BV-BRC,,,,,BV-BRC,BV-BRC
ERR1034975,,,,,,,,S,S,R,S,,,,S,,,,,S,R,,,,,,,,BV-BRC,BV-BRC,BV-BRC,BV-BRC,,,,BV-BRC,,,,,BV-BRC,BV-BRC
ERR1034976,,,,,,,,S,S,R,,,,,,,,,,S,S,,,,,,,,BV-BRC,BV-BRC,BV-BRC,,,,,,,,,,BV-BRC,BV-BRC
ERR1034977,S,,,,,,,S,S,R,,,,,S,,,,,S,,BV-BRC,,,,,,,BV-BRC,BV-BRC,BV-BRC,,,,,BV-BRC,,,,,BV-BRC,
ERR1034978,S,,,,,,,S,S,R,,,,,S,,,,,S,,BV-BRC,,,,,,,BV-BRC,BV-BRC,BV-BRC,,,,,BV-BRC,,,,,BV-BRC,
ERR1034979,S,,,,,,,S,S,R,,,,,S,,,,,S,,BV-BRC,,,,,,,BV-BRC,BV-BRC,BV-BRC,,,,,BV-BRC,,,,,BV-BRC,
ERR1034980,,,,,,,,S,S,R,,,,,,,,,,S,S,,,,,,,,BV-BRC,BV-BRC,BV-BRC,,,,,,,,,,BV-BRC,BV-BRC
ERR1034981,,,,,,,,S,,R,,,,,,,,,,R,,,,,,,,,BV-BRC,,BV-BRC,,,,,,,,,,BV-BRC,
ERR1034982,,,,,,,,S,,R,,,,,,,,,,R,,,,,,,,,BV-BRC,,BV-BRC,,,,,,,,,,BV-BRC,
ERR1034983,,,,,,,,S,,R,,,,,,,,,,R,,,,,,,,,BV-BRC,,BV-BRC,,,,,,,,,,BV-BRC,
ERR1034984,R,,,,,,,,S,R,,,,,R,,,,,R,,BV-BRC,,,,,,,,BV-BRC,BV-BRC,,,,,BV-BRC,,,,,BV-BRC,
ERR1034985,,,,,,,,S,,S,,,,,,,,,,R,,,,,,,,,BV-BRC,,BV-BRC,,,,,,,,,,BV-BRC,
ERR1034987,,,,,,,,S,,R,,,,,,,,,,R,,,,,,,,,BV-BRC,,BV-BRC,,,,,,,,,,BV-BRC,
ERR1034988,,,,,,,,S,,S,,,,,,,,,,R,,,,,,,,,BV-BRC,,BV-BRC,,,,,,,,,,BV-BRC,
ERR1034989,,,,,,,,S,,R,,,,,,,,,,S,,,,,,,,,BV-BRC,,BV-BRC,,,,,,,,,,BV-BRC,
ERR1034990,,,,,,,,S,,R,,,,,,,,,,R,,,,,,,,,BV-BRC,,BV-BRC,,,,,,,,,,BV-BRC,
ERR1034991,,,,,,,,S,,S,,,,,,,,,,R,,,,,,,,,BV-BRC,,BV-BRC,,,,,,,,,,BV-BRC,
ERR1034992,,,,,,,,S,S,R,,,,,,,,,,S,S,,,,,,,,BV-BRC,BV-BRC,BV-BRC,,,,,,,,,,BV-BRC,BV-BRC
ERR1034993,,,,,,,,S,S,R,S,,,,S,,,S,,R,S,,,,,,,,BV-BRC,BV-BRC,BV-BRC,BV-BRC,,,,BV-BRC,,,BV-BRC,,BV-BRC,BV-BRC
ERR1034994,,,,,,,,S,S,R,,,,,,,,,,S,S,,,,,,,,BV-BRC,BV-BRC,BV-BRC,,,,,,,,,,BV-BRC,BV-BRC
ERR1034995,,,,,,,,S,,R,,,,,,,,,,R,,,,,,,,,BV-BRC,,BV-BRC,,,,,,,,,,BV-BRC,
ERR1034996,,,,,,,,S,S,R,S,,,,R,,,R,,R,S,,,,,,,,BV-BRC,BV-BRC,BV-BRC,BV-BRC,,,,BV-BRC,,,BV-BRC,,BV-BRC,BV-BRC
ERR1034997,,,,,,,,S,,R,,,,,,,,,,R,,,,,,,,,BV-BRC,,BV-BRC,,,,,,,,,,BV-BRC,
ERR1034998,,,,,,,,S,S,R,,,,,,,,,,S,S,,,,,,,,BV-BRC,BV-BRC,BV-BRC,,,,,,,,,,BV-BRC,BV-BRC
ERR1034999,,,,,,,,S,R,R,R,,,,R,,,R,,R,S,,,,,,,,BV-BRC,BV-BRC,BV-BRC,BV-BRC,,,,BV-BRC,,,BV-BRC,,BV-BRC,BV-BRC
ERR1035000,,,,,,,,S,,R,,,,,,,,,,R,,,,,,,,,BV-BRC,,BV-BRC,,,,,,,,,,BV-BRC,
ERR1035001,,,,,,,,S,,R,,,,,,,,,,R,,,,,,,,,BV-BRC,,BV-BRC,,,,,,,,,,BV-BRC,
ERR1035002,,,,,,,,S,,R,,,,,,,,,,R,,,,,,,,,BV-BRC,,BV-BRC,,,,,,,,,,BV-BRC,
ERR1035004,,,,,,,,S,S,R,S,,,,S,,,S,,R,S,,,,,,,,BV-BRC,BV-BRC,BV-BRC,BV-BRC,,,,BV-BRC,,,BV-BRC,,BV-BRC,BV-BRC
ERR1035005,R,,,,,,,S,S,R,,,,,S,,,,,R,,BV-BRC,,,,,,,BV-BRC,BV-BRC,BV-BRC,,,,,BV-BRC,,,,,BV-BRC,
ERR1035006,S,,,,,,,S,S,R,,,,,S,,,,,R,,BV-BRC,,,,,,,BV-BRC,BV-BRC,BV-BRC,,,,,BV-BRC,,,,,BV-BRC,
ERR1035007,R,,,,,,,S,S,R,,,,,S,,,,,R,,BV-BRC,,,,,,,BV-BRC,BV-BRC,BV-BRC,,,,,BV-BRC,,,,,BV-BRC,
ERR1035008,,,,,,,,S,,S,,,,,,,,,,R,,,,,,,,,BV-BRC,,BV-BRC,,,,,,,,,,BV-BRC,
ERR1035009,,,,,,,,S,R,R,,,,,,,,,,R,,,,,,,,,BV-BRC,BV-BRC,BV-BRC,,,,,,,,,,BV-BRC,
ERR1035010,S,,,,,,,S,S,R,,,,,S,,,,,R,,BV-BRC,,,,,,,BV-BRC,BV-BRC,BV-BRC,,,,,BV-BRC,,,,,BV-BRC,
ERR1035011,S,,,,,,,S,S,R,,,,,S,,,,,R,,BV-BRC,,,,,,,BV-BRC,BV-BRC,BV-BRC,,,,,BV-BRC,,,,,BV-BRC,
ERR1035012,S,,,,,,,S,S,R,,,,,R,,,,,R,,BV-BRC,,,,,,,BV-BRC,BV-BRC,BV-BRC,,,,,BV-BRC,,,,,BV-BRC,
ERR1035013,R,,,,,,,S,S,R,,,,,R,,,,,R,,BV-BRC,,,,,,,BV-BRC,BV-BRC,BV-BRC,,,,,BV-BRC,,,,,BV-BRC,
ERR1035014,,,,,,,,S,R,R,S,,,,S,,,S,,R,S,,,,,,,,BV-BRC,BV-BRC,BV-BRC,BV-BRC,,,,BV-BRC,,,BV-BRC,,BV-BRC,BV-BRC
ERR1035015,,,,,,,,R,,R,,,,,,,,,,R,,,,,,,,,BV-BRC,,BV-BRC,,,,,,,,,,BV-BRC,
ERR1035016,,,,,,,,S,,S,,,,,,,,,,R,,,,,,,,,BV-BRC,,BV-BRC,,,,,,,,,,BV-BRC,
ERR1035017,S,,,,,,,S,S,R,,,,,S,,,,,R,,BV-BRC,,,,,,,BV-BRC,BV-BRC,BV-BRC,,,,,BV-BRC,,,,,BV-BRC,
ERR1035018,,,,,,,,S,S,R,,,,,,,,,,S,S,,,,,,,,BV-BRC,BV-BRC,BV-BRC,,,,,,,,,,BV-BRC,BV-BRC
ERR1035019,,,,,,,,S,,S,,,,,,,,,,R,,,,,,,,,BV-BRC,,BV-BRC,,,,,,,,,,BV-BRC,
ERR1035020,,,,,,,,S,,R,,,,,,,,,,R,,,,,,,,,BV-BRC,,BV-BRC,,,,,,,,,,BV-BRC,
ERR1035021,,,,,,,,S,,S,,,,,,,,,,R,,,,,,,,,BV-BRC,,BV-BRC,,,,,,,,,,BV-BRC,
ERR1035022,,,,,,,,S,,S,,,,,,,,,,R,,,,,,,,,BV-BRC,,BV-BRC,,,,,,,,,,BV-BRC,
ERR1035023,R,,,,,,,S,S,R,,,,,R,,,,,R,,BV-BRC,,,,,,,BV-BRC,BV-BRC,BV-BRC,,,,,BV-BRC,,,,,BV-BRC,
ERR1035024,R,,,,,,,S,S,R,,,,,S,,,,,R,,BV-BRC,,,,,,,BV-BRC,BV-BRC,BV-BRC,,,,,BV-BRC,,,,,BV-BRC,
ERR1035025,R,,,,,,,S,S,R,,,,,R,,,,,R,,BV-BRC,,,,,,,BV-BRC,BV-BRC,BV-BRC,,,,,BV-BRC,,,,,BV-BRC,
ERR1035026,S,,,,,,,S,S,S,,,,,S,,,,,R,,BV-BRC,,,,,,,BV-BRC,BV-BRC,BV-BRC,,,,,BV-BRC,,,,,BV-BRC,
ERR1035027,R,,,,,,,S,S,R,,,,,S,,,,,R,,BV-BRC,,,,,,,BV-BRC,BV-BRC,BV-BRC,,,,,BV-BRC,,,,,BV-BRC,
ERR1035028,S,,,,,,,S,S,R,,,,,S,,,,,R,,BV-BRC,,,,,,,BV-BRC,BV-BRC,BV-BRC,,,,,BV-BRC,,,,,BV-BRC,
ERR1035029,,,,,,,,S,S,R,,,,,,,,,,S,S,,,,,,,,BV-BRC,BV-BRC,BV-BRC,,,,,,,,,,BV-BRC,BV-BRC
ERR1035031,R,,,,,,,S,R,R,,,,,R,,,,,R,,BV-BRC,,,,,,,BV-BRC,BV-BRC,BV-BRC,,,,,BV-BRC,,,,,BV-BRC,
ERR1035032,S,,,,,,,S,S,R,,,,,R,,,,,R,,BV-BRC,,,,,,,BV-BRC,BV-BRC,BV-BRC,,,,,BV-BRC,,,,,BV-BRC,
ERR1035033,,,,,,,,S,,S,,,,,,,,,,R,,,,,,,,,BV-BRC,,BV-BRC,,,,,,,,,,BV-BRC,
ERR1035034,S,,,,,,,S,S,R,,,,,R,,,,,R,,BV-BRC,,,,,,,BV-BRC,BV-BRC,BV-BRC,,,,,BV-BRC,,,,,BV-BRC,
ERR1035035,,,,,,,,S,S,R,,,,,,,,,,S,S,,,,,,,,BV-BRC,BV-BRC,BV-BRC,,,,,,,,,,BV-BRC,BV-BRC
ERR1035036,R,,,,,,,R,S,R,,,,,S,,,,,R,,BV-BRC,,,,,,,BV-BRC,BV-BRC,BV-BRC,,,,,BV-BRC,,,,,BV-BRC,
ERR1035037,S,,,,,,,S,S,R,,,,,S,,,,,R,,BV-BRC,,,,,,,BV-BRC,BV-BRC,BV-BRC,,,,,BV-BRC,,,,,BV-BRC,
ERR1035038,R,,,,,,,S,S,R,,,,,R,,,,,R,,BV-BRC,,,,,,,BV-BRC,BV-BRC,BV-BRC,,,,,BV-BRC,,,,,BV-BRC,
ERR1035039,,,,,,,,S,,S,,,,,,,,,,R,,,,,,,,,BV-BRC,,BV-BRC,,,,,,,,,,BV-BRC,
ERR1035040,S,,,,,,,S,S,S,,,,,S,,,,,R,,BV-BRC,,,,,,,BV-BRC,BV-BRC,BV-BRC,,,,,BV-BRC,,,,,BV-BRC,
ERR1035041,R,,,,,,,S,R,R,,,,,R,,,,,R,,BV-BRC,,,,,,,BV-BRC,BV-BRC,BV-BRC,,,,,BV-BRC,,,,,BV-BRC,
ERR1035042,R,,,,,,,S,S,R,,,,,R,,,,,R,,BV-BRC,,,,,,,BV-BRC,BV-BRC,BV-BRC,,,,,BV-BRC,,,,,BV-BRC,
ERR1035043,S,,,,,,,S,S,R,,,,,S,,,,,R,,BV-BRC,,,,,,,BV-BRC,BV-BRC,BV-BRC,,,,,BV-BRC,,,,,BV-BRC,
ERR1035044,,,,,,,,S,S,S,,,,,,,,,,R,S,,,,,,,,BV-BRC,BV-BRC,BV-BRC,,,,,,,,,,BV-BRC,BV-BRC
ERR1035045,S,,,,,,,S,S,S,,,,,S,,,,,R,,BV-BRC,,,,,,,BV-BRC,BV-BRC,BV-BRC,,,,,BV-BRC,,,,,BV-BRC,
ERR1035047,S,,,,,,,S,S,S,,,,,S,,,,,R,,BV-BRC,,,,,,,BV-BRC,BV-BRC,BV-BRC,,,,,BV-BRC,,,,,BV-BRC,
ERR1035048,,,,,,,,S,R,R,S,,,,S,,,,,S,R,,,,,,,,BV-BRC,BV-BRC,BV-BRC,BV-BRC,,,,BV-BRC,,,,,BV-BRC,BV-BRC
ERR1035049,S,,,,,,,S,S,S,,,,,S,,,,,R,,BV-BRC,,,,,,,BV-BRC,BV-BRC,BV-BRC,,,,,BV-BRC,,,,,BV-BRC,
ERR1035050,S,,,,,,,S,S,S,,,,,S,,,,,R,,BV-BRC,,,,,,,BV-BRC,BV-BRC,BV-BRC,,,,,BV-BRC,,,,,BV-BRC,
ERR1035051,S,,,,,,,S,S,S,,,,,S,,,,,R,,BV-BRC,,,,,,,BV-BRC,BV-BRC,BV-BRC,,,,,BV-BRC,,,,,BV-BRC,
ERR1035052,S,,,,,,,S,S,S,,,,,S,,,,,R,,BV-BRC,,,,,,,BV-BRC,BV-BRC,BV-BRC,,,,,BV-BRC,,,,,BV-BRC,
ERR1035053,,,,,,,,S,S,S,,,,,,,,,,R,S,,,,,,,,BV-BRC,BV-BRC,BV-BRC,,,,,,,,,,BV-BRC,BV-BRC
ERR1035054,,,,,,,,S,,R,,,,,,,,,,S,,,,,,,,,BV-BRC,,BV-BRC,,,,,,,,,,BV-BRC,
ERR1035055,,,,,,,,S,,S,,,,,,,,,,R,,,,,,,,,BV-BRC,,BV-BRC,,,,,,,,,,BV-BRC,
ERR1035057,,,,,,,,S,,R,,,,,,,,,,R,,,,,,,,,BV-BRC,,BV-BRC,,,,,,,,,,BV-BRC,
ERR1035058,,,,,,,,S,,R,,,,,,,,,,R,,,,,,,,,BV-BRC,,BV-BRC,,,,,,,,,,BV-BRC,
ERR1035059,,,,,,,,S,,S,,,,,,,,,,R,,,,,,,,,BV-BRC,,BV-BRC,,,,,,,,,,BV-BRC,
ERR1035060,,,,,,,,S,,R,,,,,,,,,,S,,,,,,,,,BV-BRC,,BV-BRC,,,,,,,,,,BV-BRC,
ERR1035061,,,,,,,,R,,R,,,,,,,,,,R,,,,,,,,,BV-BRC,,BV-BRC,,,,,,,,,,BV-BRC,
ERR1035062,,,,,,,,S,S,R,,,,,,,,,,S,S,,,,,,,,BV-BRC,BV-BRC,BV-BRC,,,,,,,,,,BV-BRC,BV-BRC
ERR1035063,,,,,,,,S,,R,,,,,,,,,,S,,,,,,,,,BV-BRC,,BV-BRC,,,,,,,,,,BV-BRC,
ERR1035064,,,,,,,,S,,S,,,,,,,,,,R,,,,,,,,,BV-BRC,,BV-BRC,,,,,,,,,,BV-BRC,
ERR1035065,,,,,,,,S,S,R,,,,,R,,,,,S,,,,,,,,,BV-BRC,BV-BRC,BV-BRC,,,,,BV-BRC,,,,,BV-BRC,
ERR1035066,S,,,,,,,S,S,R,,,,,R,,,,,R,,BV-BRC,,,,,,,BV-BRC,BV-BRC,BV-BRC,,,,,BV-BRC,,,,,BV-BRC,
ERR1035067,R,,,,,,,,S,S,,,,,S,,,,,R,,BV-BRC,,,,,,,,BV-BRC,BV-BRC,,,,,BV-BRC,,,,,BV-BRC,
ERR1035068,S,,,,,,,S,S,R,,,,,R,,,,,R,,BV-BRC,,,,,,,BV-BRC,BV-BRC,BV-BRC,,,,,BV-BRC,,,,,BV-BRC,
ERR1035069,R,,,,,,,S,S,R,,,,,R,,,,,R,,BV-BRC,,,,,,,BV-BRC,BV-BRC,BV-BRC,,,,,BV-BRC,,,,,BV-BRC,
ERR1035071,,,,,,,,S,,S,,,,,,,,,,R,,,,,,,,,BV-BRC,,BV-BRC,,,,,,,,,,BV-BRC,
ERR1035072,R,,,,,,,S,S,R,,,,,R,,,,,R,,BV-BRC,,,,,,,BV-BRC,BV-BRC,BV-BRC,,,,,BV-BRC,,,,,BV-BRC,
ERR1035073,,,,,,,,S,S,R,,,,,R,,,,,,,,,,,,,,BV-BRC,BV-BRC,BV-BRC,,,,,BV-BRC,,,,,,
ERR1035075,S,,,,,,,S,S,R,,,,,R,,,,,R,,BV-BRC,,,,,,,BV-BRC,BV-BRC,BV-BRC,,,,,BV-BRC,,,,,BV-BRC,
ERR1035076,R,,,,,,,R,S,R,,,,,R,,,,,R,,BV-BRC,,,,,,,BV-BRC,BV-BRC,BV-BRC,,,,,BV-BRC,,,,,BV-BRC,
ERR1035077,R,,,,,,,S,S,R,,,,,R,,,,,R,,BV-BRC,,,,,,,BV-BRC,BV-BRC,BV-BRC,,,,,BV-BRC,,,,,BV-BRC,
ERR1035078,R,,,,,,,R,S,R,,,,,R,,,,,R,,BV-BRC,,,,,,,BV-BRC,BV-BRC,BV-BRC,,,,,BV-BRC,,,,,BV-BRC,
ERR1035079,R,,,,,,,S,R,R,,,,,R,,,,,R,,BV-BRC,,,,,,,BV-BRC,BV-BRC,BV-BRC,,,,,BV-BRC,,,,,BV-BRC,
ERR1035081,S,,,,,,,S,R,R,,,,,R,,,,,R,,BV-BRC,,,,,,,BV-BRC,BV-BRC,BV-BRC,,,,,BV-BRC,,,,,BV-BRC,
ERR1035083,S,,,,,,,S,S,R,,,,,R,,,,,R,,BV-BRC,,,,,,,BV-BRC,BV-BRC,BV-BRC,,,,,BV-BRC,,,,,BV-BRC,
ERR1035085,S,,,,,,,S,S,R,,,,,R,,,,,R,,BV-BRC,,,,,,,BV-BRC,BV-BRC,BV-BRC,,,,,BV-BRC,,,,,BV-BRC,
ERR1035086,,,,,,,,S,,R,,,,,,,,,,R,R,,,,,,,,BV-BRC,,BV-BRC,,,,,,,,,,BV-BRC,BV-BRC
ERR1035087,,,,,,,,S,,S,,,,,,,,,,R,S,,,,,,,,BV-BRC,,BV-BRC,,,,,,,,,,BV-BRC,BV-BRC
ERR1035088,,,,,,,,R,,R,,,,,,,,,,R,R,,,,,,,,BV-BRC,,BV-BRC,,,,,,,,,,BV-BRC,BV-BRC
ERR1035089,,,,,,,,S,,R,,,,,,,,,,R,R,,,,,,,,BV-BRC,,BV-BRC,,,,,,,,,,BV-BRC,BV-BRC
ERR1035090,,,,,,,,S,,R,,,,,,,,,,R,R,,,,,,,,BV-BRC,,BV-BRC,,,,,,,,,,BV-BRC,BV-BRC
ERR1035092,,,,,,,,S,,R,,,,,,,,,,R,R,,,,,,,,BV-BRC,,BV-BRC,,,,,,,,,,BV-BRC,BV-BRC
ERR1035093,,,,,,,,S,,S,,,,,,,,,,S,S,,,,,,,,BV-BRC,,BV-BRC,,,,,,,,,,BV-BRC,BV-BRC
ERR1035094,,,,,,,,R,,R,,,,,,,,,,R,R,,,,,,,,BV-BRC,,BV-BRC,,,,,,,,,,BV-BRC,BV-BRC
ERR1035095,,,,,,,,R,,R,,,,,,,,,,R,R,,,,,,,,BV-BRC,,BV-BRC,,,,,,,,,,BV-BRC,BV-BRC
ERR1035099,,,,,,,,R,S,R,S,,,,R,,,R,,R,R,,,,,,,,BV-BRC,BV-BRC,BV-BRC,BV-BRC,,,,BV-BRC,,,BV-BRC,,BV-BRC,BV-BRC
ERR1035100,,,,,,,,R,S,R,S,,,,R,,,R,,R,R,,,,,,,,BV-BRC,BV-BRC,BV-BRC,BV-BRC,,,,BV-BRC,,,BV-BRC,,BV-BRC,BV-BRC
ERR1035101,,,,,,,,R,S,R,S,,,,R,,,R,,R,R,,,,,,,,BV-BRC,BV-BRC,BV-BRC,BV-BRC,,,,BV-BRC,,,BV-BRC,,BV-BRC,BV-BRC
ERR1035102,,,,,,,,R,S,R,S,,,,R,,,S,,R,R,,,,,,,,BV-BRC,BV-BRC,BV-BRC,BV-BRC,,,,BV-BRC,,,BV-BRC,,BV-BRC,BV-BRC
ERR1035103,,,,,,,,R,S,R,S,,,,R,,,R,,R,R,,,,,,,,BV-BRC,BV-BRC,BV-BRC,BV-BRC,,,,BV-BRC,,,BV-BRC,,BV-BRC,BV-BRC
ERR1035104,,,,,,,,R,S,R,S,,,,R,,,R,,R,R,,,,,,,,BV-BRC,BV-BRC,BV-BRC,BV-BRC,,,,BV-BRC,,,BV-BRC,,BV-BRC,BV-BRC
ERR1035105,,,,,,,,S,R,R,S,,,,R,,,S,,R,R,,,,,,,,BV-BRC,BV-BRC,BV-BRC,BV-BRC,,,,BV-BRC,,,BV-BRC,,BV-BRC,BV-BRC
ERR1035107,,,,,,,,,,S,,,,,R,,,,,R,,,,,,,,,,,BV-BRC,,,,,BV-BRC,,,,,BV-BRC,
ERR1035109,,,,,,,,,,R,,,,,,,,,,S,,,,,,,,,,,BV-BRC,,,,,,,,,,BV-BRC,
ERR1035117,,,,,,,,,,S,,,,,,,,,,S,,,,,,,,,,,BV-BRC,,,,,,,,,,BV-BRC,
ERR1035126,,,,,,,,S,,R,,,,,,,,S,,S,S,,,,,,,,BV-BRC,,BV-BRC,,,,,,,,BV-BRC,,BV-BRC,BV-BRC
ERR1035127,,,,,,,,R,,R,,,,,,,,S,,R,R,,,,,,,,BV-BRC,,BV-BRC,,,,,,,,BV-BRC,,BV-BRC,BV-BRC
ERR1035132,,,,,,,,,,R,,,,,,,,,,S,,,,,,,,,,,BV-BRC,,,,,,,,,,BV-BRC,
ERR1035133,,,,,,,,,,R,,,,,,,,,,S,,,,,,,,,,,BV-BRC,,,,,,,,,,BV-BRC,
ERR1035136,,,,,,,,S,,S,,,,,,,,,,S,S,,,,,,,,BV-BRC,,BV-BRC,,,,,,,,,,BV-BRC,BV-BRC
ERR1035139,,,,,,,,R,,R,,,,,,,,,,R,R,,,,,,,,BV-BRC,,BV-BRC,,,,,,,,,,BV-BRC,BV-BRC
ERR1035152,,,,,,,,S,,R,,,,,,,,,,S,R,,,,,,,,BV-BRC,,BV-BRC,,,,,,,,,,BV-BRC,BV-BRC
ERR1035154,,,,,,,,S,,R,,,,,,,,,,S,S,,,,,,,,BV-BRC,,BV-BRC,,,,,,,,,,BV-BRC,BV-BRC
ERR1035155,,,,,,,,S,,R,,,,,,,,,,R,S,,,,,,,,BV-BRC,,BV-BRC,,,,,,,,,,BV-BRC,BV-BRC
ERR1035161,,,,,,,,S,,R,,,,,,,,,,R,S,,,,,,,,BV-BRC,,BV-BRC,,,,,,,,,,BV-BRC,BV-BRC
ERR1035165,,,,,,,,S,,R,,,,,,,,,,S,S,,,,,,,,BV-BRC,,BV-BRC,,,,,,,,,,BV-BRC,BV-BRC
ERR1035169,,,,,,,,R,,R,,,,,,,,,,R,R,,,,,,,,BV-BRC,,BV-BRC,,,,,,,,,,BV-BRC,BV-BRC
ERR1035174,S,,S,,,S,,S,S,R,,,,S,R,S,,S,,R,R,BV-BRC,,BV-BRC,,,BV-BRC,,BV-BRC,BV-BRC,BV-BRC,,,,BV-BRC,BV-BRC,BV-BRC,,BV-BRC,,BV-BRC,BV-BRC
ERR1035175,S,,S,,,S,,R,S,R,,,,S,S,S,,R,,R,R,BV-BRC,,BV-BRC,,,BV-BRC,,BV-BRC,BV-BRC,BV-BRC,,,,BV-BRC,BV-BRC,BV-BRC,,BV-BRC,,BV-BRC,BV-BRC
ERR1035176,S,,S,,,S,,S,S,R,,,,S,S,S,,R,,R,R,BV-BRC,,BV-BRC,,,BV-BRC,,BV-BRC,BV-BRC,BV-BRC,,,,BV-BRC,BV-BRC,BV-BRC,,BV-BRC,,BV-BRC,BV-BRC
ERR1035177,R,,S,,,S,,S,S,R,,,,R,R,S,,S,,R,R,BV-BRC,,BV-BRC,,,BV-BRC,,BV-BRC,BV-BRC,BV-BRC,,,,BV-BRC,BV-BRC,BV-BRC,,BV-BRC,,BV-BRC,BV-BRC
ERR1035178,,,,,,,,S,,R,,,,,,,,S,,S,S,,,,,,,,BV-BRC,,BV-BRC,,,,,,,,BV-BRC,,BV-BRC,BV-BRC
ERR1035179,,,,,,,,S,,R,,,,,,,,S,,S,R,,,,,,,,BV-BRC,,BV-BRC,,,,,,,,BV-BRC,,BV-BRC,BV-BRC
ERR1035181,S,,S,,,S,,S,S,R,,,,S,S,S,,R,,R,R,BV-BRC,,BV-BRC,,,BV-BRC,,BV-BRC,BV-BRC,BV-BRC,,,,BV-BRC,BV-BRC,BV-BRC,,BV-BRC,,BV-BRC,BV-BRC
ERR1035191,S,,S,,,S,,S,R,R,,,,S,R,S,,R,,R,S,BV-BRC,,BV-BRC,,,BV-BRC,,BV-BRC,BV-BRC,BV-BRC,,,,BV-BRC,BV-BRC,BV-BRC,,BV-BRC,,BV-BRC,BV-BRC
ERR1035192,S,,S,,,S,,R,S,R,,,,S,S,S,,R,,R,R,BV-BRC,,BV-BRC,,,BV-BRC,,BV-BRC,BV-BRC,BV-BRC,,,,BV-BRC,BV-BRC,BV-BRC,,BV-BRC,,BV-BRC,BV-BRC
ERR1035193,S,,S,,,S,,S,S,R,,,,S,S,S,,R,,R,R,BV-BRC,,BV-BRC,,,BV-BRC,,BV-BRC,BV-BRC,BV-BRC,,,,BV-BRC,BV-BRC,BV-BRC,,BV-BRC,,BV-BRC,BV-BRC
ERR1035194,R,,R,,,R,,S,R,R,,,,S,R,R,,R,,R,S,BV-BRC,,BV-BRC,,,BV-BRC,,BV-BRC,BV-BRC,BV-BRC,,,,BV-BRC,BV-BRC,BV-BRC,,BV-BRC,,BV-BRC,BV-BRC
ERR1035196,S,,S,,,R,,S,R,R,,,,S,R,S,,R,,R,R,BV-BRC,,BV-BRC,,,BV-BRC,,BV-BRC,BV-BRC,BV-BRC,,,,BV-BRC,BV-BRC,BV-BRC,,BV-BRC,,BV-BRC,BV-BRC
ERR1035198,,,,,,,,S,,R,,,,,,,,S,,S,S,,,,,,,,BV-BRC,,BV-BRC,,,,,,,,BV-BRC,,BV-BRC,BV-BRC
ERR1035199,S,,S,,,S,,R,R,R,,,,S,R,S,,R,,R,R,BV-BRC,,BV-BRC,,,BV-BRC,,BV-BRC,BV-BRC,BV-BRC,,,,BV-BRC,BV-BRC,BV-BRC,,BV-BRC,,BV-BRC,BV-BRC
ERR1035200,,,,,,,,S,,R,,,,,,,,S,,S,S,,,,,,,,BV-BRC,,BV-BRC,,,,,,,,BV-BRC,,BV-BRC,BV-BRC
ERR1035202,S,,S,,,S,,R,S,R,,,,S,S,S,,R,,R,R,BV-BRC,,BV-BRC,,,BV-BRC,,BV-BRC,BV-BRC,BV-BRC,,,,BV-BRC,BV-BRC,BV-BRC,,BV-BRC,,BV-BRC,BV-BRC
ERR1035203,,,,,,,,S,,R,,,,,,,,R,,R,S,,,,,,,,BV-BRC,,BV-BRC,,,,,,,,BV-BRC,,BV-BRC,BV-BRC
ERR1035204,S,,S,,,S,,R,S,R,,,,S,R,,,R,,R,S,BV-BRC,,BV-BRC,,,BV-BRC,,BV-BRC,BV-BRC,BV-BRC,,,,BV-BRC,BV-BRC,,,BV-BRC,,BV-BRC,BV-BRC
ERR1035207,S,,S,,,S,,R,R,R,,,,S,R,S,,R,,R,R,BV-BRC,,BV-BRC,,,BV-BRC,,BV-BRC,BV-BRC,BV-BRC,,,,BV-BRC,BV-BRC,BV-BRC,,BV-BRC,,BV-BRC,BV-BRC
ERR1035208,,,,,,,,S,,R,,,,,,,,S,,S,R,,,,,,,,BV-BRC,,BV-BRC,,,,,,,,BV-BRC,,BV-BRC,BV-BRC
ERR1035209,,,,,,,,S,,R,,,,,,,,S,,S,S,,,,,,,,BV-BRC,,BV-BRC,,,,,,,,BV-BRC,,BV-BRC,BV-BRC
ERR1035210,,,,,,,,S,,R,,,,,,,,S,,S,R,,,,,,,,BV-BRC,,BV-BRC,,,,,,,,BV-BRC,,BV-BRC,BV-BRC
ERR1035211,,,,,,,,S,,R,,,,,,,,S,,S,S,,,,,,,,BV-BRC,,BV-BRC,,,,,,,,BV-BRC,,BV-BRC,BV-BRC
ERR1035213,,,,,,,,S,,R,,,,,,,,S,,S,R,,,,,,,,BV-BRC,,BV-BRC,,,,,,,,BV-BRC,,BV-BRC,BV-BRC
ERR1035214,S,,S,,,S,,R,R,R,,,,S,R,S,,R,,R,R,BV-BRC,,BV-BRC,,,BV-BRC,,BV-BRC,BV-BRC,BV-BRC,,,,BV-BRC,BV-BRC,BV-BRC,,BV-BRC,,BV-BRC,BV-BRC
ERR1035215,S,,R,,,S,,S,R,R,,,,S,S,S,,R,,R,R,BV-BRC,,BV-BRC,,,BV-BRC,,BV-BRC,BV-BRC,BV-BRC,,,,BV-BRC,BV-BRC,BV-BRC,,BV-BRC,,BV-BRC,BV-BRC
ERR1035216,,,,,,,,S,,R,,,,,,,,S,,S,S,,,,,,,,BV-BRC,,BV-BRC,,,,,,,,BV-BRC,,BV-BRC,BV-BRC
ERR1035217,,,,,,,,S,,R,,,,,,,,S,,S,S,,,,,,,,BV-BRC,,BV-BRC,,,,,,,,BV-BRC,,BV-BRC,BV-BRC
ERR1035219,,,,,,,,R,,R,,,,,,,,S,,R,S,,,,,,,,BV-BRC,,BV-BRC,,,,,,,,BV-BRC,,BV-BRC,BV-BRC
ERR1035221,R,,R,,,S,,R,R,R,,,,R,R,S,,R,,R,R,BV-BRC,,BV-BRC,,,BV-BRC,,BV-BRC,BV-BRC,BV-BRC,,,,BV-BRC,BV-BRC,BV-BRC,,BV-BRC,,BV-BRC,BV-BRC
ERR1035222,R,,R,,,R,,R,R,R,R,,,R,R,R,,R,,R,R,BV-BRC,,BV-BRC,,,BV-BRC,,BV-BRC,BV-BRC,BV-BRC,BV-BRC,,,BV-BRC,BV-BRC,BV-BRC,,BV-BRC,,BV-BRC,BV-BRC
ERR1035224,S,,S,,,S,,S,R,R,S,,,,S,S,,S,,R,S,BV-BRC,,BV-BRC,,,BV-BRC,,BV-BRC,BV-BRC,BV-BRC,BV-BRC,,,,BV-BRC,BV-BRC,,BV-BRC,,BV-BRC,BV-BRC
ERR1035225,R,,R,,,S,,R,R,R,R,,,,R,S,,R,,R,R,BV-BRC,,BV-BRC,,,BV-BRC,,BV-BRC,BV-BRC,BV-BRC,BV-BRC,,,,BV-BRC,BV-BRC,,BV-BRC,,BV-BRC,BV-BRC
ERR1035226,,,,,,,,R,,R,,,,,,,,R,,R,R,,,,,,,,BV-BRC,,BV-BRC,,,,,,,,BV-BRC,,BV-BRC,BV-BRC
ERR1035227,S,,S,,,S,,R,R,R,S,,,,S,S,,R,,R,R,BV-BRC,,BV-BRC,,,BV-BRC,,BV-BRC,BV-BRC,BV-BRC,BV-BRC,,,,BV-BRC,BV-BRC,,BV-BRC,,BV-BRC,BV-BRC
ERR1035228,R,,R,,,S,,R,R,R,R,,,,R,S,,R,,R,R,BV-BRC,,BV-BRC,,,BV-BRC,,BV-BRC,BV-BRC,BV-BRC,BV-BRC,,,,BV-BRC,BV-BRC,,BV-BRC,,BV-BRC,BV-BRC
ERR1035230,,,,,,,,S,,R,,,,,,,,S,,S,R,,,,,,,,BV-BRC,,BV-BRC,,,,,,,,BV-BRC,,BV-BRC,BV-BRC
ERR1035234,R,,R,,,,,R,R,R,,,,S,S,S,,R,,R,R,BV-BRC,,BV-BRC,,,,,BV-BRC,BV-BRC,BV-BRC,,,,BV-BRC,BV-BRC,BV-BRC,,BV-BRC,,BV-BRC,BV-BRC
ERR1035235,R,,R,,,,,S,R,R,,,,R,R,R,,S,,R,R,BV-BRC,,BV-BRC,,,,,BV-BRC,BV-BRC,BV-BRC,,,,BV-BRC,BV-BRC,BV-BRC,,BV-BRC,,BV-BRC,BV-BRC
ERR1035236,S,,S,,,,,S,R,R,S,,,S,S,S,,R,,R,R,BV-BRC,,BV-BRC,,,,,BV-BRC,BV-BRC,BV-BRC,BV-BRC,,,BV-BRC,BV-BRC,BV-BRC,,BV-BRC,,BV-BRC,BV-BRC
ERR1035237,R,,R,,,,,R,R,R,,,,R,R,,,R,,R,R,BV-BRC,,BV-BRC,,,,,BV-BRC,BV-BRC,BV-BRC,,,,BV-BRC,BV-BRC,,,BV-BRC,,BV-BRC,BV-BRC
ERR1035238,,,,,,,,R,,R,,,,,,,,R,,R,R,,,,,,,,BV-BRC,,BV-BRC,,,,,,,,BV-BRC,,BV-BRC,BV-BRC
ERR1035240,R,,R,,,,,R,R,R,,,,R,R,R,,R,,R,R,BV-BRC,,BV-BRC,,,,,BV-BRC,BV-BRC,BV-BRC,,,,BV-BRC,BV-BRC,BV-BRC,,BV-BRC,,BV-BRC,BV-BRC
ERR1035241,,,,,,,,S,,R,,,,,,,,R,,R,R,,,,,,,,BV-BRC,,BV-BRC,,,,,,,,BV-BRC,,BV-BRC,BV-BRC
ERR1035242,S,,S,,,,,R,R,R,S,,,S,S,S,,R,,R,R,BV-BRC,,BV-BRC,,,,,BV-BRC,BV-BRC,BV-BRC,BV-BRC,,,BV-BRC,BV-BRC,BV-BRC,,BV-BRC,,BV-BRC,BV-BRC
ERR1035243,S,,S,,,,,S,R,R,S,,,S,S,S,,R,,R,S,BV-BRC,,BV-BRC,,,,,BV-BRC,BV-BRC,BV-BRC,BV-BRC,,,BV-BRC,BV-BRC,BV-BRC,,BV-BRC,,BV-BRC,BV-BRC
ERR1035244,S,,R,,,,,R,R,R,S,,,S,S,S,,R,,R,S,BV-BRC,,BV-BRC,,,,,BV-BRC,BV-BRC,BV-BRC,BV-BRC,,,BV-BRC,BV-BRC,BV-BRC,,BV-BRC,,BV-BRC,BV-BRC
ERR1035245,R,,R,,,,,R,R,R,,,,S,S,S,,R,,R,R,BV-BRC,,BV-BRC,,,,,BV-BRC,BV-BRC,BV-BRC,,,,BV-BRC,BV-BRC,BV-BRC,,BV-BRC,,BV-BRC,BV-BRC
ERR1035246,S,,R,,,,,S,R,R,S,,,S,S,S,,S,,R,R,BV-BRC,,BV-BRC,,,,,BV-BRC,BV-BRC,BV-BRC,BV-BRC,,,BV-BRC,BV-BRC,BV-BRC,,BV-BRC,,BV-BRC,BV-BRC
ERR1035247,R,,R,,,,,R,R,R,,,,S,S,S,,R,,R,R,BV-BRC,,BV-BRC,,,,,BV-BRC,BV-BRC,BV-BRC,,,,BV-BRC,BV-BRC,BV-BRC,,BV-BRC,,BV-BRC,BV-BRC
ERR1035248,,,,,,,,S,,S,,,,,,,,S,,S,S,,,,,,,,BV-BRC,,BV-BRC,,,,,,,,BV-BRC,,BV-BRC,BV-BRC
ERR1035251,,,,,,,,S,,R,,,,,,,,,,R,R,,,,,,,,BV-BRC,,BV-BRC,,,,,,,,,,BV-BRC,BV-BRC
ERR1035252,,,,,,,,S,,R,,,,,,,,,,R,R,,,,,,,,BV-BRC,,BV-BRC,,,,,,,,,,BV-BRC,BV-BRC
ERR1035253,,,,,,,,S,,R,,,,,,,,,,R,R,,,,,,,,BV-BRC,,BV-BRC,,,,,,,,,,BV-BRC,BV-BRC
ERR1035254,,,,,,,,S,,R,,,,,,,,,,R,R,,,,,,,,BV-BRC,,BV-BRC,,,,,,,,,,BV-BRC,BV-BRC
ERR1035257,,,,,,,,S,,S,,,,,,,,S,,R,S,,,,,,,,BV-BRC,,BV-BRC,,,,,,,,BV-BRC,,BV-BRC,BV-BRC
ERR1035258,S,,S,,,,,R,,R,S,,,,R,,,,,R,R,BV-BRC,,BV-BRC,,,,,BV-BRC,,BV-BRC,BV-BRC,,,,BV-BRC,,,,,BV-BRC,BV-BRC
ERR1035259,S,,S,,,,,R,,R,S,,,,R,,,,,R,S,BV-BRC,,BV-BRC,,,,,BV-BRC,,BV-BRC,BV-BRC,,,,BV-BRC,,,,,BV-BRC,BV-BRC
ERR1035260,R,,R,,,,,R,,R,R,,,,R,,,,,R,R,BV-BRC,,BV-BRC,,,,,BV-BRC,,BV-BRC,BV-BRC,,,,BV-BRC,,,,,BV-BRC,BV-BRC
ERR1035261,S,,S,,,,,S,,R,S,,,,S,,,,,R,S,BV-BRC,,BV-BRC,,,,,BV-BRC,,BV-BRC,BV-BRC,,,,BV-BRC,,,,,BV-BRC,BV-BRC
ERR1035263,S,,S,,,,,S,,R,S,,,,S,,,,,R,S,BV-BRC,,BV-BRC,,,,,BV-BRC,,BV-BRC,BV-BRC,,,,BV-BRC,,,,,BV-BRC,BV-BRC
ERR1035264,S,,S,,,,,S,,R,S,,,,S,,,,,R,R,BV-BRC,,BV-BRC,,,,,BV-BRC,,BV-BRC,BV-BRC,,,,BV-BRC,,,,,BV-BRC,BV-BRC
ERR1035265,S,,S,,,,,S,,R,S,,,,S,,,,,R,S,BV-BRC,,BV-BRC,,,,,BV-BRC,,BV-BRC,BV-BRC,,,,BV-BRC,,,,,BV-BRC,BV-BRC
ERR1035266,R,,R,,,,,R,,R,R,,,,R,,,,,R,R,BV-BRC,,BV-BRC,,,,,BV-BRC,,BV-BRC,BV-BRC,,,,BV-BRC,,,,,BV-BRC,BV-BRC
ERR1035267,S,,S,,,,,S,,R,S,,,,S,,,,,R,S,BV-BRC,,BV-BRC,,,,,BV-BRC,,BV-BRC,BV-BRC,,,,BV-BRC,,,,,BV-BRC,BV-BRC
ERR1035268,S,,S,,,,,R,,R,S,,,,S,,,,,R,S,BV-BRC,,BV-BRC,,,,,BV-BRC,,BV-BRC,BV-BRC,,,,BV-BRC,,,,,BV-BRC,BV-BRC
ERR1035269,S,,S,,,,,S,,R,S,,,,S,,,,,R,S,BV-BRC,,BV-BRC,,,,,BV-BRC,,BV-BRC,BV-BRC,,,,BV-BRC,,,,,BV-BRC,BV-BRC
ERR1035270,S,,S,,,,,S,,R,S,,,,S,,,,,R,S,BV-BRC,,BV-BRC,,,,,BV-BRC,,BV-BRC,BV-BRC,,,,BV-BRC,,,,,BV-BRC,BV-BRC
ERR1035271,,,,,,,,R,,R,,,,,,,,,,R,S,,,,,,,,BV-BRC,,BV-BRC,,,,,,,,,,BV-BRC,BV-BRC
ERR1035273,S,,S,,,,,S,,R,S,,,,S,,,,,R,S,BV-BRC,,BV-BRC,,,,,BV-BRC,,BV-BRC,BV-BRC,,,,BV-BRC,,,,,BV-BRC,BV-BRC
ERR1035276,S,,S,,,,,S,,R,S,,,,S,,,,,R,S,BV-BRC,,BV-BRC,,,,,BV-BRC,,BV-BRC,BV-BRC,,,,BV-BRC,,,,,BV-BRC,BV-BRC
ERR1035281,S,,S,,,,,R,,R,S,,,,S,,,,,R,S,BV-BRC,,BV-BRC,,,,,BV-BRC,,BV-BRC,BV-BRC,,,,BV-BRC,,,,,BV-BRC,BV-BRC
ERR1035282,S,,S,,,,,R,,R,S,,,,S,,,,,R,R,BV-BRC,,BV-BRC,,,,,BV-BRC,,BV-BRC,BV-BRC,,,,BV-BRC,,,,,BV-BRC,BV-BRC
ERR1035283,S,,S,,,,,R,,R,S,,,,R,,,,,R,R,BV-BRC,,BV-BRC,,,,,BV-BRC,,BV-BRC,BV-BRC,,,,BV-BRC,,,,,BV-BRC,BV-BRC
ERR1035284,S,,S,,,,,S,,R,S,,,,R,,,,,R,S,BV-BRC,,BV-BRC,,,,,BV-BRC,,BV-BRC,BV-BRC,,,,BV-BRC,,,,,BV-BRC,BV-BRC
ERR1035285,S,,S,,,,,S,,R,S,,,,S,,,,,R,R,BV-BRC,,BV-BRC,,,,,BV-BRC,,BV-BRC,BV-BRC,,,,BV-BRC,,,,,BV-BRC,BV-BRC
ERR1035287,S,,S,,,,,R,,R,S,,,,S,,,,,R,R,BV-BRC,,BV-BRC,,,,,BV-BRC,,BV-BRC,BV-BRC,,,,BV-BRC,,,,,BV-BRC,BV-BRC
ERR1035288,R,,R,,,,,R,,R,R,,,,R,,,,,R,R,BV-BRC,,BV-BRC,,,,,BV-BRC,,BV-BRC,BV-BRC,,,,BV-BRC,,,,,BV-BRC,BV-BRC
ERR1035289,S,,S,,,,,R,,R,S,,,,S,,,,,R,S,BV-BRC,,BV-BRC,,,,,BV-BRC,,BV-BRC,BV-BRC,,,,BV-BRC,,,,,BV-BRC,BV-BRC
ERR1035290,S,,S,,,,,R,,R,S,,,,R,,,,,R,S,BV-BRC,,BV-BRC,,,,,BV-BRC,,BV-BRC,BV-BRC,,,,BV-BRC,,,,,BV-BRC,BV-BRC
ERR1035292,S,,S,,,,,S,,R,S,,,,S,,,,,R,S,BV-BRC,,BV-BRC,,,,,BV-BRC,,BV-BRC,BV-BRC,,,,BV-BRC,,,,,BV-BRC,BV-BRC
ERR1035293,S,,S,,,,,S,,R,S,,,,S,,,,,R,S,BV-BRC,,BV-BRC,,,,,BV-BRC,,BV-BRC,BV-BRC,,,,BV-BRC,,,,,BV-BRC,BV-BRC
ERR1035294,S,,S,,,,,R,,R,S,,,,S,,,,,R,R,BV-BRC,,BV-BRC,,,,,BV-BRC,,BV-BRC,BV-BRC,,,,BV-BRC,,,,,BV-BRC,BV-BRC
ERR1035296,S,,S,,,,,S,,R,S,,,,S,,,,,R,S,BV-BRC,,BV-BRC,,,,,BV-BRC,,BV-BRC,BV-BRC,,,,BV-BRC,,,,,BV-BRC,BV-BRC
ERR1035297,S,,S,,,,,S,,R,S,,,,S,,,,,R,R,BV-BRC,,BV-BRC,,,,,BV-BRC,,BV-BRC,BV-BRC,,,,BV-BRC,,,,,BV-BRC,BV-BRC
ERR1035298,S,,R,,,,,S,,R,S,,,,S,,,,,R,R,BV-BRC,,BV-BRC,,,,,BV-BRC,,BV-BRC,BV-BRC,,,,BV-BRC,,,,,BV-BRC,BV-BRC
ERR1035299,R,,R,,,,,R,,R,R,,,,R,,,,,R,R,BV-BRC,,BV-BRC,,,,,BV-BRC,,BV-BRC,BV-BRC,,,,BV-BRC,,,,,BV-BRC,BV-BRC
ERR1035300,S,,S,,,,,R,,R,S,,,,R,,,,,R,R,BV-BRC,,BV-BRC,,,,,BV-BRC,,BV-BRC,BV-BRC,,,,BV-BRC,,,,,BV-BRC,BV-BRC
ERR1035301,S,,S,,,,,S,,R,S,,,,S,,,,,R,S,BV-BRC,,BV-BRC,,,,,BV-BRC,,BV-BRC,BV-BRC,,,,BV-BRC,,,,,BV-BRC,BV-BRC
ERR1035302,S,,S,,,,,R,,R,S,,,,R,,,,,R,R,BV-BRC,,BV-BRC,,,,,BV-BRC,,BV-BRC,BV-BRC,,,,BV-BRC,,,,,BV-BRC,BV-BRC
ERR1035304,S,,S,,,,,R,,R,S,,,,R,,,,,R,R,BV-BRC,,BV-BRC,,,,,BV-BRC,,BV-BRC,BV-BRC,,,,BV-BRC,,,,,BV-BRC,BV-BRC
ERR1035306,S,,S,,,,,R,,R,S,,,,R,,,,,R,R,BV-BRC,,BV-BRC,,,,,BV-BRC,,BV-BRC,BV-BRC,,,,BV-BRC,,,,,BV-BRC,BV-BRC
ERR1035307,S,,S,,,,,R,,R,S,,,,S,,,,,R,R,BV-BRC,,BV-BRC,,,,,BV-BRC,,BV-BRC,BV-BRC,,,,BV-BRC,,,,,BV-BRC,BV-BRC
ERR1035308,S,,S,,,,,S,,R,S,,,,S,,,,,R,R,BV-BRC,,BV-BRC,,,,,BV-BRC,,BV-BRC,BV-BRC,,,,BV-BRC,,,,,BV-BRC,BV-BRC
ERR1035309,S,,S,,,,,S,,R,S,,,,R,,,,,R,R,BV-BRC,,BV-BRC,,,,,BV-BRC,,BV-BRC,BV-BRC,,,,BV-BRC,,,,,BV-BRC,BV-BRC
ERR1035310,S,,S,,,,,R,,R,S,,,,S,,,,,R,S,BV-BRC,,BV-BRC,,,,,BV-BRC,,BV-BRC,BV-BRC,,,,BV-BRC,,,,,BV-BRC,BV-BRC
ERR1035311,S,,S,,,,,S,,R,S,,,,S,,,,,R,S,BV-BRC,,BV-BRC,,,,,BV-BRC,,BV-BRC,BV-BRC,,,,BV-BRC,,,,,BV-BRC,BV-BRC
ERR1035312,S,,S,,,,,R,,R,S,,,,R,,,,,R,R,BV-BRC,,BV-BRC,,,,,BV-BRC,,BV-BRC,BV-BRC,,,,BV-BRC,,,,,BV-BRC,BV-BRC
ERR1035313,S,,R,,,,,S,,R,S,,,,S,,,,,R,S,BV-BRC,,BV-BRC,,,,,BV-BRC,,BV-BRC,BV-BRC,,,,BV-BRC,,,,,BV-BRC,BV-BRC
ERR1035314,R,,R,,,,,S,,R,R,,,,R,,,,,R,S,BV-BRC,,BV-BRC,,,,,BV-BRC,,BV-BRC,BV-BRC,,,,BV-BRC,,,,,BV-BRC,BV-BRC
ERR1035315,S,,S,,,,,R,,R,S,,,,R,,,,,R,R,BV-BRC,,BV-BRC,,,,,BV-BRC,,BV-BRC,BV-BRC,,,,BV-BRC,,,,,BV-BRC,BV-BRC
ERR1035316,S,,S,,,,,R,,R,S,,,,S,,,,,R,S,BV-BRC,,BV-BRC,,,,,BV-BRC,,BV-BRC,BV-BRC,,,,BV-BRC,,,,,BV-BRC,BV-BRC
ERR1035317,S,,S,,,,,S,,R,S,,,,R,,,,,R,S,BV-BRC,,BV-BRC,,,,,BV-BRC,,BV-BRC,BV-BRC,,,,BV-BRC,,,,,BV-BRC,BV-BRC
ERR1035318,S,,S,,,,,R,,R,S,,,,R,,,,,R,R,BV-BRC,,BV-BRC,,,,,BV-BRC,,BV-BRC,BV-BRC,,,,BV-BRC,,,,,BV-BRC,BV-BRC
ERR1035319,S,,S,,,,,R,,R,S,,,,S,,,,,R,R,BV-BRC,,BV-BRC,,,,,BV-BRC,,BV-BRC,BV-BRC,,,,BV-BRC,,,,,BV-BRC,BV-BRC
ERR1035320,S,,S,,,,,S,,R,S,,,,S,,,,,R,S,BV-BRC,,BV-BRC,,,,,BV-BRC,,BV-BRC,BV-BRC,,,,BV-BRC,,,,,BV-BRC,BV-BRC
ERR1035321,S,,R,,,,,R,,R,S,,,,R,,,,,R,R,BV-BRC,,BV-BRC,,,,,BV-BRC,,BV-BRC,BV-BRC,,,,BV-BRC,,,,,BV-BRC,BV-BRC
ERR1035322,S,,S,,,,,S,,R,S,,,,S,,,,,R,R,BV-BRC,,BV-BRC,,,,,BV-BRC,,BV-BRC,BV-BRC,,,,BV-BRC,,,,,BV-BRC,BV-BRC
ERR1035323,S,,R,,,,,S,,R,S,,,,S,,,,,R,S,BV-BRC,,BV-BRC,,,,,BV-BRC,,BV-BRC,BV-BRC,,,,BV-BRC,,,,,BV-BRC,BV-BRC
ERR1035324,S,,S,,,,,R,,R,S,,,,S,,,,,R,R,BV-BRC,,BV-BRC,,,,,BV-BRC,,BV-BRC,BV-BRC,,,,BV-BRC,,,,,BV-BRC,BV-BRC
ERR1035325,S,,S,,,,,R,,R,S,,,,R,,,,,R,R,BV-BRC,,BV-BRC,,,,,BV-BRC,,BV-BRC,BV-BRC,,,,BV-BRC,,,,,BV-BRC,BV-BRC
ERR1035326,S,,S,,,,,R,,R,S,,,,R,,,,,R,S,BV-BRC,,BV-BRC,,,,,BV-BRC,,BV-BRC,BV-BRC,,,,BV-BRC,,,,,BV-BRC,BV-BRC
ERR1035327,R,,R,,,,,S,,R,R,,,,R,,,,,R,S,BV-BRC,,BV-BRC,,,,,BV-BRC,,BV-BRC,BV-BRC,,,,BV-BRC,,,,,BV-BRC,BV-BRC
ERR1035328,S,,S,,,,,S,,R,S,,,,R,,,,,R,R,BV-BRC,,BV-BRC,,,,,BV-BRC,,BV-BRC,BV-BRC,,,,BV-BRC,,,,,BV-BRC,BV-BRC
ERR1035329,S,,S,,,,,S,,R,S,,,,S,,,,,R,S,BV-BRC,,BV-BRC,,,,,BV-BRC,,BV-BRC,BV-BRC,,,,BV-BRC,,,,,BV-BRC,BV-BRC
ERR1035330,S,,S,,,,,S,,R,S,,,,S,,,,,R,R,BV-BRC,,BV-BRC,,,,,BV-BRC,,BV-BRC,BV-BRC,,,,BV-BRC,,,,,BV-BRC,BV-BRC
ERR1035331,S,,S,,,,,R,,R,S,,,,R,,,,,R,S,BV-BRC,,BV-BRC,,,,,BV-BRC,,BV-BRC,BV-BRC,,,,BV-BRC,,,,,BV-BRC,BV-BRC
ERR1035332,S,,S,,,,,R,,R,S,,,,R,,,,,R,S,BV-BRC,,BV-BRC,,,,,BV-BRC,,BV-BRC,BV-BRC,,,,BV-BRC,,,,,BV-BRC,BV-BRC
ERR1035333,S,,S,,,,,R,,R,S,,,,R,,,,,R,R,BV-BRC,,BV-BRC,,,,,BV-BRC,,BV-BRC,BV-BRC,,,,BV-BRC,,,,,BV-BRC,BV-BRC
ERR1035334,S,,R,,,,,S,,R,S,,,,S,,,,,R,S,BV-BRC,,BV-BRC,,,,,BV-BRC,,BV-BRC,BV-BRC,,,,BV-BRC,,,,,BV-BRC,BV-BRC
ERR1035335,S,,S,,,,,S,,R,S,,,,S,,,,,R,S,BV-BRC,,BV-BRC,,,,,BV-BRC,,BV-BRC,BV-BRC,,,,BV-BRC,,,,,BV-BRC,BV-BRC
ERR1035336,S,,S,,,,,S,,R,S,,,,S,,,,,R,S,BV-BRC,,BV-BRC,,,,,BV-BRC,,BV-BRC,BV-BRC,,,,BV-BRC,,,,,BV-BRC,BV-BRC
ERR1035337,S,,S,,,,,R,,R,S,,,,S,,,,,R,R,BV-BRC,,BV-BRC,,,,,BV-BRC,,BV-BRC,BV-BRC,,,,BV-BRC,,,,,BV-BRC,BV-BRC
ERR1035338,S,,S,,,,,S,,R,S,,,,S,,,,,R,R,BV-BRC,,BV-BRC,,,,,BV-BRC,,BV-BRC,BV-BRC,,,,BV-BRC,,,,,BV-BRC,BV-BRC
ERR1035339,S,,S,,,,,S,,R,S,,,,S,,,,,R,S,BV-BRC,,BV-BRC,,,,,BV-BRC,,BV-BRC,BV-BRC,,,,BV-BRC,,,,,BV-BRC,BV-BRC
ERR1035340,S,,S,,,,,S,,R,S,,,,S,,,,,R,R,BV-BRC,,BV-BRC,,,,,BV-BRC,,BV-BRC,BV-BRC,,,,BV-BRC,,,,,BV-BRC,BV-BRC
ERR1035341,S,,S,,,,,S,,R,S,,,,S,,,,,R,R,BV-BRC,,BV-BRC,,,,,BV-BRC,,BV-BRC,BV-BRC,,,,BV-BRC,,,,,BV-BRC,BV-BRC
ERR1035342,S,,S,,,,,S,,R,S,,,,S,,,,,R,R,BV-BRC,,BV-BRC,,,,,BV-BRC,,BV-BRC,BV-BRC,,,,BV-BRC,,,,,BV-BRC,BV-BRC
ERR1035343,S,,S,,,,,R,,R,S,,,,S,,,,,R,S,BV-BRC,,BV-BRC,,,,,BV-BRC,,BV-BRC,BV-BRC,,,,BV-BRC,,,,,BV-BRC,BV-BRC
ERR1035344,S,,S,,,,,R,,R,S,,,,S,,,,,R,R,BV-BRC,,BV-BRC,,,,,BV-BRC,,BV-BRC,BV-BRC,,,,BV-BRC,,,,,BV-BRC,BV-BRC
ERR1035345,S,,S,,,,,S,,R,S,,,,S,,,,,R,S,BV-BRC,,BV-BRC,,,,,BV-BRC,,BV-BRC,BV-BRC,,,,BV-BRC,,,,,BV-BRC,BV-BRC
ERR1035346,S,,R,,,,,S,,R,S,,,,S,,,,,R,S,BV-BRC,,BV-BRC,,,,,BV-BRC,,BV-BRC,BV-BRC,,,,BV-BRC,,,,,BV-BRC,BV-BRC
ERR1035347,S,,S,,,,,R,,R,S,,,,S,,,,,R,S,BV-BRC,,BV-BRC,,,,,BV-BRC,,BV-BRC,BV-BRC,,,,BV-BRC,,,,,BV-BRC,BV-BRC
ERR1035348,,,,,,,,S,,R,,,,,,,,,,R,S,,,,,,,,BV-BRC,,BV-BRC,,,,,,,,,,BV-BRC,BV-BRC
ERR1035349,S,,S,,,,,S,,R,S,,,,S,,,,,R,S,BV-BRC,,BV-BRC,,,,,BV-BRC,,BV-BRC,BV-BRC,,,,BV-BRC,,,,,BV-BRC,BV-BRC
ERR1035350,S,,S,,,,,R,,R,R,,,,S,,,,,R,R,BV-BRC,,BV-BRC,,,,,BV-BRC,,BV-BRC,BV-BRC,,,,BV-BRC,,,,,BV-BRC,BV-BRC
ERR1035351,S,,S,,,,,S,,R,S,,,,S,,,,,R,S,BV-BRC,,BV-BRC,,,,,BV-BRC,,BV-BRC,BV-BRC,,,,BV-BRC,,,,,BV-BRC,BV-BRC
ERR1035352,S,,S,,,,,S,,R,S,,,,S,,,,,R,S,BV-BRC,,BV-BRC,,,,,BV-BRC,,BV-BRC,BV-BRC,,,,BV-BRC,,,,,BV-BRC,BV-BRC
ERR1035353,S,,S,,,,,S,,R,S,,,,S,,,,,R,S,BV-BRC,,BV-BRC,,,,,BV-BRC,,BV-BRC,BV-BRC,,,,BV-BRC,,,,,BV-BRC,BV-BRC
ERR1035355,R,,R,,,,,R,,R,R,,,,R,,,,,R,S,BV-BRC,,BV-BRC,,,,,BV-BRC,,BV-BRC,BV-BRC,,,,BV-BRC,,,,,BV-BRC,BV-BRC
ERR1035356,S,,S,,,,,S,,R,S,,,,R,,,,,R,S,BV-BRC,,BV-BRC,,,,,BV-BRC,,BV-BRC,BV-BRC,,,,BV-BRC,,,,,BV-BRC,BV-BRC
ERR1035357,S,,S,,,,,S,,R,S,,,,S,,,,,R,R,BV-BRC,,BV-BRC,,,,,BV-BRC,,BV-BRC,BV-BRC,,,,BV-BRC,,,,,BV-BRC,BV-BRC
ERR1035358,S,,S,,,,,S,,R,S,,,,R,,,,,R,S,BV-BRC,,BV-BRC,,,,,BV-BRC,,BV-BRC,BV-BRC,,,,BV-BRC,,,,,BV-BRC,BV-BRC
ERR1035359,R,,R,,,,,R,,R,R,,,,R,,,,,R,R,BV-BRC,,BV-BRC,,,,,BV-BRC,,BV-BRC,BV-BRC,,,,BV-BRC,,,,,BV-BRC,BV-BRC
ERR1035361,S,,S,,,,,S,,R,S,,,,S,,,,,R,S,BV-BRC,,BV-BRC,,,,,BV-BRC,,BV-BRC,BV-BRC,,,,BV-BRC,,,,,BV-BRC,BV-BRC
ERR1035362,S,,S,,,,,S,,R,S,,,,S,,,,,R,S,BV-BRC,,BV-BRC,,,,,BV-BRC,,BV-BRC,BV-BRC,,,,BV-BRC,,,,,BV-BRC,BV-BRC
ERR1035363,R,,R,,,,,R,,R,R,,,,R,,,,,R,S,BV-BRC,,BV-BRC,,,,,BV-BRC,,BV-BRC,BV-BRC,,,,BV-BRC,,,,,BV-BRC,BV-BRC
ERR1035364,S,,S,,,,,S,,R,S,,,,S,,,,,R,S,BV-BRC,,BV-BRC,,,,,BV-BRC,,BV-BRC,BV-BRC,,,,BV-BRC,,,,,BV-BRC,BV-BRC
ERR1036274,S,,R,,,,,S,R,R,R,,,,R,,,S,,R,R,BV-BRC,,BV-BRC,,,,,BV-BRC,BV-BRC,BV-BRC,BV-BRC,,,,BV-BRC,,,BV-BRC,,BV-BRC,BV-BRC
ERR1036275,S,,S,,,S,,,S,R,S,,,,S,S,,R,,R,,BV-BRC,,BV-BRC,,,BV-BRC,,,BV-BRC,BV-BRC,BV-BRC,,,,BV-BRC,BV-BRC,,BV-BRC,,BV-BRC,
ERR1036276,S,,S,,,,,R,R,R,R,,,,R,,,R,,R,R,BV-BRC,,BV-BRC,,,,,BV-BRC,BV-BRC,BV-BRC,BV-BRC,,,,BV-BRC,,,BV-BRC,,BV-BRC,BV-BRC
ERR1036279,S,,S,,,S,,,S,R,S,,,,S,S,,S,,R,,BV-BRC,,BV-BRC,,,BV-BRC,,,BV-BRC,BV-BRC,BV-BRC,,,,BV-BRC,BV-BRC,,BV-BRC,,BV-BRC,
ERR1036284,R,,R,,,S,,,R,,R,,,,S,S,,R,,,,BV-BRC,,BV-BRC,,,BV-BRC,,,BV-BRC,,BV-BRC,,,,BV-BRC,BV-BRC,,BV-BRC,,,
ERR1036285,R,,R,,,S,,,R,,R,,,,S,S,,R,,,,BV-BRC,,BV-BRC,,,BV-BRC,,,BV-BRC,,BV-BRC,,,,BV-BRC,BV-BRC,,BV-BRC,,,
ERR1036286,S,,S,,,,,R,R,R,,,,,S,,,R,,R,R,BV-BRC,,BV-BRC,,,,,BV-BRC,BV-BRC,BV-BRC,,,,,BV-BRC,,,BV-BRC,,BV-BRC,BV-BRC
ERR1036289,S,,S,,,,,R,R,R,R,,,,R,,,S,,R,R,BV-BRC,,BV-BRC,,,,,BV-BRC,BV-BRC,BV-BRC,BV-BRC,,,,BV-BRC,,,BV-BRC,,BV-BRC,BV-BRC
ERR1036290,S,,S,,,S,,S,R,R,S,,,,R,S,,R,,R,R,BV-BRC,,BV-BRC,,,BV-BRC,,BV-BRC,BV-BRC,BV-BRC,BV-BRC,,,,BV-BRC,BV-BRC,,BV-BRC,,BV-BRC,BV-BRC
ERR1036291,R,,R,,,S,,R,R,R,R,,,,R,S,,R,,R,S,BV-BRC,,BV-BRC,,,BV-BRC,,BV-BRC,BV-BRC,BV-BRC,BV-BRC,,,,BV-BRC,BV-BRC,,BV-BRC,,BV-BRC,BV-BRC
ERR1036294,R,,R,,,S,,R,R,R,R,,,,R,S,,R,,R,R,BV-BRC,,BV-BRC,,,BV-BRC,,BV-BRC,BV-BRC,BV-BRC,BV-BRC,,,,BV-BRC,BV-BRC,,BV-BRC,,BV-BRC,BV-BRC
ERR1036296,R,,R,,,S,,S,R,R,R,,,,R,S,,R,,R,R,BV-BRC,,BV-BRC,,,BV-BRC,,BV-BRC,BV-BRC,BV-BRC,BV-BRC,,,,BV-BRC,BV-BRC,,BV-BRC,,BV-BRC,BV-BRC
ERR1213889,,,,,,,,R,,R,,,,,,,,,,R,R,,,,,,,,BV-BRC,,BV-BRC,,,,,,,,,,BV-BRC,BV-BRC
ERR1213895,,,,,,,,S,,S,,,,,,,,,,S,S,,,,,,,,BV-BRC,,BV-BRC,,,,,,,,,,BV-BRC,BV-BRC
ERR126605,,,,,,,,S,,R,,,,,,,,S,,S,S,,,,,,,,BV-BRC,,BV-BRC,,,,,,,,BV-BRC,,BV-BRC,BV-BRC
ERR126620,,,,,,,,,,R,,,,,,,,,,S,,,,,,,,,,,BV-BRC,,,,,,,,,,BV-BRC,
ERR126630,,,,,,,,,,S,,,,,,,,,,S,,,,,,,,,,,BV-BRC,,,,,,,,,,BV-BRC,
ERR126642,,,,,,,,S,,R,,,,,,,,S,,S,S,,,,,,,,BV-BRC,,BV-BRC,,,,,,,,BV-BRC,,BV-BRC,BV-BRC
ERR161027,,,,,,,,S,,R,,,,,,,,S,,S,S,,,,,,,,BV-BRC,,BV-BRC,,,,,,,,BV-BRC,,BV-BRC,BV-BRC
ERR161043,,,,,,,,S,,R,,,,,,,,S,,S,S,,,,,,,,BV-BRC,,BV-BRC,,,,,,,,BV-BRC,,BV-BRC,BV-BRC
ERR161060,,,,,,,,S,,R,,,,,,,,S,,S,S,,,,,,,,BV-BRC,,BV-BRC,,,,,,,,BV-BRC,,BV-BRC,BV-BRC
ERR161070,,,,,,,,,,S,,,,,,,,,,S,,,,,,,,,,,BV-BRC,,,,,,,,,,BV-BRC,
ERR161075,,,,,,,,S,,R,,,,,,,,S,,S,S,,,,,,,,BV-BRC,,BV-BRC,,,,,,,,BV-BRC,,BV-BRC,BV-BRC
ERR161081,,,,,,,,,,S,,,,,,,,,,S,,,,,,,,,,,BV-BRC,,,,,,,,,,BV-BRC,
ERR161085,,,,,,,,S,,R,,,,,,,,S,,S,S,,,,,,,,BV-BRC,,BV-BRC,,,,,,,,BV-BRC,,BV-BRC,BV-BRC
ERR161102,,,,,,,,,,S,,,,,,,,,,S,,,,,,,,,,,BV-BRC,,,,,,,,,,BV-BRC,
ERR161105,,,,,,,,S,,R,,,,,,,,S,,S,S,,,,,,,,BV-BRC,,BV-BRC,,,,,,,,BV-BRC,,BV-BRC,BV-BRC
ERR161115,,,,,,,,,,S,,,,,,,,,,S,,,,,,,,,,,BV-BRC,,,,,,,,,,BV-BRC,
ERR161147,,,,,,,,S,,R,,,,,,,,S,,S,S,,,,,,,,BV-BRC,,BV-BRC,,,,,,,,BV-BRC,,BV-BRC,BV-BRC
ERR161158,,,,,,,,,,S,,,,,,,,,,S,,,,,,,,,,,BV-BRC,,,,,,,,,,BV-BRC,
ERR161199,,,,,,,,,,S,,,,,,,,,,S,,,,,,,,,,,BV-BRC,,,,,,,,,,BV-BRC,
ERR163930,,,,,,,,,,S,,,,,,,,,,S,,,,,,,,,,,BV-BRC,,,,,,,,,,BV-BRC,
ERR163945,,,,,,,,,,S,,,,,,,,,,S,,,,,,,,,,,BV-BRC,,,,,,,,,,BV-BRC,
ERR163953,,,,,,,,S,,R,,,,,,,,S,,R,R,,,,,,,,BV-BRC,,BV-BRC,,,,,,,,BV-BRC,,BV-BRC,BV-BRC
ERR163958,,,,,,,,S,,R,,,,,,,,R,,R,R,,,,,,,,BV-BRC,,BV-BRC,,,,,,,,BV-BRC,,BV-BRC,BV-BRC
ERR163962,,,,,,,,S,,R,,,,,,,,S,,S,R,,,,,,,,BV-BRC,,BV-BRC,,,,,,,,BV-BRC,,BV-BRC,BV-BRC
ERR163984,,,,,,,,S,,R,,,,,,,,S,,S,S,,,,,,,,BV-BRC,,BV-BRC,,,,,,,,BV-BRC,,BV-BRC,BV-BRC
ERR163987,,,,,,,,,,S,,,,,,,,,,S,,,,,,,,,,,BV-BRC,,,,,,,,,,BV-BRC,
ERR163992,,,,,,,,,,S,,,,,,,,,,S,,,,,,,,,,,BV-BRC,,,,,,,,,,BV-BRC,
ERR163997,,,,,,,,S,,R,,,,,,,,,,S,S,,,,,,,,BV-BRC,,BV-BRC,,,,,,,,,,BV-BRC,BV-BRC
ERR164001,,,,,,,,S,,R,,,,,,,,S,,S,S,,,,,,,,BV-BRC,,BV-BRC,,,,,,,,BV-BRC,,BV-BRC,BV-BRC
ERR164002,,,,,,,,S,,S,,,,,,,,,,S,S,,,,,,,,BV-BRC,,BV-BRC,,,,,,,,,,BV-BRC,BV-BRC
ERR164012,,,,,,,,S,,S,,,,,,,,S,,S,S,,,,,,,,BV-BRC,,BV-BRC,,,,,,,,BV-BRC,,BV-BRC,BV-BRC
ERR176455,,,,,,,,,,S,,,,,,,,,,S,,,,,,,,,,,BV-BRC,,,,,,,,,,BV-BRC,
ERR176463,,,,,,,,S,,R,,,,,,,,S,,S,S,,,,,,,,BV-BRC,,BV-BRC,,,,,,,,BV-BRC,,BV-BRC,BV-BRC
ERR176472,,,,,,,,S,,S,,,,,,,,S,,S,S,,,,,,,,BV-BRC,,BV-BRC,,,,,,,,BV-BRC,,BV-BRC,BV-BRC
ERR176477,,,,,,,,S,,R,,,,,,,,S,,S,S,,,,,,,,BV-BRC,,BV-BRC,,,,,,,,BV-BRC,,BV-BRC,BV-BRC
ERR176488,,,,,,,,S,,S,,,,,,,,S,,S,S,,,,,,,,BV-BRC,,BV-BRC,,,,,,,,BV-BRC,,BV-BRC,BV-BRC
ERR176491,,,,,,,,S,,S,,,,,,,,S,,S,S,,,,,,,,BV-BRC,,BV-BRC,,,,,,,,BV-BRC,,BV-BRC,BV-BRC
ERR176496,,,,,,,,,,S,,,,,,,,,,S,,,,,,,,,,,BV-BRC,,,,,,,,,,BV-BRC,
ERR176501,,,,,,,,S,,R,,,,,,,,S,,S,S,,,,,,,,BV-BRC,,BV-BRC,,,,,,,,BV-BRC,,BV-BRC,BV-BRC
ERR176513,,,,,,,,S,,R,,,,,,,,S,,S,R,,,,,,,,BV-BRC,,BV-BRC,,,,,,,,BV-BRC,,BV-BRC,BV-BRC
ERR176514,,,,,,,,S,,S,,,,,,,,S,,S,S,,,,,,,,BV-BRC,,BV-BRC,,,,,,,,BV-BRC,,BV-BRC,BV-BRC
ERR176530,,,,,,,,S,,R,,,,,,,,S,,S,R,,,,,,,,BV-BRC,,BV-BRC,,,,,,,,BV-BRC,,BV-BRC,BV-BRC
ERR176543,,,,,,,,S,,R,,,,,,,,S,,S,S,,,,,,,,BV-BRC,,BV-BRC,,,,,,,,BV-BRC,,BV-BRC,BV-BRC
ERR176545,,,,,,,,,,S,,,,,,,,,,S,,,,,,,,,,,BV-BRC,,,,,,,,,,BV-BRC,
ERR176555,,,,,,,,S,,R,,,,,,,,S,,S,S,,,,,,,,BV-BRC,,BV-BRC,,,,,,,,BV-BRC,,BV-BRC,BV-BRC
ERR176561,,,,,,,,,,S,,,,,,,,,,S,,,,,,,,,,,BV-BRC,,,,,,,,,,BV-BRC,
ERR176574,,,,,,,,S,,S,,,,,,,,S,,S,S,,,,,,,,BV-BRC,,BV-BRC,,,,,,,,BV-BRC,,BV-BRC,BV-BRC
ERR176577,,,,,,,,S,,S,,,,,,,,S,,S,S,,,,,,,,BV-BRC,,BV-BRC,,,,,,,,BV-BRC,,BV-BRC,BV-BRC
ERR176586,,,,,,,,,,S,,,,,,,,,,S,,,,,,,,,,,BV-BRC,,,,,,,,,,BV-BRC,
ERR176592,,,,,,,,,,S,,,,,,,,,,S,,,,,,,,,,,BV-BRC,,,,,,,,,,BV-BRC,
ERR176598,,,,,,,,S,,R,,,,,,,,R,,R,R,,,,,,,,BV-BRC,,BV-BRC,,,,,,,,BV-BRC,,BV-BRC,BV-BRC
ERR176600,,,,,,,,,,S,,,,,,,,,,S,,,,,,,,,,,BV-BRC,,,,,,,,,,BV-BRC,
ERR176605,,,,,,,,S,,R,,,,,,,,S,,S,R,,,,,,,,BV-BRC,,BV-BRC,,,,,,,,BV-BRC,,BV-BRC,BV-BRC
ERR176606,,,,,,,,S,,S,,,,,,,,S,,S,S,,,,,,,,BV-BRC,,BV-BRC,,,,,,,,BV-BRC,,BV-BRC,BV-BRC
ERR176613,,,,,,,,,,S,,,,,,,,,,S,,,,,,,,,,,BV-BRC,,,,,,,,,,BV-BRC,
ERR176624,,,,,,,,S,,R,,,,,,,,S,,S,S,,,,,,,,BV-BRC,,BV-BRC,,,,,,,,BV-BRC,,BV-BRC,BV-BRC
ERR176629,,,,,,,,S,,R,,,,,,,,R,,R,R,,,,,,,,BV-BRC,,BV-BRC,,,,,,,,BV-BRC,,BV-BRC,BV-BRC
ERR176659,,,,,,,,,,S,,,,,,,,,,S,,,,,,,,,,,BV-BRC,,,,,,,,,,BV-BRC,
ERR176696,,,,,,,,S,,R,,,,,,,,S,,S,R,,,,,,,,BV-BRC,,BV-BRC,,,,,,,,BV-BRC,,BV-BRC,BV-BRC
ERR176736,,,,,,,,S,,R,,,,,,,,S,,S,S,,,,,,,,BV-BRC,,BV-BRC,,,,,,,,BV-BRC,,BV-BRC,BV-BRC
ERR176752,,,,,,,,S,,R,,,,,,,,S,,S,R,,,,,,,,BV-BRC,,BV-BRC,,,,,,,,BV-BRC,,BV-BRC,BV-BRC
ERR176758,,,,,,,,S,,S,,,,,,,,S,,S,S,,,,,,,,BV-BRC,,BV-BRC,,,,,,,,BV-BRC,,BV-BRC,BV-BRC
ERR176765,,,,,,,,S,,R,,,,,,,,S,,S,S,,,,,,,,BV-BRC,,BV-BRC,,,,,,,,BV-BRC,,BV-BRC,BV-BRC
ERR176785,,,,,,,,,,S,,,,,,,,,,S,,,,,,,,,,,BV-BRC,,,,,,,,,,BV-BRC,
ERR176802,,,,,,,,S,,S,,,,,,,,S,,S,S,,,,,,,,BV-BRC,,BV-BRC,,,,,,,,BV-BRC,,BV-BRC,BV-BRC
ERR176809,,,,,,,,S,,R,,,,,,,,,,S,S,,,,,,,,BV-BRC,,BV-BRC,,,,,,,,,,BV-BRC,BV-BRC
ERR176826,,,,,,,,S,,S,,,,,,,,S,,S,S,,,,,,,,BV-BRC,,BV-BRC,,,,,,,,BV-BRC,,BV-BRC,BV-BRC
ERR176828,,,,,,,,S,,R,,,,,,,,S,,S,S,,,,,,,,BV-BRC,,BV-BRC,,,,,,,,BV-BRC,,BV-BRC,BV-BRC
ERR181674,,,,,,,,,,S,,,,,,,,,,S,,,,,,,,,,,BV-BRC,,,,,,,,,,BV-BRC,
ERR181680,,,,,,,,S,,R,,,,,,,,S,,S,S,,,,,,,,BV-BRC,,BV-BRC,,,,,,,,BV-BRC,,BV-BRC,BV-BRC
ERR181688,,,,,,,,,,S,,,,,,,,,,S,,,,,,,,,,,BV-BRC,,,,,,,,,,BV-BRC,
ERR181692,,,,,,,,S,,R,,,,,,,,S,,S,S,,,,,,,,BV-BRC,,BV-BRC,,,,,,,,BV-BRC,,BV-BRC,BV-BRC
ERR181696,,,,,,,,,,S,,,,,,,,,,S,,,,,,,,,,,BV-BRC,,,,,,,,,,BV-BRC,
ERR181706,,,,,,,,,,S,,,,,,,,,,S,,,,,,,,,,,BV-BRC,,,,,,,,,,BV-BRC,
ERR181710,,,,,,,,S,,R,,,,,,,,S,,S,S,,,,,,,,BV-BRC,,BV-BRC,,,,,,,,BV-BRC,,BV-BRC,BV-BRC
ERR181716,,,,,,,,S,,R,,,,,,,,S,,S,S,,,,,,,,BV-BRC,,BV-BRC,,,,,,,,BV-BRC,,BV-BRC,BV-BRC
ERR181721,,,,,,,,,,S,,,,,,,,,,S,,,,,,,,,,,BV-BRC,,,,,,,,,,BV-BRC,
ERR181727,,,,,,,,S,,R,,,,,,,,S,,S,R,,,,,,,,BV-BRC,,BV-BRC,,,,,,,,BV-BRC,,BV-BRC,BV-BRC
ERR181751,,,,,,,,S,,R,,,,,,,,S,,S,S,,,,,,,,BV-BRC,,BV-BRC,,,,,,,,BV-BRC,,BV-BRC,BV-BRC
ERR181754,,,,,,,,,,S,,,,,,,,,,S,,,,,,,,,,,BV-BRC,,,,,,,,,,BV-BRC,
ERR181763,,,,,,,,S,,R,,,,,,,,S,,S,S,,,,,,,,BV-BRC,,BV-BRC,,,,,,,,BV-BRC,,BV-BRC,BV-BRC
ERR181765,,,,,,,,S,,R,,,,,,,,S,,S,R,,,,,,,,BV-BRC,,BV-BRC,,,,,,,,BV-BRC,,BV-BRC,BV-BRC
ERR181770,,,,,,,,,,S,,,,,,,,,,S,,,,,,,,,,,BV-BRC,,,,,,,,,,BV-BRC,
ERR181782,,,,,,,,S,,R,,,,,,,,S,,S,S,,,,,,,,BV-BRC,,BV-BRC,,,,,,,,BV-BRC,,BV-BRC,BV-BRC
ERR181789,,,,,,,,,,S,,,,,,,,,,S,,,,,,,,,,,BV-BRC,,,,,,,,,,BV-BRC,
ERR181793,,,,,,,,S,,R,,,,,,,,S,,S,S,,,,,,,,BV-BRC,,BV-BRC,,,,,,,,BV-BRC,,BV-BRC,BV-BRC
ERR181800,,,,,,,,,,S,,,,,,,,,,S,,,,,,,,,,,BV-BRC,,,,,,,,,,BV-BRC,
ERR181806,,,,,,,,,,S,,,,,,,,,,S,,,,,,,,,,,BV-BRC,,,,,,,,,,BV-BRC,
ERR181815,,,,,,,,S,,R,,,,,,,,S,,S,S,,,,,,,,BV-BRC,,BV-BRC,,,,,,,,BV-BRC,,BV-BRC,BV-BRC
ERR181826,,,,,,,,S,,R,,,,,,,,S,,S,R,,,,,,,,BV-BRC,,BV-BRC,,,,,,,,BV-BRC,,BV-BRC,BV-BRC
ERR181844,,,,,,,,,,S,,,,,,,,,,S,,,,,,,,,,,BV-BRC,,,,,,,,,,BV-BRC,
ERR181852,,,,,,,,S,,S,,,,,,,,S,,R,S,,,,,,,,BV-BRC,,BV-BRC,,,,,,,,BV-BRC,,BV-BRC,BV-BRC
ERR181858,,,,,,,,,,S,,,,,,,,,,S,,,,,,,,,,,BV-BRC,,,,,,,,,,BV-BRC,
ERR181861,,,,,,,,S,,R,,,,,,,,S,,R,R,,,,,,,,BV-BRC,,BV-BRC,,,,,,,,BV-BRC,,BV-BRC,BV-BRC
ERR181868,,,,,,,,S,,S,,,,,,,,S,,S,S,,,,,,,,BV-BRC,,BV-BRC,,,,,,,,BV-BRC,,BV-BRC,BV-BRC
ERR181869,,,,,,,,S,,S,,,,,,,,S,,S,S,,,,,,,,BV-BRC,,BV-BRC,,,,,,,,BV-BRC,,BV-BRC,BV-BRC
ERR181878,,,,,,,,S,,S,,,,,,,,S,,S,S,,,,,,,,BV-BRC,,BV-BRC,,,,,,,,BV-BRC,,BV-BRC,BV-BRC
ERR181879,,,,,,,,S,,S,,,,,,,,S,,S,S,,,,,,,,BV-BRC,,BV-BRC,,,,,,,,BV-BRC,,BV-BRC,BV-BRC
ERR181896,,,,,,,,S,,R,,,,,,,,S,,S,S,,,,,,,,BV-BRC,,BV-BRC,,,,,,,,BV-BRC,,BV-BRC,BV-BRC
ERR181907,,,,,,,,S,,R,,,,,,,,S,,S,R,,,,,,,,BV-BRC,,BV-BRC,,,,,,,,BV-BRC,,BV-BRC,BV-BRC
ERR181909,,,,,,,,S,,R,,,,,,,,S,,S,S,,,,,,,,BV-BRC,,BV-BRC,,,,,,,,BV-BRC,,BV-BRC,BV-BRC
ERR181914,,,,,,,,,,S,,,,,,,,,,S,,,,,,,,,,,BV-BRC,,,,,,,,,,BV-BRC,
ERR181918,,,,,,,,,,S,,,,,,,,,,S,,,,,,,,,,,BV-BRC,,,,,,,,,,BV-BRC,
ERR181921,,,,,,,,S,,R,,,,,,,,S,,S,S,,,,,,,,BV-BRC,,BV-BRC,,,,,,,,BV-BRC,,BV-BRC,BV-BRC
ERR181930,,,,,,,,S,,R,,,,,,,,S,,S,R,,,,,,,,BV-BRC,,BV-BRC,,,,,,,,BV-BRC,,BV-BRC,BV-BRC
ERR181932,,,,,,,,S,,R,,,,,,,,S,,S,S,,,,,,,,BV-BRC,,BV-BRC,,,,,,,,BV-BRC,,BV-BRC,BV-BRC
ERR181933,,,,,,,,S,,R,,,,,,,,S,,S,S,,,,,,,,BV-BRC,,BV-BRC,,,,,,,,BV-BRC,,BV-BRC,BV-BRC
ERR181934,,,,,,,,S,,R,,,,,,,,S,,S,R,,,,,,,,BV-BRC,,BV-BRC,,,,,,,,BV-BRC,,BV-BRC,BV-BRC
ERR181942,,,,,,,,S,,R,,,,,,,,S,,S,S,,,,,,,,BV-BRC,,BV-BRC,,,,,,,,BV-BRC,,BV-BRC,BV-BRC
ERR181947,,,,,,,,,,S,,,,,,,,,,S,,,,,,,,,,,BV-BRC,,,,,,,,,,BV-BRC,
ERR181956,,,,,,,,S,,R,,,,,,,,S,,S,S,,,,,,,,BV-BRC,,BV-BRC,,,,,,,,BV-BRC,,BV-BRC,BV-BRC
ERR181958,,,,,,,,,,S,,,,,,,,,,S,,,,,,,,,,,BV-BRC,,,,,,,,,,BV-BRC,
ERR181962,,,,,,,,,,S,,,,,,,,,,S,,,,,,,,,,,BV-BRC,,,,,,,,,,BV-BRC,
ERR181968,,,,,,,,,,S,,,,,,,,,,S,,,,,,,,,,,BV-BRC,,,,,,,,,,BV-BRC,
ERR182016,,,,,,,,,,S,,,,,,,,,,S,,,,,,,,,,,BV-BRC,,,,,,,,,,BV-BRC,
ERR182052,,,,,,,,,,S,,,,,,,,,,S,,,,,,,,,,,BV-BRC,,,,,,,,,,BV-BRC,
ERR1873436,R,,R,,,S,,R,R,R,R,,,R,R,S,,R,,R,R,BV-BRC,,BV-BRC,,,BV-BRC,,BV-BRC,BV-BRC,BV-BRC,BV-BRC,,,BV-BRC,BV-BRC,BV-BRC,,BV-BRC,,BV-BRC,BV-BRC
ERR1873438,R,,R,,,R,,R,R,R,R,,,S,R,S,,S,,R,R,BV-BRC,,BV-BRC,,,BV-BRC,,BV-BRC,BV-BRC,BV-BRC,BV-BRC,,,BV-BRC,BV-BRC,BV-BRC,,BV-BRC,,BV-BRC,BV-BRC
ERR1873439,R,,R,,,R,,R,R,R,R,,,R,R,S,,R,,R,R,BV-BRC,,BV-BRC,,,BV-BRC,,BV-BRC,BV-BRC,BV-BRC,BV-BRC,,,BV-BRC,BV-BRC,BV-BRC,,BV-BRC,,BV-BRC,BV-BRC
ERR1873440,R,,,,,R,,R,S,R,R,,,R,R,S,,,,R,R,BV-BRC,,,,,BV-BRC,,BV-BRC,BV-BRC,BV-BRC,BV-BRC,,,BV-BRC,BV-BRC,BV-BRC,,,,BV-BRC,BV-BRC
ERR1873441,R,,S,,,R,,R,S,R,R,,,S,R,S,,R,,R,R,BV-BRC,,BV-BRC,,,BV-BRC,,BV-BRC,BV-BRC,BV-BRC,BV-BRC,,,BV-BRC,BV-BRC,BV-BRC,,BV-BRC,,BV-BRC,BV-BRC
ERR1873442,S,,R,,,S,,S,S,S,S,,,S,R,S,,S,,R,S,BV-BRC,,BV-BRC,,,BV-BRC,,BV-BRC,BV-BRC,BV-BRC,BV-BRC,,,BV-BRC,BV-BRC,BV-BRC,,BV-BRC,,BV-BRC,BV-BRC
ERR1873443,R,,R,,,R,,R,R,R,R,,,R,R,S,,R,,R,R,BV-BRC,,BV-BRC,,,BV-BRC,,BV-BRC,BV-BRC,BV-BRC,BV-BRC,,,BV-BRC,BV-BRC,BV-BRC,,BV-BRC,,BV-BRC,BV-BRC
ERR1873444,R,,R,,,S,,R,S,R,R,,,R,R,S,,R,,R,S,BV-BRC,,BV-BRC,,,BV-BRC,,BV-BRC,BV-BRC,BV-BRC,BV-BRC,,,BV-BRC,BV-BRC,BV-BRC,,BV-BRC,,BV-BRC,BV-BRC
ERR1873447,R,,R,,,S,,R,S,R,R,,,S,S,S,,R,,R,S,BV-BRC,,BV-BRC,,,BV-BRC,,BV-BRC,BV-BRC,BV-BRC,BV-BRC,,,BV-BRC,BV-BRC,BV-BRC,,BV-BRC,,BV-BRC,BV-BRC
ERR1873448,R,,R,,,S,,R,S,R,R,,,S,R,S,,R,,R,R,BV-BRC,,BV-BRC,,,BV-BRC,,BV-BRC,BV-BRC,BV-BRC,BV-BRC,,,BV-BRC,BV-BRC,BV-BRC,,BV-BRC,,BV-BRC,BV-BRC
ERR1873449,S,,S,,,S,,R,S,R,R,,,R,R,S,,R,,R,S,BV-BRC,,BV-BRC,,,BV-BRC,,BV-BRC,BV-BRC,BV-BRC,BV-BRC,,,BV-BRC,BV-BRC,BV-BRC,,BV-BRC,,BV-BRC,BV-BRC
ERR1873450,S,,R,,,S,,R,R,R,S,,,S,R,S,,R,,R,R,BV-BRC,,BV-BRC,,,BV-BRC,,BV-BRC,BV-BRC,BV-BRC,BV-BRC,,,BV-BRC,BV-BRC,BV-BRC,,BV-BRC,,BV-BRC,BV-BRC
ERR1873451,R,,R,,,S,,R,S,R,R,,,S,R,S,,R,,R,S,BV-BRC,,BV-BRC,,,BV-BRC,,BV-BRC,BV-BRC,BV-BRC,BV-BRC,,,BV-BRC,BV-BRC,BV-BRC,,BV-BRC,,BV-BRC,BV-BRC
ERR1873452,R,,R,,,R,,R,R,R,R,,,R,R,S,,R,,R,R,BV-BRC,,BV-BRC,,,BV-BRC,,BV-BRC,BV-BRC,BV-BRC,BV-BRC,,,BV-BRC,BV-BRC,BV-BRC,,BV-BRC,,BV-BRC,BV-BRC
ERR1873453,R,,R,,,R,,R,R,R,R,,,R,R,S,,R,,R,R,BV-BRC,,BV-BRC,,,BV-BRC,,BV-BRC,BV-BRC,BV-BRC,BV-BRC,,,BV-BRC,BV-BRC,BV-BRC,,BV-BRC,,BV-BRC,BV-BRC
ERR1873454,R,,R,,,R,,R,R,R,R,,,R,R,S,,R,,R,R,BV-BRC,,BV-BRC,,,BV-BRC,,BV-BRC,BV-BRC,BV-BRC,BV-BRC,,,BV-BRC,BV-BRC,BV-BRC,,BV-BRC,,BV-BRC,BV-BRC
ERR1873455,S,,S,,,S,,R,R,R,S,,,S,S,S,,R,,R,S,BV-BRC,,BV-BRC,,,BV-BRC,,BV-BRC,BV-BRC,BV-BRC,BV-BRC,,,BV-BRC,BV-BRC,BV-BRC,,BV-BRC,,BV-BRC,BV-BRC
ERR1873456,R,,R,,,R,,R,R,R,R,,,R,R,R,,R,,R,R,BV-BRC,,BV-BRC,,,BV-BRC,,BV-BRC,BV-BRC,BV-BRC,BV-BRC,,,BV-BRC,BV-BRC,BV-BRC,,BV-BRC,,BV-BRC,BV-BRC
ERR1873457,R,,R,,,S,,R,S,R,R,,,S,R,S,,R,,R,S,BV-BRC,,BV-BRC,,,BV-BRC,,BV-BRC,BV-BRC,BV-BRC,BV-BRC,,,BV-BRC,BV-BRC,BV-BRC,,BV-BRC,,BV-BRC,BV-BRC
ERR1873458,R,,R,,,S,,R,S,S,R,,,S,S,S,,R,,R,S,BV-BRC,,BV-BRC,,,BV-BRC,,BV-BRC,BV-BRC,BV-BRC,BV-BRC,,,BV-BRC,BV-BRC,BV-BRC,,BV-BRC,,BV-BRC,BV-BRC
ERR1873460,R,,R,,,S,,S,R,R,R,,,S,R,S,,R,,R,R,BV-BRC,,BV-BRC,,,BV-BRC,,BV-BRC,BV-BRC,BV-BRC,BV-BRC,,,BV-BRC,BV-BRC,BV-BRC,,BV-BRC,,BV-BRC,BV-BRC
ERR1873462,R,,R,,,S,,R,S,R,R,,,S,R,S,,R,,R,R,BV-BRC,,BV-BRC,,,BV-BRC,,BV-BRC,BV-BRC,BV-BRC,BV-BRC,,,BV-BRC,BV-BRC,BV-BRC,,BV-BRC,,BV-BRC,BV-BRC
ERR1873464,R,,S,,,S,,R,S,R,R,,,S,S,S,,R,,R,S,BV-BRC,,BV-BRC,,,BV-BRC,,BV-BRC,BV-BRC,BV-BRC,BV-BRC,,,BV-BRC,BV-BRC,BV-BRC,,BV-BRC,,BV-BRC,BV-BRC
ERR1873465,R,,S,,,S,,S,S,S,R,,,R,R,S,,R,,R,R,BV-BRC,,BV-BRC,,,BV-BRC,,BV-BRC,BV-BRC,BV-BRC,BV-BRC,,,BV-BRC,BV-BRC,BV-BRC,,BV-BRC,,BV-BRC,BV-BRC
ERR1873466,R,,R,,,S,,R,R,R,R,,,R,R,S,,R,,R,R,BV-BRC,,BV-BRC,,,BV-BRC,,BV-BRC,BV-BRC,BV-BRC,BV-BRC,,,BV-BRC,BV-BRC,BV-BRC,,BV-BRC,,BV-BRC,BV-BRC
ERR1873467,R,,R,,,R,,R,S,R,R,,,R,R,S,,R,,R,R,BV-BRC,,BV-BRC,,,BV-BRC,,BV-BRC,BV-BRC,BV-BRC,BV-BRC,,,BV-BRC,BV-BRC,BV-BRC,,BV-BRC,,BV-BRC,BV-BRC
ERR1873468,R,,R,,,S,,R,S,R,R,,,R,R,S,,R,,R,R,BV-BRC,,BV-BRC,,,BV-BRC,,BV-BRC,BV-BRC,BV-BRC,BV-BRC,,,BV-BRC,BV-BRC,BV-BRC,,BV-BRC,,BV-BRC,BV-BRC
ERR1873469,R,,R,,,S,,S,S,R,R,,,R,R,S,,R,,R,S,BV-BRC,,BV-BRC,,,BV-BRC,,BV-BRC,BV-BRC,BV-BRC,BV-BRC,,,BV-BRC,BV-BRC,BV-BRC,,BV-BRC,,BV-BRC,BV-BRC
ERR1873470,R,,R,,,S,,S,S,R,R,,,S,S,S,,R,,R,S,BV-BRC,,BV-BRC,,,BV-BRC,,BV-BRC,BV-BRC,BV-BRC,BV-BRC,,,BV-BRC,BV-BRC,BV-BRC,,BV-BRC,,BV-BRC,BV-BRC
ERR1873471,S,,S,,,S,,R,S,R,R,,,S,S,S,,R,,S,S,BV-BRC,,BV-BRC,,,BV-BRC,,BV-BRC,BV-BRC,BV-BRC,BV-BRC,,,BV-BRC,BV-BRC,BV-BRC,,BV-BRC,,BV-BRC,BV-BRC
ERR1873472,R,,R,,,R,,R,R,R,R,,,R,R,S,,R,,R,R,BV-BRC,,BV-BRC,,,BV-BRC,,BV-BRC,BV-BRC,BV-BRC,BV-BRC,,,BV-BRC,BV-BRC,BV-BRC,,BV-BRC,,BV-BRC,BV-BRC
ERR1873473,R,,R,,,R,,R,S,R,R,,,S,S,S,,R,,R,R,BV-BRC,,BV-BRC,,,BV-BRC,,BV-BRC,BV-BRC,BV-BRC,BV-BRC,,,BV-BRC,BV-BRC,BV-BRC,,BV-BRC,,BV-BRC,BV-BRC
ERR1873474,R,,S,,,S,,R,R,R,R,,,S,R,S,,R,,R,R,BV-BRC,,BV-BRC,,,BV-BRC,,BV-BRC,BV-BRC,BV-BRC,BV-BRC,,,BV-BRC,BV-BRC,BV-BRC,,BV-BRC,,BV-BRC,BV-BRC
ERR1873475,R,,R,,,S,,S,S,R,R,,,R,R,S,,R,,R,S,BV-BRC,,BV-BRC,,,BV-BRC,,BV-BRC,BV-BRC,BV-BRC,BV-BRC,,,BV-BRC,BV-BRC,BV-BRC,,BV-BRC,,BV-BRC,BV-BRC
ERR1873477,R,,R,,,S,,R,R,R,R,,,R,R,S,,R,,R,R,BV-BRC,,BV-BRC,,,BV-BRC,,BV-BRC,BV-BRC,BV-BRC,BV-BRC,,,BV-BRC,BV-BRC,BV-BRC,,BV-BRC,,BV-BRC,BV-BRC
ERR1873478,R,,R,,,S,,R,S,R,R,,,S,R,S,,R,,R,S,BV-BRC,,BV-BRC,,,BV-BRC,,BV-BRC,BV-BRC,BV-BRC,BV-BRC,,,BV-BRC,BV-BRC,BV-BRC,,BV-BRC,,BV-BRC,BV-BRC
ERR1873479,R,,R,,,S,,S,S,R,R,,,R,R,S,,S,,R,S,BV-BRC,,BV-BRC,,,BV-BRC,,BV-BRC,BV-BRC,BV-BRC,BV-BRC,,,BV-BRC,BV-BRC,BV-BRC,,BV-BRC,,BV-BRC,BV-BRC
ERR1873481,R,,R,,,S,,R,R,R,R,,,S,R,S,,R,,R,S,BV-BRC,,BV-BRC,,,BV-BRC,,BV-BRC,BV-BRC,BV-BRC,BV-BRC,,,BV-BRC,BV-BRC,BV-BRC,,BV-BRC,,BV-BRC,BV-BRC
ERR1873483,R,,R,,,S,,R,S,R,R,,,S,R,S,,R,,R,S,BV-BRC,,BV-BRC,,,BV-BRC,,BV-BRC,BV-BRC,BV-BRC,BV-BRC,,,BV-BRC,BV-BRC,BV-BRC,,BV-BRC,,BV-BRC,BV-BRC
ERR1873485,R,,R,,,R,,R,S,R,R,,,R,R,S,,R,,R,R,BV-BRC,,BV-BRC,,,BV-BRC,,BV-BRC,BV-BRC,BV-BRC,BV-BRC,,,BV-BRC,BV-BRC,BV-BRC,,BV-BRC,,BV-BRC,BV-BRC
ERR1873486,R,,R,,,S,,S,S,R,R,,,S,S,S,,R,,R,R,BV-BRC,,BV-BRC,,,BV-BRC,,BV-BRC,BV-BRC,BV-BRC,BV-BRC,,,BV-BRC,BV-BRC,BV-BRC,,BV-BRC,,BV-BRC,BV-BRC
ERR1873487,S,,R,,,R,,S,S,R,R,,,R,R,S,,R,,R,R,BV-BRC,,BV-BRC,,,BV-BRC,,BV-BRC,BV-BRC,BV-BRC,BV-BRC,,,BV-BRC,BV-BRC,BV-BRC,,BV-BRC,,BV-BRC,BV-BRC
ERR1873489,R,,R,,,R,,R,S,R,R,,,R,R,S,,R,,R,R,BV-BRC,,BV-BRC,,,BV-BRC,,BV-BRC,BV-BRC,BV-BRC,BV-BRC,,,BV-BRC,BV-BRC,BV-BRC,,BV-BRC,,BV-BRC,BV-BRC
ERR1873490,R,,R,,,S,,R,S,R,R,,,R,R,S,,R,,R,R,BV-BRC,,BV-BRC,,,BV-BRC,,BV-BRC,BV-BRC,BV-BRC,BV-BRC,,,BV-BRC,BV-BRC,BV-BRC,,BV-BRC,,BV-BRC,BV-BRC
ERR1873491,R,,R,,,S,,R,S,R,R,,,R,R,S,,R,,R,S,BV-BRC,,BV-BRC,,,BV-BRC,,BV-BRC,BV-BRC,BV-BRC,BV-BRC,,,BV-BRC,BV-BRC,BV-BRC,,BV-BRC,,BV-BRC,BV-BRC
ERR1873493,R,,R,,,R,,S,S,R,R,,,S,S,S,,R,,R,R,BV-BRC,,BV-BRC,,,BV-BRC,,BV-BRC,BV-BRC,BV-BRC,BV-BRC,,,BV-BRC,BV-BRC,BV-BRC,,BV-BRC,,BV-BRC,BV-BRC
ERR1873494,R,,R,,,S,,R,R,R,R,,,R,R,S,,R,,R,R,BV-BRC,,BV-BRC,,,BV-BRC,,BV-BRC,BV-BRC,BV-BRC,BV-BRC,,,BV-BRC,BV-BRC,BV-BRC,,BV-BRC,,BV-BRC,BV-BRC
ERR1873495,R,,R,,,S,,R,R,R,R,,,R,R,S,,R,,R,R,BV-BRC,,BV-BRC,,,BV-BRC,,BV-BRC,BV-BRC,BV-BRC,BV-BRC,,,BV-BRC,BV-BRC,BV-BRC,,BV-BRC,,BV-BRC,BV-BRC
ERR1873496,R,,R,,,S,,R,R,R,R,,,R,R,S,,R,,R,R,BV-BRC,,BV-BRC,,,BV-BRC,,BV-BRC,BV-BRC,BV-BRC,BV-BRC,,,BV-BRC,BV-BRC,BV-BRC,,BV-BRC,,BV-BRC,BV-BRC
ERR1873497,R,,R,,,R,,R,R,R,R,,,R,R,S,,R,,R,R,BV-BRC,,BV-BRC,,,BV-BRC,,BV-BRC,BV-BRC,BV-BRC,BV-BRC,,,BV-BRC,BV-BRC,BV-BRC,,BV-BRC,,BV-BRC,BV-BRC
ERR1873498,R,,R,,,S,,R,R,R,R,,,S,S,S,,R,,R,R,BV-BRC,,BV-BRC,,,BV-BRC,,BV-BRC,BV-BRC,BV-BRC,BV-BRC,,,BV-BRC,BV-BRC,BV-BRC,,BV-BRC,,BV-BRC,BV-BRC
ERR1873499,R,,R,,,R,,R,R,R,R,,,S,R,S,,R,,R,S,BV-BRC,,BV-BRC,,,BV-BRC,,BV-BRC,BV-BRC,BV-BRC,BV-BRC,,,BV-BRC,BV-BRC,BV-BRC,,BV-BRC,,BV-BRC,BV-BRC
ERR1873500,R,,R,,,R,,S,S,R,R,,,R,R,S,,R,,R,R,BV-BRC,,BV-BRC,,,BV-BRC,,BV-BRC,BV-BRC,BV-BRC,BV-BRC,,,BV-BRC,BV-BRC,BV-BRC,,BV-BRC,,BV-BRC,BV-BRC
ERR1873501,R,,R,,,S,,R,R,R,R,,,S,R,S,,R,,R,S,BV-BRC,,BV-BRC,,,BV-BRC,,BV-BRC,BV-BRC,BV-BRC,BV-BRC,,,BV-BRC,BV-BRC,BV-BRC,,BV-BRC,,BV-BRC,BV-BRC
ERR1873502,R,,R,,,R,,S,S,R,R,,,S,S,S,,R,,R,R,BV-BRC,,BV-BRC,,,BV-BRC,,BV-BRC,BV-BRC,BV-BRC,BV-BRC,,,BV-BRC,BV-BRC,BV-BRC,,BV-BRC,,BV-BRC,BV-BRC
ERR1873503,R,,R,,,S,,R,R,R,R,,,R,R,S,,R,,R,R,BV-BRC,,BV-BRC,,,BV-BRC,,BV-BRC,BV-BRC,BV-BRC,BV-BRC,,,BV-BRC,BV-BRC,BV-BRC,,BV-BRC,,BV-BRC,BV-BRC
ERR1873504,R,,R,,,S,,R,R,R,R,,,R,R,S,,R,,R,R,BV-BRC,,BV-BRC,,,BV-BRC,,BV-BRC,BV-BRC,BV-BRC,BV-BRC,,,BV-BRC,BV-BRC,BV-BRC,,BV-BRC,,BV-BRC,BV-BRC
ERR1873505,R,,R,,,S,,R,S,R,R,,,R,R,S,,S,,R,R,BV-BRC,,BV-BRC,,,BV-BRC,,BV-BRC,BV-BRC,BV-BRC,BV-BRC,,,BV-BRC,BV-BRC,BV-BRC,,BV-BRC,,BV-BRC,BV-BRC
ERR1873506,R,,R,,,R,,R,S,R,R,,,R,R,S,,R,,R,R,BV-BRC,,BV-BRC,,,BV-BRC,,BV-BRC,BV-BRC,BV-BRC,BV-BRC,,,BV-BRC,BV-BRC,BV-BRC,,BV-BRC,,BV-BRC,BV-BRC
ERR1873507,R,,R,,,R,,R,R,R,R,,,R,R,S,,R,,R,R,BV-BRC,,BV-BRC,,,BV-BRC,,BV-BRC,BV-BRC,BV-BRC,BV-BRC,,,BV-BRC,BV-BRC,BV-BRC,,BV-BRC,,BV-BRC,BV-BRC
ERR1873508,R,,R,,,S,,R,R,R,R,,,R,R,S,,R,,R,R,BV-BRC,,BV-BRC,,,BV-BRC,,BV-BRC,BV-BRC,BV-BRC,BV-BRC,,,BV-BRC,BV-BRC,BV-BRC,,BV-BRC,,BV-BRC,BV-BRC
ERR1873509,R,,R,,,S,,R,S,R,R,,,S,R,S,,R,,R,R,BV-BRC,,BV-BRC,,,BV-BRC,,BV-BRC,BV-BRC,BV-BRC,BV-BRC,,,BV-BRC,BV-BRC,BV-BRC,,BV-BRC,,BV-BRC,BV-BRC
ERR1873510,R,,R,,,S,,R,R,R,R,,,R,R,S,,R,,R,R,BV-BRC,,BV-BRC,,,BV-BRC,,BV-BRC,BV-BRC,BV-BRC,BV-BRC,,,BV-BRC,BV-BRC,BV-BRC,,BV-BRC,,BV-BRC,BV-BRC
ERR1873512,R,,R,,,S,,S,S,R,R,,,R,R,S,,R,,R,R,BV-BRC,,BV-BRC,,,BV-BRC,,BV-BRC,BV-BRC,BV-BRC,BV-BRC,,,BV-BRC,BV-BRC,BV-BRC,,BV-BRC,,BV-BRC,BV-BRC
ERR1873514,R,,R,,,R,,R,R,R,R,,,R,R,S,,R,,R,R,BV-BRC,,BV-BRC,,,BV-BRC,,BV-BRC,BV-BRC,BV-BRC,BV-BRC,,,BV-BRC,BV-BRC,BV-BRC,,BV-BRC,,BV-BRC,BV-BRC
ERR1873515,R,,R,,,S,,S,S,R,R,,,R,R,S,,R,,R,R,BV-BRC,,BV-BRC,,,BV-BRC,,BV-BRC,BV-BRC,BV-BRC,BV-BRC,,,BV-BRC,BV-BRC,BV-BRC,,BV-BRC,,BV-BRC,BV-BRC
ERR1873516,R,,R,,,R,,S,S,R,R,,,R,R,S,,R,,R,R,BV-BRC,,BV-BRC,,,BV-BRC,,BV-BRC,BV-BRC,BV-BRC,BV-BRC,,,BV-BRC,BV-BRC,BV-BRC,,BV-BRC,,BV-BRC,BV-BRC
ERR1873517,S,,S,,,S,,S,S,S,S,,,S,S,S,,S,,R,S,BV-BRC,,BV-BRC,,,BV-BRC,,BV-BRC,BV-BRC,BV-BRC,BV-BRC,,,BV-BRC,BV-BRC,BV-BRC,,BV-BRC,,BV-BRC,BV-BRC
ERR1873518,R,,R,,,S,,R,S,R,R,,,R,R,S,,R,,R,R,BV-BRC,,BV-BRC,,,BV-BRC,,BV-BRC,BV-BRC,BV-BRC,BV-BRC,,,BV-BRC,BV-BRC,BV-BRC,,BV-BRC,,BV-BRC,BV-BRC
ERR1873519,R,,R,,,R,,R,S,R,R,,,R,R,S,,R,,R,R,BV-BRC,,BV-BRC,,,BV-BRC,,BV-BRC,BV-BRC,BV-BRC,BV-BRC,,,BV-BRC,BV-BRC,BV-BRC,,BV-BRC,,BV-BRC,BV-BRC
ERR1873520,R,,R,,,S,,R,S,R,R,,,R,R,S,,R,,R,R,BV-BRC,,BV-BRC,,,BV-BRC,,BV-BRC,BV-BRC,BV-BRC,BV-BRC,,,BV-BRC,BV-BRC,BV-BRC,,BV-BRC,,BV-BRC,BV-BRC
ERR1873521,R,,R,,,S,,R,R,R,R,,,R,R,S,,R,,R,R,BV-BRC,,BV-BRC,,,BV-BRC,,BV-BRC,BV-BRC,BV-BRC,BV-BRC,,,BV-BRC,BV-BRC,BV-BRC,,BV-BRC,,BV-BRC,BV-BRC
ERR1873522,S,,S,,,S,,R,S,R,S,,,S,S,S,,S,,R,S,BV-BRC,,BV-BRC,,,BV-BRC,,BV-BRC,BV-BRC,BV-BRC,BV-BRC,,,BV-BRC,BV-BRC,BV-BRC,,BV-BRC,,BV-BRC,BV-BRC
ERR1873523,R,,R,,,S,,R,R,R,R,,,R,R,S,,R,,R,R,BV-BRC,,BV-BRC,,,BV-BRC,,BV-BRC,BV-BRC,BV-BRC,BV-BRC,,,BV-BRC,BV-BRC,BV-BRC,,BV-BRC,,BV-BRC,BV-BRC
ERR1873524,R,,R,,,S,,R,S,R,R,,,R,R,S,,R,,R,R,BV-BRC,,BV-BRC,,,BV-BRC,,BV-BRC,BV-BRC,BV-BRC,BV-BRC,,,BV-BRC,BV-BRC,BV-BRC,,BV-BRC,,BV-BRC,BV-BRC
ERR1873525,R,,R,,,S,,R,R,R,R,,,R,R,S,,R,,R,S,BV-BRC,,BV-BRC,,,BV-BRC,,BV-BRC,BV-BRC,BV-BRC,BV-BRC,,,BV-BRC,BV-BRC,BV-BRC,,BV-BRC,,BV-BRC,BV-BRC
ERR1873526,R,,R,,,R,,R,S,R,R,,,R,R,S,,R,,R,R,BV-BRC,,BV-BRC,,,BV-BRC,,BV-BRC,BV-BRC,BV-BRC,BV-BRC,,,BV-BRC,BV-BRC,BV-BRC,,BV-BRC,,BV-BRC,BV-BRC
ERR1873527,R,,R,,,S,,R,R,R,R,,,S,R,S,,R,,R,R,BV-BRC,,BV-BRC,,,BV-BRC,,BV-BRC,BV-BRC,BV-BRC,BV-BRC,,,BV-BRC,BV-BRC,BV-BRC,,BV-BRC,,BV-BRC,BV-BRC
ERR1873528,R,,R,,,R,,R,S,R,R,,,R,R,S,,R,,R,R,BV-BRC,,BV-BRC,,,BV-BRC,,BV-BRC,BV-BRC,BV-BRC,BV-BRC,,,BV-BRC,BV-BRC,BV-BRC,,BV-BRC,,BV-BRC,BV-BRC
ERR1873529,R,,R,,,R,,R,R,R,R,,,R,R,R,,R,,R,R,BV-BRC,,BV-BRC,,,BV-BRC,,BV-BRC,BV-BRC,BV-BRC,BV-BRC,,,BV-BRC,BV-BRC,BV-BRC,,BV-BRC,,BV-BRC,BV-BRC
ERR1873530,R,,R,,,S,,R,S,R,R,,,R,R,S,,R,,R,R,BV-BRC,,BV-BRC,,,BV-BRC,,BV-BRC,BV-BRC,BV-BRC,BV-BRC,,,BV-BRC,BV-BRC,BV-BRC,,BV-BRC,,BV-BRC,BV-BRC
ERR1873531,S,,R,,,R,,S,S,R,S,,,S,R,S,,R,,R,S,BV-BRC,,BV-BRC,,,BV-BRC,,BV-BRC,BV-BRC,BV-BRC,BV-BRC,,,BV-BRC,BV-BRC,BV-BRC,,BV-BRC,,BV-BRC,BV-BRC
ERR1873532,R,,R,,,S,,R,S,R,R,,,S,S,S,,R,,R,R,BV-BRC,,BV-BRC,,,BV-BRC,,BV-BRC,BV-BRC,BV-BRC,BV-BRC,,,BV-BRC,BV-BRC,BV-BRC,,BV-BRC,,BV-BRC,BV-BRC
ERR1873533,R,,R,,,R,,R,R,R,R,,,R,R,S,,R,,R,R,BV-BRC,,BV-BRC,,,BV-BRC,,BV-BRC,BV-BRC,BV-BRC,BV-BRC,,,BV-BRC,BV-BRC,BV-BRC,,BV-BRC,,BV-BRC,BV-BRC
ERR1873534,R,,R,,,S,,R,S,R,R,,,R,R,S,,R,,R,S,BV-BRC,,BV-BRC,,,BV-BRC,,BV-BRC,BV-BRC,BV-BRC,BV-BRC,,,BV-BRC,BV-BRC,BV-BRC,,BV-BRC,,BV-BRC,BV-BRC
ERR1873535,R,,R,,,S,,R,S,R,R,,,S,S,S,,R,,R,S,BV-BRC,,BV-BRC,,,BV-BRC,,BV-BRC,BV-BRC,BV-BRC,BV-BRC,,,BV-BRC,BV-BRC,BV-BRC,,BV-BRC,,BV-BRC,BV-BRC
ERR1873536,R,,R,,,S,,R,R,R,R,,,R,R,S,,R,,R,R,BV-BRC,,BV-BRC,,,BV-BRC,,BV-BRC,BV-BRC,BV-BRC,BV-BRC,,,BV-BRC,BV-BRC,BV-BRC,,BV-BRC,,BV-BRC,BV-BRC
ERR1873537,R,,R,,,S,,R,S,R,R,,,S,S,S,,R,,R,S,BV-BRC,,BV-BRC,,,BV-BRC,,BV-BRC,BV-BRC,BV-BRC,BV-BRC,,,BV-BRC,BV-BRC,BV-BRC,,BV-BRC,,BV-BRC,BV-BRC
ERR1873538,R,,R,,,S,,R,R,R,R,,,R,R,S,,R,,R,R,BV-BRC,,BV-BRC,,,BV-BRC,,BV-BRC,BV-BRC,BV-BRC,BV-BRC,,,BV-BRC,BV-BRC,BV-BRC,,BV-BRC,,BV-BRC,BV-BRC
ERR1873539,R,,R,,,S,,R,S,R,R,,,R,R,S,,R,,R,R,BV-BRC,,BV-BRC,,,BV-BRC,,BV-BRC,BV-BRC,BV-BRC,BV-BRC,,,BV-BRC,BV-BRC,BV-BRC,,BV-BRC,,BV-BRC,BV-BRC
ERR1873540,S,,S,,,S,,S,S,R,S,,,S,S,S,,R,,S,R,BV-BRC,,BV-BRC,,,BV-BRC,,BV-BRC,BV-BRC,BV-BRC,BV-BRC,,,BV-BRC,BV-BRC,BV-BRC,,BV-BRC,,BV-BRC,BV-BRC
ERR1873541,R,,R,,,S,,R,R,R,R,,,R,R,S,,R,,R,R,BV-BRC,,BV-BRC,,,BV-BRC,,BV-BRC,BV-BRC,BV-BRC,BV-BRC,,,BV-BRC,BV-BRC,BV-BRC,,BV-BRC,,BV-BRC,BV-BRC
ERR1873542,R,,R,,,S,,R,S,R,R,,,S,S,S,,R,,R,R,BV-BRC,,BV-BRC,,,BV-BRC,,BV-BRC,BV-BRC,BV-BRC,BV-BRC,,,BV-BRC,BV-BRC,BV-BRC,,BV-BRC,,BV-BRC,BV-BRC
ERR1873543,R,,R,,,S,,R,R,R,R,,,S,S,S,,R,,R,S,BV-BRC,,BV-BRC,,,BV-BRC,,BV-BRC,BV-BRC,BV-BRC,BV-BRC,,,BV-BRC,BV-BRC,BV-BRC,,BV-BRC,,BV-BRC,BV-BRC
ERR1873544,R,,R,,,R,,R,S,R,R,,,S,R,R,,R,,R,R,BV-BRC,,BV-BRC,,,BV-BRC,,BV-BRC,BV-BRC,BV-BRC,BV-BRC,,,BV-BRC,BV-BRC,BV-BRC,,BV-BRC,,BV-BRC,BV-BRC
ERR1873545,S,,R,,,S,,S,S,S,S,,,S,S,S,,R,,S,S,BV-BRC,,BV-BRC,,,BV-BRC,,BV-BRC,BV-BRC,BV-BRC,BV-BRC,,,BV-BRC,BV-BRC,BV-BRC,,BV-BRC,,BV-BRC,BV-BRC
ERR1873546,S,,S,,,S,,R,R,R,S,,,S,R,S,,R,,R,R,BV-BRC,,BV-BRC,,,BV-BRC,,BV-BRC,BV-BRC,BV-BRC,BV-BRC,,,BV-BRC,BV-BRC,BV-BRC,,BV-BRC,,BV-BRC,BV-BRC
ERR1873547,R,,R,,,R,,R,R,R,R,,,R,R,S,,R,,R,R,BV-BRC,,BV-BRC,,,BV-BRC,,BV-BRC,BV-BRC,BV-BRC,BV-BRC,,,BV-BRC,BV-BRC,BV-BRC,,BV-BRC,,BV-BRC,BV-BRC
ERR1873548,R,,R,,,S,,R,S,R,R,,,S,S,S,,R,,R,R,BV-BRC,,BV-BRC,,,BV-BRC,,BV-BRC,BV-BRC,BV-BRC,BV-BRC,,,BV-BRC,BV-BRC,BV-BRC,,BV-BRC,,BV-BRC,BV-BRC
ERR1873550,R,,R,,,S,,R,R,R,R,,,R,R,S,,S,,R,R,BV-BRC,,BV-BRC,,,BV-BRC,,BV-BRC,BV-BRC,BV-BRC,BV-BRC,,,BV-BRC,BV-BRC,BV-BRC,,BV-BRC,,BV-BRC,BV-BRC
ERR1873551,R,,R,,,R,,R,S,R,R,,,R,R,S,,R,,R,R,BV-BRC,,BV-BRC,,,BV-BRC,,BV-BRC,BV-BRC,BV-BRC,BV-BRC,,,BV-BRC,BV-BRC,BV-BRC,,BV-BRC,,BV-BRC,BV-BRC
ERR1873552,R,,R,,,R,,R,R,R,R,,,R,R,R,,R,,R,R,BV-BRC,,BV-BRC,,,BV-BRC,,BV-BRC,BV-BRC,BV-BRC,BV-BRC,,,BV-BRC,BV-BRC,BV-BRC,,BV-BRC,,BV-BRC,BV-BRC
ERR1873553,R,,R,,,S,,R,S,R,R,,,S,R,S,,R,,R,S,BV-BRC,,BV-BRC,,,BV-BRC,,BV-BRC,BV-BRC,BV-BRC,BV-BRC,,,BV-BRC,BV-BRC,BV-BRC,,BV-BRC,,BV-BRC,BV-BRC
ERR1873554,S,,R,,,S,,S,S,R,S,,,S,R,S,,R,,R,R,BV-BRC,,BV-BRC,,,BV-BRC,,BV-BRC,BV-BRC,BV-BRC,BV-BRC,,,BV-BRC,BV-BRC,BV-BRC,,BV-BRC,,BV-BRC,BV-BRC
ERR1873556,R,,R,,,S,,S,R,R,R,,,S,R,S,,R,,R,R,BV-BRC,,BV-BRC,,,BV-BRC,,BV-BRC,BV-BRC,BV-BRC,BV-BRC,,,BV-BRC,BV-BRC,BV-BRC,,BV-BRC,,BV-BRC,BV-BRC
ERR1873558,R,,R,,,S,,R,R,R,R,,,S,R,S,,R,,R,S,BV-BRC,,BV-BRC,,,BV-BRC,,BV-BRC,BV-BRC,BV-BRC,BV-BRC,,,BV-BRC,BV-BRC,BV-BRC,,BV-BRC,,BV-BRC,BV-BRC
ERR1873559,R,,S,,,S,,R,R,R,R,,,R,R,S,,R,,R,S,BV-BRC,,BV-BRC,,,BV-BRC,,BV-BRC,BV-BRC,BV-BRC,BV-BRC,,,BV-BRC,BV-BRC,BV-BRC,,BV-BRC,,BV-BRC,BV-BRC
ERR1873562,R,,R,,,R,,R,R,R,R,,,S,R,R,,R,,R,R,BV-BRC,,BV-BRC,,,BV-BRC,,BV-BRC,BV-BRC,BV-BRC,BV-BRC,,,BV-BRC,BV-BRC,BV-BRC,,BV-BRC,,BV-BRC,BV-BRC
ERR1873564,R,,R,,,R,,S,S,R,R,,,R,R,S,,R,,R,R,BV-BRC,,BV-BRC,,,BV-BRC,,BV-BRC,BV-BRC,BV-BRC,BV-BRC,,,BV-BRC,BV-BRC,BV-BRC,,BV-BRC,,BV-BRC,BV-BRC
ERR1873565,R,,R,,,S,,R,R,R,R,,,S,R,S,,R,,R,S,BV-BRC,,BV-BRC,,,BV-BRC,,BV-BRC,BV-BRC,BV-BRC,BV-BRC,,,BV-BRC,BV-BRC,BV-BRC,,BV-BRC,,BV-BRC,BV-BRC
ERR190347,,,,,,,,S,,R,,,,,,,,S,,S,S,,,,,,,,BV-BRC,,BV-BRC,,,,,,,,BV-BRC,,BV-BRC,BV-BRC
ERR190364,,,,,,,,S,,R,,,,,,,,S,,S,S,,,,,,,,BV-BRC,,BV-BRC,,,,,,,,BV-BRC,,BV-BRC,BV-BRC
ERR190365,,,,,,,,S,,R,,,,,,,,S,,S,R,,,,,,,,BV-BRC,,BV-BRC,,,,,,,,BV-BRC,,BV-BRC,BV-BRC
ERR190378,,,,,,,,,,S,,,,,,,,,,S,,,,,,,,,,,BV-BRC,,,,,,,,,,BV-BRC,
ERR190391,,,,,,,,,,S,,,,,,,,,,S,,,,,,,,,,,BV-BRC,,,,,,,,,,BV-BRC,
ERR190393,,,,,,,,S,,R,,,,,,,,S,,S,R,,,,,,,,BV-BRC,,BV-BRC,,,,,,,,BV-BRC,,BV-BRC,BV-BRC
ERR211990,,,,,,,,S,,R,,,,,,,,S,,S,S,,,,,,,,BV-BRC,,BV-BRC,,,,,,,,BV-BRC,,BV-BRC,BV-BRC
ERR211998,,,,,,,,S,,R,,,,,,,,S,,S,S,,,,,,,,BV-BRC,,BV-BRC,,,,,,,,BV-BRC,,BV-BRC,BV-BRC
ERR212006,,,,,,,,S,,R,,,,,,,,S,,S,S,,,,,,,,BV-BRC,,BV-BRC,,,,,,,,BV-BRC,,BV-BRC,BV-BRC
ERR212008,,,,,,,,S,,R,,,,,,,,,,S,R,,,,,,,,BV-BRC,,BV-BRC,,,,,,,,,,BV-BRC,BV-BRC
ERR212017,,,,,,,,S,,R,,,,,,,,S,,S,S,,,,,,,,BV-BRC,,BV-BRC,,,,,,,,BV-BRC,,BV-BRC,BV-BRC
ERR212021,,,,,,,,S,,R,,,,,,,,S,,R,S,,,,,,,,BV-BRC,,BV-BRC,,,,,,,,BV-BRC,,BV-BRC,BV-BRC
ERR212024,,,,,,,,S,,S,,,,,,,,S,,S,S,,,,,,,,BV-BRC,,BV-BRC,,,,,,,,BV-BRC,,BV-BRC,BV-BRC
ERR212029,,,,,,,,,,S,,,,,,,,,,S,,,,,,,,,,,BV-BRC,,,,,,,,,,BV-BRC,
ERR212036,,,,,,,,S,,R,,,,,,,,S,,S,S,,,,,,,,BV-BRC,,BV-BRC,,,,,,,,BV-BRC,,BV-BRC,BV-BRC
ERR212054,,,,,,,,S,,R,,,,,,,,S,,S,R,,,,,,,,BV-BRC,,BV-BRC,,,,,,,,BV-BRC,,BV-BRC,BV-BRC
ERR212058,,,,,,,,R,,R,,,,,,,,S,,S,S,,,,,,,,BV-BRC,,BV-BRC,,,,,,,,BV-BRC,,BV-BRC,BV-BRC
ERR212059,,,,,,,,S,,R,,,,,,,,S,,S,S,,,,,,,,BV-BRC,,BV-BRC,,,,,,,,BV-BRC,,BV-BRC,BV-BRC
ERR212078,,,,,,,,,,R,,,,,,,,S,,S,S,,,,,,,,,,BV-BRC,,,,,,,,BV-BRC,,BV-BRC,BV-BRC
ERR212080,,,,,,,,S,,S,,,,,,,,S,,S,S,,,,,,,,BV-BRC,,BV-BRC,,,,,,,,BV-BRC,,BV-BRC,BV-BRC
ERR212105,,,,,,,,S,,R,,,,,,,,S,,S,R,,,,,,,,BV-BRC,,BV-BRC,,,,,,,,BV-BRC,,BV-BRC,BV-BRC
ERR212122,,,,,,,,S,,R,,,,,,,,S,,S,S,,,,,,,,BV-BRC,,BV-BRC,,,,,,,,BV-BRC,,BV-BRC,BV-BRC
ERR212127,,,,,,,,,,R,,,,,,,,S,,S,S,,,,,,,,,,BV-BRC,,,,,,,,BV-BRC,,BV-BRC,BV-BRC
ERR212146,,,,,,,,S,,R,,,,,,,,S,,S,,,,,,,,,BV-BRC,,BV-BRC,,,,,,,,BV-BRC,,BV-BRC,
ERR2124075,,,,,,,,S,,R,,,,,,,,,,R,S,,,,,,,,BV-BRC,,BV-BRC,,,,,,,,,,BV-BRC,BV-BRC
ERR2124076,,,,,,,,R,,R,,,,,,,,,,R,R,,,,,,,,BV-BRC,,BV-BRC,,,,,,,,,,BV-BRC,BV-BRC
ERR2124077,,,,,,,,R,,R,,,,,,,,,,R,R,,,,,,,,BV-BRC,,BV-BRC,,,,,,,,,,BV-BRC,BV-BRC
ERR2124078,,,,,,,,R,,R,,,,,,,,,,R,S,,,,,,,,BV-BRC,,BV-BRC,,,,,,,,,,BV-BRC,BV-BRC
ERR2124079,,,,,,,,R,,R,,,,,,,,,,R,S,,,,,,,,BV-BRC,,BV-BRC,,,,,,,,,,BV-BRC,BV-BRC
ERR2124080,,,,,,,,R,,R,,,,,,,,,,R,S,,,,,,,,BV-BRC,,BV-BRC,,,,,,,,,,BV-BRC,BV-BRC
ERR2124081,,,,,,,,R,,R,,,,,,,,,,R,R,,,,,,,,BV-BRC,,BV-BRC,,,,,,,,,,BV-BRC,BV-BRC
ERR2124082,,,,,,,,R,,R,,,,,,,,,,R,S,,,,,,,,BV-BRC,,BV-BRC,,,,,,,,,,BV-BRC,BV-BRC
ERR2124083,,,,,,,,S,,R,,,,,,,,,,R,S,,,,,,,,BV-BRC,,BV-BRC,,,,,,,,,,BV-BRC,BV-BRC
ERR2124084,,,,,,,,S,,S,,,,,,,,,,R,R,,,,,,,,BV-BRC,,BV-BRC,,,,,,,,,,BV-BRC,BV-BRC
ERR2124085,,,,,,,,R,,R,,,,,,,,,,R,R,,,,,,,,BV-BRC,,BV-BRC,,,,,,,,,,BV-BRC,BV-BRC
ERR2124086,,,,,,,,S,,R,,,,,,,,,,R,R,,,,,,,,BV-BRC,,BV-BRC,,,,,,,,,,BV-BRC,BV-BRC
ERR2124087,,,,,,,,S,,R,,,,,,,,,,S,R,,,,,,,,BV-BRC,,BV-BRC,,,,,,,,,,BV-BRC,BV-BRC
ERR2124088,,,,,,,,R,,R,,,,,,,,,,R,R,,,,,,,,BV-BRC,,BV-BRC,,,,,,,,,,BV-BRC,BV-BRC
ERR2124090,,,,,,,,R,,R,,,,,,,,,,R,S,,,,,,,,BV-BRC,,BV-BRC,,,,,,,,,,BV-BRC,BV-BRC
ERR2124091,,,,,,,,S,,R,,,,,,,,,,S,R,,,,,,,,BV-BRC,,BV-BRC,,,,,,,,,,BV-BRC,BV-BRC
ERR2124092,,,,,,,,S,,R,,,,,,,,,,S,R,,,,,,,,BV-BRC,,BV-BRC,,,,,,,,,,BV-BRC,BV-BRC
ERR2124095,,,,,,,,R,,R,,,,,,,,,,R,R,,,,,,,,BV-BRC,,BV-BRC,,,,,,,,,,BV-BRC,BV-BRC
ERR2124096,,,,,,,,S,,R,,,,,,,,,,R,R,,,,,,,,BV-BRC,,BV-BRC,,,,,,,,,,BV-BRC,BV-BRC
ERR2124097,,,,,,,,R,,R,,,,,,,,,,S,R,,,,,,,,BV-BRC,,BV-BRC,,,,,,,,,,BV-BRC,BV-BRC
ERR2124098,,,,,,,,S,,R,,,,,,,,,,R,S,,,,,,,,BV-BRC,,BV-BRC,,,,,,,,,,BV-BRC,BV-BRC
ERR2124101,,,,,,,,S,,R,,,,,,,,,,S,R,,,,,,,,BV-BRC,,BV-BRC,,,,,,,,,,BV-BRC,BV-BRC
ERR2124103,,,,,,,,R,,R,,,,,,,,,,R,R,,,,,,,,BV-BRC,,BV-BRC,,,,,,,,,,BV-BRC,BV-BRC
ERR2124105,,,,,,,,S,,R,,,,,,,,,,S,S,,,,,,,,BV-BRC,,BV-BRC,,,,,,,,,,BV-BRC,BV-BRC
ERR2124106,,,,,,,,R,,R,,,,,,,,,,R,R,,,,,,,,BV-BRC,,BV-BRC,,,,,,,,,,BV-BRC,BV-BRC
ERR2124107,,,,,,,,R,,S,,,,,,,,,,R,S,,,,,,,,BV-BRC,,BV-BRC,,,,,,,,,,BV-BRC,BV-BRC
ERR2124108,,,,,,,,R,,R,,,,,,,,,,R,R,,,,,,,,BV-BRC,,BV-BRC,,,,,,,,,,BV-BRC,BV-BRC
ERR2145489,,,,,,,,S,,S,,,,,,,,,,S,S,,,,,,,,BV-BRC,,BV-BRC,,,,,,,,,,BV-BRC,BV-BRC
ERR2145493,,,,,,,,S,,R,,,,,,,,,,R,S,,,,,,,,BV-BRC,,BV-BRC,,,,,,,,,,BV-BRC,BV-BRC
ERR2145494,,,,,,,,S,,R,,,,,,,,,,S,S,,,,,,,,BV-BRC,,BV-BRC,,,,,,,,,,BV-BRC,BV-BRC
ERR2145507,,,,,,,,S,,R,,,,,,,,,,R,S,,,,,,,,BV-BRC,,BV-BRC,,,,,,,,,,BV-BRC,BV-BRC
ERR2145508,,,,,,,,S,,S,,,,,,,,,,R,S,,,,,,,,BV-BRC,,BV-BRC,,,,,,,,,,BV-BRC,BV-BRC
ERR2145512,,,,,,,,S,,R,,,,,,,,,,R,R,,,,,,,,BV-BRC,,BV-BRC,,,,,,,,,,BV-BRC,BV-BRC
ERR2145520,,,,,,,,R,,R,,,,,,,,,,R,S,,,,,,,,BV-BRC,,BV-BRC,,,,,,,,,,BV-BRC,BV-BRC
ERR2145524,,,,,,,,S,,R,,,,,,,,,,R,R,,,,,,,,BV-BRC,,BV-BRC,,,,,,,,,,BV-BRC,BV-BRC
ERR216923,,,,,,,,,,S,,,,,,,,,,S,,,,,,,,,,,BV-BRC,,,,,,,,,,BV-BRC,
ERR216939,,,,,,,,S,,R,,,,,,,,S,,S,S,,,,,,,,BV-BRC,,BV-BRC,,,,,,,,BV-BRC,,BV-BRC,BV-BRC
ERR221532,,,,,,,,,,S,,,,,,,,,,S,,,,,,,,,,,BV-BRC,,,,,,,,,,BV-BRC,
ERR221546,,,,,,,,,,S,,,,,,,,,,S,,,,,,,,,,,BV-BRC,,,,,,,,,,BV-BRC,
ERR221596,,,,,,,,S,,R,,,,,,,,S,,S,S,,,,,,,,BV-BRC,,BV-BRC,,,,,,,,BV-BRC,,BV-BRC,BV-BRC
ERR221598,,,,,,,,S,,S,,,,,,,,S,,S,S,,,,,,,,BV-BRC,,BV-BRC,,,,,,,,BV-BRC,,BV-BRC,BV-BRC
ERR221599,,,,,,,,,,S,,,,,,,,,,S,,,,,,,,,,,BV-BRC,,,,,,,,,,BV-BRC,
ERR221614,,,,,,,,,,S,,,,,,,,,,S,,,,,,,,,,,BV-BRC,,,,,,,,,,BV-BRC,
ERR245651,,,,,,,,S,,R,,,,,,,,S,,S,R,,,,,,,,BV-BRC,,BV-BRC,,,,,,,,BV-BRC,,BV-BRC,BV-BRC
ERR245670,,,,,,,,S,,R,,,,,,,,,,S,S,,,,,,,,BV-BRC,,BV-BRC,,,,,,,,,,BV-BRC,BV-BRC
ERR245683,,,,,,,,,,S,,,,,,,,,,S,,,,,,,,,,,BV-BRC,,,,,,,,,,BV-BRC,
ERR245695,,,,,,,,,,S,,,,,,,,,,S,,,,,,,,,,,BV-BRC,,,,,,,,,,BV-BRC,
ERR245699,,,,,,,,,,S,,,,,,,,,,S,,,,,,,,,,,BV-BRC,,,,,,,,,,BV-BRC,
ERR245702,,,,,,,,,,S,,,,,,,,,,S,,,,,,,,,,,BV-BRC,,,,,,,,,,BV-BRC,
ERR245718,,,,,,,,S,,R,,,,,,,,S,,S,R,,,,,,,,BV-BRC,,BV-BRC,,,,,,,,BV-BRC,,BV-BRC,BV-BRC
ERR245721,,,,,,,,,,S,,,,,,,,,,S,,,,,,,,,,,BV-BRC,,,,,,,,,,BV-BRC,
ERR245725,,,,,,,,S,,R,,,,,,,,S,,S,S,,,,,,,,BV-BRC,,BV-BRC,,,,,,,,BV-BRC,,BV-BRC,BV-BRC
ERR245746,,,,,,,,S,,S,,,,,,,,S,,S,S,,,,,,,,BV-BRC,,BV-BRC,,,,,,,,BV-BRC,,BV-BRC,BV-BRC
ERR245747,,,,,,,,S,,R,,,,,,,,S,,S,R,,,,,,,,BV-BRC,,BV-BRC,,,,,,,,BV-BRC,,BV-BRC,BV-BRC
ERR245757,,,,,,,,S,,R,,,,,,,,S,,S,S,,,,,,,,BV-BRC,,BV-BRC,,,,,,,,BV-BRC,,BV-BRC,BV-BRC
ERR245759,,,,,,,,S,,R,,,,,,,,,,S,,,,,,,,,BV-BRC,,BV-BRC,,,,,,,,,,BV-BRC,
ERR245777,,,,,,,,S,,R,,,,,,,,S,,S,,,,,,,,,BV-BRC,,BV-BRC,,,,,,,,BV-BRC,,BV-BRC,
ERR245792,,,,,,,,S,,R,,,,,,,,S,,S,S,,,,,,,,BV-BRC,,BV-BRC,,,,,,,,BV-BRC,,BV-BRC,BV-BRC
ERR245805,,,,,,,,S,,R,,,,,,,,S,,S,S,,,,,,,,BV-BRC,,BV-BRC,,,,,,,,BV-BRC,,BV-BRC,BV-BRC
ERR245826,,,,,,,,,,S,,,,,,,,,,S,,,,,,,,,,,BV-BRC,,,,,,,,,,BV-BRC,
ERR245829,,,,,,,,S,,R,,,,,,,,S,,S,S,,,,,,,,BV-BRC,,BV-BRC,,,,,,,,BV-BRC,,BV-BRC,BV-BRC
ERR245832,,,,,,,,S,,R,,,,,,,,S,,S,S,,,,,,,,BV-BRC,,BV-BRC,,,,,,,,BV-BRC,,BV-BRC,BV-BRC
ERR245835,,,,,,,,,,S,,,,,,,,,,S,,,,,,,,,,,BV-BRC,,,,,,,,,,BV-BRC,
ERR245836,,,,,,,,S,,R,,,,,,,,S,,S,R,,,,,,,,BV-BRC,,BV-BRC,,,,,,,,BV-BRC,,BV-BRC,BV-BRC
ERR245838,,,,,,,,S,,R,,,,,,,,S,,S,S,,,,,,,,BV-BRC,,BV-BRC,,,,,,,,BV-BRC,,BV-BRC,BV-BRC
ERR245839,,,,,,,,,,S,,,,,,,,,,S,,,,,,,,,,,BV-BRC,,,,,,,,,,BV-BRC,
ERR245845,,,,,,,,,,S,,,,,,,,,,S,,,,,,,,,,,BV-BRC,,,,,,,,,,BV-BRC,
ERR2510243,S,S,,,,,S,S,S,R,S,S,S,S,,,,,R,R,,CRyPTIC,CRyPTIC,,,,,CRyPTIC,CRyPTIC,CRyPTIC,CRyPTIC,CRyPTIC,CRyPTIC,CRyPTIC,CRyPTIC,,,,,CRyPTIC,CRyPTIC,
ERR2510245,S,S,,,S,,S,R,S,R,S,S,S,S,,,,,R,R,,CRyPTIC,CRyPTIC,,,CRyPTIC,,CRyPTIC,CRyPTIC,CRyPTIC,CRyPTIC,CRyPTIC,CRyPTIC,CRyPTIC,CRyPTIC,,,,,CRyPTIC,CRyPTIC,
ERR2510251,,S,,,S,,S,,S,R,S,S,S,S,,,,,R,R,,,CRyPTIC,,,CRyPTIC,,CRyPTIC,,CRyPTIC,CRyPTIC,CRyPTIC,CRyPTIC,CRyPTIC,CRyPTIC,,,,,CRyPTIC,CRyPTIC,
ERR2510252,R,S,,,,,S,R,S,R,R,,,R,,,,,R,R,,CRyPTIC,CRyPTIC,,,,,CRyPTIC,CRyPTIC,CRyPTIC,CRyPTIC,CRyPTIC,,,CRyPTIC,,,,,CRyPTIC,CRyPTIC,
ERR2510253,S,S,,,S,,S,S,,S,R,S,S,S,,,,,R,R,,CRyPTIC,CRyPTIC,,,CRyPTIC,,CRyPTIC,CRyPTIC,,CRyPTIC,CRyPTIC,CRyPTIC,CRyPTIC,CRyPTIC,,,,,CRyPTIC,CRyPTIC,
ERR2510254,R,S,,,S,,S,S,S,R,R,R,S,,,,,,R,R,,CRyPTIC,CRyPTIC,,,CRyPTIC,,CRyPTIC,CRyPTIC,CRyPTIC,CRyPTIC,CRyPTIC,CRyPTIC,CRyPTIC,,,,,,CRyPTIC,CRyPTIC,
ERR2510257,,S,,,,,,,S,R,S,R,S,S,,,,,R,R,,,CRyPTIC,,,,,,,CRyPTIC,CRyPTIC,CRyPTIC,CRyPTIC,CRyPTIC,CRyPTIC,,,,,CRyPTIC,CRyPTIC,
ERR2510260,S,S,,,S,,S,,S,R,S,,S,,,,,,R,R,,CRyPTIC,CRyPTIC,,,CRyPTIC,,CRyPTIC,,CRyPTIC,CRyPTIC,CRyPTIC,,CRyPTIC,,,,,,CRyPTIC,CRyPTIC,
ERR2510261,S,S,,,,,S,S,S,S,S,S,,S,,,,,S,S,,CRyPTIC,CRyPTIC,,,,,CRyPTIC,CRyPTIC,CRyPTIC,CRyPTIC,CRyPTIC,CRyPTIC,,CRyPTIC,,,,,CRyPTIC,CRyPTIC,
ERR2510262,,S,,,,,S,S,S,S,,S,S,,,,,,S,S,,,CRyPTIC,,,,,CRyPTIC,CRyPTIC,CRyPTIC,CRyPTIC,,CRyPTIC,CRyPTIC,,,,,,CRyPTIC,CRyPTIC,
ERR2510265,S,S,,,,,S,S,,R,S,R,,S,,,,,R,R,,CRyPTIC,CRyPTIC,,,,,CRyPTIC,CRyPTIC,,CRyPTIC,CRyPTIC,CRyPTIC,,CRyPTIC,,,,,CRyPTIC,CRyPTIC,
ERR2510266,S,S,,,S,,S,,R,R,S,S,S,S,,,,,S,R,,CRyPTIC,CRyPTIC,,,CRyPTIC,,CRyPTIC,,CRyPTIC,CRyPTIC,CRyPTIC,CRyPTIC,CRyPTIC,CRyPTIC,,,,,CRyPTIC,CRyPTIC,
ERR2510270,S,S,,,S,,S,S,,R,S,R,,,,,,,R,R,,CRyPTIC,CRyPTIC,,,CRyPTIC,,CRyPTIC,CRyPTIC,,CRyPTIC,CRyPTIC,CRyPTIC,,,,,,,CRyPTIC,CRyPTIC,
ERR2510271,S,S,,,S,,S,,S,R,S,S,S,,,,,,R,R,,CRyPTIC,CRyPTIC,,,CRyPTIC,,CRyPTIC,,CRyPTIC,CRyPTIC,CRyPTIC,CRyPTIC,CRyPTIC,,,,,,CRyPTIC,CRyPTIC,
ERR2510272,S,S,,,S,,S,S,S,R,S,,,,,,,,R,R,,CRyPTIC,CRyPTIC,,,CRyPTIC,,CRyPTIC,CRyPTIC,CRyPTIC,CRyPTIC,CRyPTIC,,,,,,,,CRyPTIC,CRyPTIC,
ERR2510274,S,S,,,S,,S,,S,R,S,,S,,,,,,R,R,,CRyPTIC,CRyPTIC,,,CRyPTIC,,CRyPTIC,,CRyPTIC,CRyPTIC,CRyPTIC,,CRyPTIC,,,,,,CRyPTIC,CRyPTIC,
ERR2510278,S,S,,,S,,S,,R,R,S,S,S,S,,,,,S,S,,CRyPTIC,CRyPTIC,,,CRyPTIC,,CRyPTIC,,CRyPTIC,CRyPTIC,CRyPTIC,CRyPTIC,CRyPTIC,CRyPTIC,,,,,CRyPTIC,CRyPTIC,
ERR2510280,S,S,,,,,S,R,S,R,S,R,,R,,,,,R,R,,CRyPTIC,CRyPTIC,,,,,CRyPTIC,CRyPTIC,CRyPTIC,CRyPTIC,CRyPTIC,CRyPTIC,,CRyPTIC,,,,,CRyPTIC,CRyPTIC,
ERR2510283,S,,,,,,,,R,R,S,,,S,,,,,S,,,CRyPTIC,,,,,,,,CRyPTIC,CRyPTIC,CRyPTIC,,,CRyPTIC,,,,,CRyPTIC,,
ERR2510291,S,S,,,S,,S,S,S,R,S,S,S,S,,,,,R,R,,CRyPTIC,CRyPTIC,,,CRyPTIC,,CRyPTIC,CRyPTIC,CRyPTIC,CRyPTIC,CRyPTIC,CRyPTIC,CRyPTIC,CRyPTIC,,,,,CRyPTIC,CRyPTIC,
ERR2510292,S,,,,S,,S,,,R,S,,S,S,,,,,S,R,,CRyPTIC,,,,CRyPTIC,,CRyPTIC,,,CRyPTIC,CRyPTIC,,CRyPTIC,CRyPTIC,,,,,CRyPTIC,CRyPTIC,
ERR2510293,S,S,,,S,,S,R,S,R,S,R,,,,,,,R,R,,CRyPTIC,CRyPTIC,,,CRyPTIC,,CRyPTIC,CRyPTIC,CRyPTIC,CRyPTIC,CRyPTIC,CRyPTIC,,,,,,,CRyPTIC,CRyPTIC,
ERR2510295,S,S,,,S,,S,,S,R,S,R,S,R,,,,,R,R,,CRyPTIC,CRyPTIC,,,CRyPTIC,,CRyPTIC,,CRyPTIC,CRyPTIC,CRyPTIC,CRyPTIC,CRyPTIC,CRyPTIC,,,,,CRyPTIC,CRyPTIC,
ERR2510297,S,S,,,S,,S,R,R,R,S,S,S,S,,,,,R,R,,CRyPTIC,CRyPTIC,,,CRyPTIC,,CRyPTIC,CRyPTIC,CRyPTIC,CRyPTIC,CRyPTIC,CRyPTIC,CRyPTIC,CRyPTIC,,,,,CRyPTIC,CRyPTIC,
ERR2510303,S,S,,,S,,S,S,R,,S,R,,S,,,,,,R,,CRyPTIC,CRyPTIC,,,CRyPTIC,,CRyPTIC,CRyPTIC,CRyPTIC,,CRyPTIC,CRyPTIC,,CRyPTIC,,,,,,CRyPTIC,
ERR2510304,S,S,,,S,,S,,S,,S,,S,S,,,,,,R,,CRyPTIC,CRyPTIC,,,CRyPTIC,,CRyPTIC,,CRyPTIC,,CRyPTIC,,CRyPTIC,CRyPTIC,,,,,,CRyPTIC,
ERR2510306,S,S,,,S,,S,,S,R,S,,S,R,,,,,R,R,,CRyPTIC,CRyPTIC,,,CRyPTIC,,CRyPTIC,,CRyPTIC,CRyPTIC,CRyPTIC,,CRyPTIC,CRyPTIC,,,,,CRyPTIC,CRyPTIC,
ERR2510309,S,S,,,S,,S,S,S,R,,,,,,,,,R,R,,CRyPTIC,CRyPTIC,,,CRyPTIC,,CRyPTIC,CRyPTIC,CRyPTIC,CRyPTIC,,,,,,,,,CRyPTIC,CRyPTIC,
ERR2510310,S,S,,,S,,S,,S,R,S,S,S,S,,,,,R,R,,CRyPTIC,CRyPTIC,,,CRyPTIC,,CRyPTIC,,CRyPTIC,CRyPTIC,CRyPTIC,CRyPTIC,CRyPTIC,CRyPTIC,,,,,CRyPTIC,CRyPTIC,
ERR2510312,S,S,,,S,,S,R,S,R,S,S,S,S,,,,,R,R,,CRyPTIC,CRyPTIC,,,CRyPTIC,,CRyPTIC,CRyPTIC,CRyPTIC,CRyPTIC,CRyPTIC,CRyPTIC,CRyPTIC,CRyPTIC,,,,,CRyPTIC,CRyPTIC,
ERR2510313,S,S,,,S,,S,S,S,R,S,S,S,S,,,,,R,R,,CRyPTIC,CRyPTIC,,,CRyPTIC,,CRyPTIC,CRyPTIC,CRyPTIC,CRyPTIC,CRyPTIC,CRyPTIC,CRyPTIC,CRyPTIC,,,,,CRyPTIC,CRyPTIC,
ERR2510316,S,S,,,S,,S,R,S,R,S,S,,S,,,,,R,R,,CRyPTIC,CRyPTIC,,,CRyPTIC,,CRyPTIC,CRyPTIC,CRyPTIC,CRyPTIC,CRyPTIC,CRyPTIC,,CRyPTIC,,,,,CRyPTIC,CRyPTIC,
ERR2510318,S,S,,,,,,,S,,S,,,S,,,,,R,R,,CRyPTIC,CRyPTIC,,,,,,,CRyPTIC,,CRyPTIC,,,CRyPTIC,,,,,CRyPTIC,CRyPTIC,
ERR2510331,S,,,,S,,S,S,S,,S,,S,S,,,,,S,S,,CRyPTIC,,,,CRyPTIC,,CRyPTIC,CRyPTIC,CRyPTIC,,CRyPTIC,,CRyPTIC,CRyPTIC,,,,,CRyPTIC,CRyPTIC,
ERR2510336,,,,,S,,S,,,,,S,S,,,,,,R,R,,,,,,CRyPTIC,,CRyPTIC,,,,,CRyPTIC,CRyPTIC,,,,,,CRyPTIC,CRyPTIC,
ERR2510340,S,,,,,,S,,R,R,S,R,,,,,,,R,R,,CRyPTIC,,,,,,CRyPTIC,,CRyPTIC,CRyPTIC,CRyPTIC,CRyPTIC,,,,,,,CRyPTIC,CRyPTIC,
ERR2510341,S,S,,,S,,S,,S,R,S,R,S,R,,,,,R,R,,CRyPTIC,CRyPTIC,,,CRyPTIC,,CRyPTIC,,CRyPTIC,CRyPTIC,CRyPTIC,CRyPTIC,CRyPTIC,CRyPTIC,,,,,CRyPTIC,CRyPTIC,
ERR2510343,S,,,,S,,S,,,R,S,R,,,,,,,R,R,,CRyPTIC,,,,CRyPTIC,,CRyPTIC,,,CRyPTIC,CRyPTIC,CRyPTIC,,,,,,,CRyPTIC,CRyPTIC,
ERR2510347,,S,,,S,,S,S,S,R,S,S,S,,,,,,S,,,,CRyPTIC,,,CRyPTIC,,CRyPTIC,CRyPTIC,CRyPTIC,CRyPTIC,CRyPTIC,CRyPTIC,CRyPTIC,,,,,,CRyPTIC,,
ERR2510349,S,S,,,S,,S,S,S,R,S,S,S,S,,,,,S,S,,CRyPTIC,CRyPTIC,,,CRyPTIC,,CRyPTIC,CRyPTIC,CRyPTIC,CRyPTIC,CRyPTIC,CRyPTIC,CRyPTIC,CRyPTIC,,,,,CRyPTIC,CRyPTIC,
ERR2510350,S,S,,,S,,S,R,S,R,S,S,S,S,,,,,R,R,,CRyPTIC,CRyPTIC,,,CRyPTIC,,CRyPTIC,CRyPTIC,CRyPTIC,CRyPTIC,CRyPTIC,CRyPTIC,CRyPTIC,CRyPTIC,,,,,CRyPTIC,CRyPTIC,
ERR2510352,S,S,,,S,,S,R,S,R,S,S,,S,,,,,S,R,,CRyPTIC,CRyPTIC,,,CRyPTIC,,CRyPTIC,CRyPTIC,CRyPTIC,CRyPTIC,CRyPTIC,CRyPTIC,,CRyPTIC,,,,,CRyPTIC,CRyPTIC,
ERR2510353,S,S,,,S,,S,S,S,S,S,S,S,S,,,,,,R,,CRyPTIC,CRyPTIC,,,CRyPTIC,,CRyPTIC,CRyPTIC,CRyPTIC,CRyPTIC,CRyPTIC,CRyPTIC,CRyPTIC,CRyPTIC,,,,,,CRyPTIC,
ERR2510354,S,,,,,,S,,S,,S,S,,,,,,,R,R,,CRyPTIC,,,,,,CRyPTIC,,CRyPTIC,,CRyPTIC,CRyPTIC,,,,,,,CRyPTIC,CRyPTIC,
ERR2510355,S,S,,,S,,S,S,,R,S,,S,S,,,,,S,R,,CRyPTIC,CRyPTIC,,,CRyPTIC,,CRyPTIC,CRyPTIC,,CRyPTIC,CRyPTIC,,CRyPTIC,CRyPTIC,,,,,CRyPTIC,CRyPTIC,
ERR2510357,S,,,,S,,S,,S,R,S,,,,,,,,R,R,,CRyPTIC,,,,CRyPTIC,,CRyPTIC,,CRyPTIC,CRyPTIC,CRyPTIC,,,,,,,,CRyPTIC,CRyPTIC,
ERR2510363,S,S,,,S,,S,S,S,R,S,S,S,S,,,,,R,R,,CRyPTIC,CRyPTIC,,,CRyPTIC,,CRyPTIC,CRyPTIC,CRyPTIC,CRyPTIC,CRyPTIC,CRyPTIC,CRyPTIC,CRyPTIC,,,,,CRyPTIC,CRyPTIC,
ERR2510374,S,S,,,S,,S,S,S,R,S,R,,,,,,,S,S,,CRyPTIC,CRyPTIC,,,CRyPTIC,,CRyPTIC,CRyPTIC,CRyPTIC,CRyPTIC,CRyPTIC,CRyPTIC,,,,,,,CRyPTIC,CRyPTIC,
ERR2510377,S,,,,S,,S,,S,R,,R,S,R,,,,,R,R,,CRyPTIC,,,,CRyPTIC,,CRyPTIC,,CRyPTIC,CRyPTIC,,CRyPTIC,CRyPTIC,CRyPTIC,,,,,CRyPTIC,CRyPTIC,
ERR2510378,S,,,,S,,,,R,R,S,,S,R,,,,,R,R,,CRyPTIC,,,,CRyPTIC,,,,CRyPTIC,CRyPTIC,CRyPTIC,,CRyPTIC,CRyPTIC,,,,,CRyPTIC,CRyPTIC,
ERR2510381,S,,,,,,S,,S,R,,R,S,R,,,,,R,R,,CRyPTIC,,,,,,CRyPTIC,,CRyPTIC,CRyPTIC,,CRyPTIC,CRyPTIC,CRyPTIC,,,,,CRyPTIC,CRyPTIC,
ERR2510383,S,S,,,S,,S,,,R,S,R,S,S,,,,,R,R,,CRyPTIC,CRyPTIC,,,CRyPTIC,,CRyPTIC,,,CRyPTIC,CRyPTIC,CRyPTIC,CRyPTIC,CRyPTIC,,,,,CRyPTIC,CRyPTIC,
ERR2510384,S,S,,,,,S,,R,R,S,R,S,R,,,,,R,R,,CRyPTIC,CRyPTIC,,,,,CRyPTIC,,CRyPTIC,CRyPTIC,CRyPTIC,CRyPTIC,CRyPTIC,CRyPTIC,,,,,CRyPTIC,CRyPTIC,
ERR2510387,S,,,,S,,,R,S,R,S,,S,,,,,,R,R,,CRyPTIC,,,,CRyPTIC,,,CRyPTIC,CRyPTIC,CRyPTIC,CRyPTIC,,CRyPTIC,,,,,,CRyPTIC,CRyPTIC,
ERR2510388,S,S,,,S,,S,,S,R,S,S,S,,,,,,R,R,,CRyPTIC,CRyPTIC,,,CRyPTIC,,CRyPTIC,,CRyPTIC,CRyPTIC,CRyPTIC,CRyPTIC,CRyPTIC,,,,,,CRyPTIC,CRyPTIC,
ERR2510389,S,S,,,,,S,R,S,R,S,R,,S,,,,,R,R,,CRyPTIC,CRyPTIC,,,,,CRyPTIC,CRyPTIC,CRyPTIC,CRyPTIC,CRyPTIC,CRyPTIC,,CRyPTIC,,,,,CRyPTIC,CRyPTIC,
ERR2510391,S,S,,,S,,S,R,S,R,S,R,S,S,,,,,R,R,,CRyPTIC,CRyPTIC,,,CRyPTIC,,CRyPTIC,CRyPTIC,CRyPTIC,CRyPTIC,CRyPTIC,CRyPTIC,CRyPTIC,CRyPTIC,,,,,CRyPTIC,CRyPTIC,
ERR2510392,R,,,,,,S,R,R,R,R,R,,R,,,,,R,R,,CRyPTIC,,,,,,CRyPTIC,CRyPTIC,CRyPTIC,CRyPTIC,CRyPTIC,CRyPTIC,,CRyPTIC,,,,,CRyPTIC,CRyPTIC,
ERR2510393,S,S,,,,,S,,S,R,,,S,R,,,,,R,R,,CRyPTIC,CRyPTIC,,,,,CRyPTIC,,CRyPTIC,CRyPTIC,,,CRyPTIC,CRyPTIC,,,,,CRyPTIC,CRyPTIC,
ERR2510396,,S,,,,,S,,,R,S,S,,S,,,,,R,R,,,CRyPTIC,,,,,CRyPTIC,,,CRyPTIC,CRyPTIC,CRyPTIC,,CRyPTIC,,,,,CRyPTIC,CRyPTIC,
ERR2510397,S,S,,,S,,,S,S,,S,S,S,S,,,,,R,R,,CRyPTIC,CRyPTIC,,,CRyPTIC,,,CRyPTIC,CRyPTIC,,CRyPTIC,CRyPTIC,CRyPTIC,CRyPTIC,,,,,CRyPTIC,CRyPTIC,
ERR2510400,,,,,,,,R,S,R,S,R,,R,,,,,,,,,,,,,,,CRyPTIC,CRyPTIC,CRyPTIC,CRyPTIC,CRyPTIC,,CRyPTIC,,,,,,,
ERR2510401,S,S,,,S,,S,S,S,R,S,S,S,S,,,,,R,R,,CRyPTIC,CRyPTIC,,,CRyPTIC,,CRyPTIC,CRyPTIC,CRyPTIC,CRyPTIC,CRyPTIC,CRyPTIC,CRyPTIC,CRyPTIC,,,,,CRyPTIC,CRyPTIC,
ERR2510404,S,S,,,,,S,,S,R,S,,S,S,,,,,R,R,,CRyPTIC,CRyPTIC,,,,,CRyPTIC,,CRyPTIC,CRyPTIC,CRyPTIC,,CRyPTIC,CRyPTIC,,,,,CRyPTIC,CRyPTIC,
ERR2510405,S,S,,,S,,S,,S,R,S,S,S,S,,,,,R,R,,CRyPTIC,CRyPTIC,,,CRyPTIC,,CRyPTIC,,CRyPTIC,CRyPTIC,CRyPTIC,CRyPTIC,CRyPTIC,CRyPTIC,,,,,CRyPTIC,CRyPTIC,
ERR2510406,S,S,,,S,,S,S,,R,S,S,S,S,,,,,R,R,,CRyPTIC,CRyPTIC,,,CRyPTIC,,CRyPTIC,CRyPTIC,,CRyPTIC,CRyPTIC,CRyPTIC,CRyPTIC,CRyPTIC,,,,,CRyPTIC,CRyPTIC,
ERR2510408,S,,,,,,S,,S,R,,,,,,,,,R,,,CRyPTIC,,,,,,CRyPTIC,,CRyPTIC,CRyPTIC,,,,,,,,,CRyPTIC,,
ERR2510416,,,,,S,,,R,,R,S,,,S,,,,,R,R,,,,,,CRyPTIC,,,CRyPTIC,,CRyPTIC,CRyPTIC,,,CRyPTIC,,,,,CRyPTIC,CRyPTIC,
ERR2510418,S,,,,S,,S,,S,R,,,,,,,,,,R,,CRyPTIC,,,,CRyPTIC,,CRyPTIC,,CRyPTIC,CRyPTIC,,,,,,,,,,CRyPTIC,
ERR2510419,,S,,,S,,S,R,R,R,S,R,,S,,,,,,,,,CRyPTIC,,,CRyPTIC,,CRyPTIC,CRyPTIC,CRyPTIC,CRyPTIC,CRyPTIC,CRyPTIC,,CRyPTIC,,,,,,,
ERR2510422,R,S,,,S,,S,R,,R,R,R,S,R,,,,,R,R,,CRyPTIC,CRyPTIC,,,CRyPTIC,,CRyPTIC,CRyPTIC,,CRyPTIC,CRyPTIC,CRyPTIC,CRyPTIC,CRyPTIC,,,,,CRyPTIC,CRyPTIC,
ERR2510423,S,S,,,S,,S,,S,R,S,R,S,,,,,,R,R,,CRyPTIC,CRyPTIC,,,CRyPTIC,,CRyPTIC,,CRyPTIC,CRyPTIC,CRyPTIC,CRyPTIC,CRyPTIC,,,,,,CRyPTIC,CRyPTIC,
ERR2510425,S,S,,,S,,S,,S,R,S,S,S,S,,,,,R,R,,CRyPTIC,CRyPTIC,,,CRyPTIC,,CRyPTIC,,CRyPTIC,CRyPTIC,CRyPTIC,CRyPTIC,CRyPTIC,CRyPTIC,,,,,CRyPTIC,CRyPTIC,
ERR2510426,S,S,,,,,,R,S,R,,,,,,,,,R,R,,CRyPTIC,CRyPTIC,,,,,,CRyPTIC,CRyPTIC,CRyPTIC,,,,,,,,,CRyPTIC,CRyPTIC,
ERR2510427,S,S,,,S,,S,R,S,R,S,R,S,R,,,,,R,R,,CRyPTIC,CRyPTIC,,,CRyPTIC,,CRyPTIC,CRyPTIC,CRyPTIC,CRyPTIC,CRyPTIC,CRyPTIC,CRyPTIC,CRyPTIC,,,,,CRyPTIC,CRyPTIC,
ERR2510428,S,S,,,S,,S,S,S,R,S,S,S,S,,,,,R,R,,CRyPTIC,CRyPTIC,,,CRyPTIC,,CRyPTIC,CRyPTIC,CRyPTIC,CRyPTIC,CRyPTIC,CRyPTIC,CRyPTIC,CRyPTIC,,,,,CRyPTIC,CRyPTIC,
ERR2510430,S,S,,,S,,S,S,R,R,S,S,S,S,,,,,R,R,,CRyPTIC,CRyPTIC,,,CRyPTIC,,CRyPTIC,CRyPTIC,CRyPTIC,CRyPTIC,CRyPTIC,CRyPTIC,CRyPTIC,CRyPTIC,,,,,CRyPTIC,CRyPTIC,
ERR2510431,S,R,,,R,,S,S,,R,S,S,S,S,,,,,S,S,,CRyPTIC,CRyPTIC,,,CRyPTIC,,CRyPTIC,CRyPTIC,,CRyPTIC,CRyPTIC,CRyPTIC,CRyPTIC,CRyPTIC,,,,,CRyPTIC,CRyPTIC,
ERR2510432,S,S,,,S,,S,,S,R,,,,,,,,,R,R,,CRyPTIC,CRyPTIC,,,CRyPTIC,,CRyPTIC,,CRyPTIC,CRyPTIC,,,,,,,,,CRyPTIC,CRyPTIC,
ERR2510435,S,S,,,,,,,S,R,,,S,,,,,,R,R,,CRyPTIC,CRyPTIC,,,,,,,CRyPTIC,CRyPTIC,,,CRyPTIC,,,,,,CRyPTIC,CRyPTIC,
ERR2510436,S,,,,S,,S,S,S,R,S,S,,S,,,,,R,R,,CRyPTIC,,,,CRyPTIC,,CRyPTIC,CRyPTIC,CRyPTIC,CRyPTIC,CRyPTIC,CRyPTIC,,CRyPTIC,,,,,CRyPTIC,CRyPTIC,
ERR2510437,,S,,,,,S,R,S,R,S,R,,S,,,,,R,R,,,CRyPTIC,,,,,CRyPTIC,CRyPTIC,CRyPTIC,CRyPTIC,CRyPTIC,CRyPTIC,,CRyPTIC,,,,,CRyPTIC,CRyPTIC,
ERR2510438,S,R,,,S,,,R,S,R,S,S,S,S,,,,,R,R,,CRyPTIC,CRyPTIC,,,CRyPTIC,,,CRyPTIC,CRyPTIC,CRyPTIC,CRyPTIC,CRyPTIC,CRyPTIC,CRyPTIC,,,,,CRyPTIC,CRyPTIC,
ERR2510439,S,S,,,S,,S,,S,R,S,S,S,S,,,,,R,R,,CRyPTIC,CRyPTIC,,,CRyPTIC,,CRyPTIC,,CRyPTIC,CRyPTIC,CRyPTIC,CRyPTIC,CRyPTIC,CRyPTIC,,,,,CRyPTIC,CRyPTIC,
ERR2510442,S,,,,S,,S,R,S,R,S,S,,S,,,,,R,R,,CRyPTIC,,,,CRyPTIC,,CRyPTIC,CRyPTIC,CRyPTIC,CRyPTIC,CRyPTIC,CRyPTIC,,CRyPTIC,,,,,CRyPTIC,CRyPTIC,
ERR2510445,R,S,,,S,,S,,S,R,R,,S,,,,,,R,R,,CRyPTIC,CRyPTIC,,,CRyPTIC,,CRyPTIC,,CRyPTIC,CRyPTIC,CRyPTIC,,CRyPTIC,,,,,,CRyPTIC,CRyPTIC,
ERR2510448,S,S,,,,,,,R,,S,,R,,,,,,,,,CRyPTIC,CRyPTIC,,,,,,,CRyPTIC,,CRyPTIC,,CRyPTIC,,,,,,,,
ERR2510449,,S,,,,,,,S,R,S,,,,,,,,R,R,,,CRyPTIC,,,,,,,CRyPTIC,CRyPTIC,CRyPTIC,,,,,,,,CRyPTIC,CRyPTIC,
ERR2510451,S,S,,,,,S,,S,R,S,S,S,S,,,,,R,R,,CRyPTIC,CRyPTIC,,,,,CRyPTIC,,CRyPTIC,CRyPTIC,CRyPTIC,CRyPTIC,CRyPTIC,CRyPTIC,,,,,CRyPTIC,CRyPTIC,
ERR2510452,S,,,,,,S,,S,,S,,,,,,,,S,S,,CRyPTIC,,,,,,CRyPTIC,,CRyPTIC,,CRyPTIC,,,,,,,,CRyPTIC,CRyPTIC,
ERR2510453,S,S,,,S,,,,S,R,S,R,,R,,,,,R,R,,CRyPTIC,CRyPTIC,,,CRyPTIC,,,,CRyPTIC,CRyPTIC,CRyPTIC,CRyPTIC,,CRyPTIC,,,,,CRyPTIC,CRyPTIC,
ERR2510454,S,S,,,S,,S,,,R,,S,S,S,,,,,,,,CRyPTIC,CRyPTIC,,,CRyPTIC,,CRyPTIC,,,CRyPTIC,,CRyPTIC,CRyPTIC,CRyPTIC,,,,,,,
ERR2510455,S,S,,,S,,S,R,S,R,S,S,S,,,,,,R,R,,CRyPTIC,CRyPTIC,,,CRyPTIC,,CRyPTIC,CRyPTIC,CRyPTIC,CRyPTIC,CRyPTIC,CRyPTIC,CRyPTIC,,,,,,CRyPTIC,CRyPTIC,
ERR2510456,S,S,,,S,,S,,S,R,S,S,S,S,,,,,R,R,,CRyPTIC,CRyPTIC,,,CRyPTIC,,CRyPTIC,,CRyPTIC,CRyPTIC,CRyPTIC,CRyPTIC,CRyPTIC,CRyPTIC,,,,,CRyPTIC,CRyPTIC,
ERR2510457,S,S,,,S,,S,R,S,R,,R,S,S,,,,,R,R,,CRyPTIC,CRyPTIC,,,CRyPTIC,,CRyPTIC,CRyPTIC,CRyPTIC,CRyPTIC,,CRyPTIC,CRyPTIC,CRyPTIC,,,,,CRyPTIC,CRyPTIC,
ERR2510459,S,S,,,S,,S,R,R,R,R,R,R,S,,,,,R,R,,CRyPTIC,CRyPTIC,,,CRyPTIC,,CRyPTIC,CRyPTIC,CRyPTIC,CRyPTIC,CRyPTIC,CRyPTIC,CRyPTIC,CRyPTIC,,,,,CRyPTIC,CRyPTIC,
ERR2510460,S,S,,,S,,S,S,S,R,S,S,S,S,,,,,R,R,,CRyPTIC,CRyPTIC,,,CRyPTIC,,CRyPTIC,CRyPTIC,CRyPTIC,CRyPTIC,CRyPTIC,CRyPTIC,CRyPTIC,CRyPTIC,,,,,CRyPTIC,CRyPTIC,
ERR2510461,S,S,,,S,,S,,S,R,S,R,S,S,,,,,R,R,,CRyPTIC,CRyPTIC,,,CRyPTIC,,CRyPTIC,,CRyPTIC,CRyPTIC,CRyPTIC,CRyPTIC,CRyPTIC,CRyPTIC,,,,,CRyPTIC,CRyPTIC,
ERR2510463,S,S,,,S,,S,S,S,R,S,,,S,,,,,R,R,,CRyPTIC,CRyPTIC,,,CRyPTIC,,CRyPTIC,CRyPTIC,CRyPTIC,CRyPTIC,CRyPTIC,,,CRyPTIC,,,,,CRyPTIC,CRyPTIC,
ERR2510464,S,S,,,S,,S,,S,R,S,S,S,S,,,,,R,R,,CRyPTIC,CRyPTIC,,,CRyPTIC,,CRyPTIC,,CRyPTIC,CRyPTIC,CRyPTIC,CRyPTIC,CRyPTIC,CRyPTIC,,,,,CRyPTIC,CRyPTIC,
ERR2510465,S,S,,,S,,S,S,S,R,S,S,S,S,,,,,R,R,,CRyPTIC,CRyPTIC,,,CRyPTIC,,CRyPTIC,CRyPTIC,CRyPTIC,CRyPTIC,CRyPTIC,CRyPTIC,CRyPTIC,CRyPTIC,,,,,CRyPTIC,CRyPTIC,
ERR2510466,S,S,,,,,,,S,R,S,,,,,,,,R,R,,CRyPTIC,CRyPTIC,,,,,,,CRyPTIC,CRyPTIC,CRyPTIC,,,,,,,,CRyPTIC,CRyPTIC,
ERR2510467,S,S,,,,,S,,,R,,S,,S,,,,,R,R,,CRyPTIC,CRyPTIC,,,,,CRyPTIC,,,CRyPTIC,,CRyPTIC,,CRyPTIC,,,,,CRyPTIC,CRyPTIC,
ERR2510469,S,,,,,,S,,S,R,S,R,S,S,,,,,R,R,,CRyPTIC,,,,,,CRyPTIC,,CRyPTIC,CRyPTIC,CRyPTIC,CRyPTIC,CRyPTIC,CRyPTIC,,,,,CRyPTIC,CRyPTIC,
ERR2510473,S,,,,,,S,,S,R,S,S,S,S,,,,,R,R,,CRyPTIC,,,,,,CRyPTIC,,CRyPTIC,CRyPTIC,CRyPTIC,CRyPTIC,CRyPTIC,CRyPTIC,,,,,CRyPTIC,CRyPTIC,
ERR2510474,S,S,,,,,S,,S,R,S,S,S,S,,,,,R,R,,CRyPTIC,CRyPTIC,,,,,CRyPTIC,,CRyPTIC,CRyPTIC,CRyPTIC,CRyPTIC,CRyPTIC,CRyPTIC,,,,,CRyPTIC,CRyPTIC,
ERR2510479,,S,,,S,,S,,S,R,S,R,S,,,,,,R,R,,,CRyPTIC,,,CRyPTIC,,CRyPTIC,,CRyPTIC,CRyPTIC,CRyPTIC,CRyPTIC,CRyPTIC,,,,,,CRyPTIC,CRyPTIC,
ERR2510480,,,,,,,,,,R,,,,,,,,,,R,,,,,,,,,,,CRyPTIC,,,,,,,,,,CRyPTIC,
ERR2510484,S,S,,,,,S,,,R,S,S,,S,,,,,R,R,,CRyPTIC,CRyPTIC,,,,,CRyPTIC,,,CRyPTIC,CRyPTIC,CRyPTIC,,CRyPTIC,,,,,CRyPTIC,CRyPTIC,
ERR2510485,S,S,,,S,,S,S,S,R,S,S,S,S,,,,,S,S,,CRyPTIC,CRyPTIC,,,CRyPTIC,,CRyPTIC,CRyPTIC,CRyPTIC,CRyPTIC,CRyPTIC,CRyPTIC,CRyPTIC,CRyPTIC,,,,,CRyPTIC,CRyPTIC,
ERR2510486,S,S,,,,,S,,S,R,S,,S,,,,,,R,R,,CRyPTIC,CRyPTIC,,,,,CRyPTIC,,CRyPTIC,CRyPTIC,CRyPTIC,,CRyPTIC,,,,,,CRyPTIC,CRyPTIC,
ERR2510487,S,S,,,,,S,,S,R,,S,,S,,,,,R,R,,CRyPTIC,CRyPTIC,,,,,CRyPTIC,,CRyPTIC,CRyPTIC,,CRyPTIC,,CRyPTIC,,,,,CRyPTIC,CRyPTIC,
ERR2510491,R,S,,,S,,S,R,S,R,R,R,S,R,,,,,R,R,,CRyPTIC,CRyPTIC,,,CRyPTIC,,CRyPTIC,CRyPTIC,CRyPTIC,CRyPTIC,CRyPTIC,CRyPTIC,CRyPTIC,CRyPTIC,,,,,CRyPTIC,CRyPTIC,
ERR2510492,S,S,,,S,,S,,S,R,S,S,S,,,,,,,,,CRyPTIC,CRyPTIC,,,CRyPTIC,,CRyPTIC,,CRyPTIC,CRyPTIC,CRyPTIC,CRyPTIC,CRyPTIC,,,,,,,,
ERR2510494,S,S,,,S,,S,S,S,S,S,S,S,,,,,,R,R,,CRyPTIC,CRyPTIC,,,CRyPTIC,,CRyPTIC,CRyPTIC,CRyPTIC,CRyPTIC,CRyPTIC,CRyPTIC,CRyPTIC,,,,,,CRyPTIC,CRyPTIC,
ERR2510497,S,S,,,,,S,,S,R,S,S,S,S,,,,,R,R,,CRyPTIC,CRyPTIC,,,,,CRyPTIC,,CRyPTIC,CRyPTIC,CRyPTIC,CRyPTIC,CRyPTIC,CRyPTIC,,,,,CRyPTIC,CRyPTIC,
ERR2510501,S,S,,,S,,S,,S,,S,,S,S,,,,,R,R,,CRyPTIC,CRyPTIC,,,CRyPTIC,,CRyPTIC,,CRyPTIC,,CRyPTIC,,CRyPTIC,CRyPTIC,,,,,CRyPTIC,CRyPTIC,
ERR2510503,S,S,,,,,S,R,S,R,S,S,S,S,,,,,,R,,CRyPTIC,CRyPTIC,,,,,CRyPTIC,CRyPTIC,CRyPTIC,CRyPTIC,CRyPTIC,CRyPTIC,CRyPTIC,CRyPTIC,,,,,,CRyPTIC,
ERR2510504,S,S,,,,,S,,S,R,S,R,,,,,,,R,,,CRyPTIC,CRyPTIC,,,,,CRyPTIC,,CRyPTIC,CRyPTIC,CRyPTIC,CRyPTIC,,,,,,,CRyPTIC,,
ERR2510505,S,,,,S,,S,R,S,R,S,S,S,,,,,,R,,,CRyPTIC,,,,CRyPTIC,,CRyPTIC,CRyPTIC,CRyPTIC,CRyPTIC,CRyPTIC,CRyPTIC,CRyPTIC,,,,,,CRyPTIC,,
ERR2510507,S,S,,,S,,S,S,S,R,S,S,S,S,,,,,S,R,,CRyPTIC,CRyPTIC,,,CRyPTIC,,CRyPTIC,CRyPTIC,CRyPTIC,CRyPTIC,CRyPTIC,CRyPTIC,CRyPTIC,CRyPTIC,,,,,CRyPTIC,CRyPTIC,
ERR2510508,S,S,,,S,,S,,S,R,S,S,S,S,,,,,R,R,,CRyPTIC,CRyPTIC,,,CRyPTIC,,CRyPTIC,,CRyPTIC,CRyPTIC,CRyPTIC,CRyPTIC,CRyPTIC,CRyPTIC,,,,,CRyPTIC,CRyPTIC,
ERR2510510,,,,,S,,S,R,R,R,R,,,,,,,,,R,,,,,,CRyPTIC,,CRyPTIC,CRyPTIC,CRyPTIC,CRyPTIC,CRyPTIC,,,,,,,,,CRyPTIC,
ERR2510511,S,,,,S,,S,,S,R,S,S,S,S,,,,,R,R,,CRyPTIC,,,,CRyPTIC,,CRyPTIC,,CRyPTIC,CRyPTIC,CRyPTIC,CRyPTIC,CRyPTIC,CRyPTIC,,,,,CRyPTIC,CRyPTIC,
ERR2510512,S,S,,,S,,S,,S,R,S,S,S,S,,,,,R,R,,CRyPTIC,CRyPTIC,,,CRyPTIC,,CRyPTIC,,CRyPTIC,CRyPTIC,CRyPTIC,CRyPTIC,CRyPTIC,CRyPTIC,,,,,CRyPTIC,CRyPTIC,
ERR2510514,S,,,,S,,,R,S,R,S,R,S,R,,,,,R,R,,CRyPTIC,,,,CRyPTIC,,,CRyPTIC,CRyPTIC,CRyPTIC,CRyPTIC,CRyPTIC,CRyPTIC,CRyPTIC,,,,,CRyPTIC,CRyPTIC,
ERR2510515,S,S,,,,,S,,S,R,S,R,,R,,,,,R,R,,CRyPTIC,CRyPTIC,,,,,CRyPTIC,,CRyPTIC,CRyPTIC,CRyPTIC,CRyPTIC,,CRyPTIC,,,,,CRyPTIC,CRyPTIC,
ERR2510517,S,S,,,S,,S,R,,R,S,S,S,S,,,,,R,R,,CRyPTIC,CRyPTIC,,,CRyPTIC,,CRyPTIC,CRyPTIC,,CRyPTIC,CRyPTIC,CRyPTIC,CRyPTIC,CRyPTIC,,,,,CRyPTIC,CRyPTIC,
ERR2510519,R,S,,,,,S,,S,R,R,R,S,,,,,,,R,,CRyPTIC,CRyPTIC,,,,,CRyPTIC,,CRyPTIC,CRyPTIC,CRyPTIC,CRyPTIC,CRyPTIC,,,,,,,CRyPTIC,
ERR2510520,S,S,,,S,,S,,S,R,S,,S,R,,,,,R,R,,CRyPTIC,CRyPTIC,,,CRyPTIC,,CRyPTIC,,CRyPTIC,CRyPTIC,CRyPTIC,,CRyPTIC,CRyPTIC,,,,,CRyPTIC,CRyPTIC,
ERR2510521,S,S,,,S,,S,R,S,R,S,R,,S,,,,,R,R,,CRyPTIC,CRyPTIC,,,CRyPTIC,,CRyPTIC,CRyPTIC,CRyPTIC,CRyPTIC,CRyPTIC,CRyPTIC,,CRyPTIC,,,,,CRyPTIC,CRyPTIC,
ERR2510522,S,S,,,S,,S,,S,R,S,S,S,S,,,,,,R,,CRyPTIC,CRyPTIC,,,CRyPTIC,,CRyPTIC,,CRyPTIC,CRyPTIC,CRyPTIC,CRyPTIC,CRyPTIC,CRyPTIC,,,,,,CRyPTIC,
ERR2510526,S,S,,,,,S,,S,R,S,,,S,,,,,R,R,,CRyPTIC,CRyPTIC,,,,,CRyPTIC,,CRyPTIC,CRyPTIC,CRyPTIC,,,CRyPTIC,,,,,CRyPTIC,CRyPTIC,
ERR2510527,S,S,,,,,S,,S,R,S,R,S,,,,,,R,R,,CRyPTIC,CRyPTIC,,,,,CRyPTIC,,CRyPTIC,CRyPTIC,CRyPTIC,CRyPTIC,CRyPTIC,,,,,,CRyPTIC,CRyPTIC,
ERR2510530,S,S,,,S,,S,R,S,R,S,R,,,,,,,R,R,,CRyPTIC,CRyPTIC,,,CRyPTIC,,CRyPTIC,CRyPTIC,CRyPTIC,CRyPTIC,CRyPTIC,CRyPTIC,,,,,,,CRyPTIC,CRyPTIC,
ERR2510532,S,S,,,S,,S,R,S,R,S,S,S,S,,,,,R,R,,CRyPTIC,CRyPTIC,,,CRyPTIC,,CRyPTIC,CRyPTIC,CRyPTIC,CRyPTIC,CRyPTIC,CRyPTIC,CRyPTIC,CRyPTIC,,,,,CRyPTIC,CRyPTIC,
ERR2510533,S,S,,,S,,S,S,S,R,S,S,S,S,,,,,S,S,,CRyPTIC,CRyPTIC,,,CRyPTIC,,CRyPTIC,CRyPTIC,CRyPTIC,CRyPTIC,CRyPTIC,CRyPTIC,CRyPTIC,CRyPTIC,,,,,CRyPTIC,CRyPTIC,
ERR2510534,,S,,,,,,,,R,S,,,,,,,,R,R,,,CRyPTIC,,,,,,,,CRyPTIC,CRyPTIC,,,,,,,,CRyPTIC,CRyPTIC,
ERR2510535,S,S,,,S,,S,,S,R,S,R,S,R,,,,,S,S,,CRyPTIC,CRyPTIC,,,CRyPTIC,,CRyPTIC,,CRyPTIC,CRyPTIC,CRyPTIC,CRyPTIC,CRyPTIC,CRyPTIC,,,,,CRyPTIC,CRyPTIC,
ERR2510536,S,S,,,S,,S,,S,R,S,S,S,S,,,,,R,R,,CRyPTIC,CRyPTIC,,,CRyPTIC,,CRyPTIC,,CRyPTIC,CRyPTIC,CRyPTIC,CRyPTIC,CRyPTIC,CRyPTIC,,,,,CRyPTIC,CRyPTIC,
ERR2510538,S,,,,,,S,R,S,R,S,,,R,,,,,R,R,,CRyPTIC,,,,,,CRyPTIC,CRyPTIC,CRyPTIC,CRyPTIC,CRyPTIC,,,CRyPTIC,,,,,CRyPTIC,CRyPTIC,
ERR2510539,S,S,,,S,,S,S,S,R,S,S,S,S,,,,,S,,,CRyPTIC,CRyPTIC,,,CRyPTIC,,CRyPTIC,CRyPTIC,CRyPTIC,CRyPTIC,CRyPTIC,CRyPTIC,CRyPTIC,CRyPTIC,,,,,CRyPTIC,,
ERR2510540,S,S,,,,,S,,,R,S,S,S,,,,,,R,R,,CRyPTIC,CRyPTIC,,,,,CRyPTIC,,,CRyPTIC,CRyPTIC,CRyPTIC,CRyPTIC,,,,,,CRyPTIC,CRyPTIC,
ERR2510542,S,S,,,S,,S,R,,R,S,S,,S,,,,,R,R,,CRyPTIC,CRyPTIC,,,CRyPTIC,,CRyPTIC,CRyPTIC,,CRyPTIC,CRyPTIC,CRyPTIC,,CRyPTIC,,,,,CRyPTIC,CRyPTIC,
ERR2510544,S,S,,,S,,S,,S,R,S,S,S,S,,,,,R,R,,CRyPTIC,CRyPTIC,,,CRyPTIC,,CRyPTIC,,CRyPTIC,CRyPTIC,CRyPTIC,CRyPTIC,CRyPTIC,CRyPTIC,,,,,CRyPTIC,CRyPTIC,
ERR2510545,S,,,,S,,S,,S,R,S,R,,,,,,,R,R,,CRyPTIC,,,,CRyPTIC,,CRyPTIC,,CRyPTIC,CRyPTIC,CRyPTIC,CRyPTIC,,,,,,,CRyPTIC,CRyPTIC,
ERR2510546,S,S,,,R,,S,,,R,S,R,S,S,,,,,R,R,,CRyPTIC,CRyPTIC,,,CRyPTIC,,CRyPTIC,,,CRyPTIC,CRyPTIC,CRyPTIC,CRyPTIC,CRyPTIC,,,,,CRyPTIC,CRyPTIC,
ERR2510548,S,S,,,S,,S,S,R,R,S,R,S,R,,,,,R,R,,CRyPTIC,CRyPTIC,,,CRyPTIC,,CRyPTIC,CRyPTIC,CRyPTIC,CRyPTIC,CRyPTIC,CRyPTIC,CRyPTIC,CRyPTIC,,,,,CRyPTIC,CRyPTIC,
ERR2510549,S,S,,,S,,S,,S,R,S,R,S,R,,,,,R,R,,CRyPTIC,CRyPTIC,,,CRyPTIC,,CRyPTIC,,CRyPTIC,CRyPTIC,CRyPTIC,CRyPTIC,CRyPTIC,CRyPTIC,,,,,CRyPTIC,CRyPTIC,
ERR2510551,S,R,,,,,S,,S,R,S,R,,,,,,,R,R,,CRyPTIC,CRyPTIC,,,,,CRyPTIC,,CRyPTIC,CRyPTIC,CRyPTIC,CRyPTIC,,,,,,,CRyPTIC,CRyPTIC,
ERR2510554,S,S,,,S,,S,,R,R,S,,S,R,,,,,R,R,,CRyPTIC,CRyPTIC,,,CRyPTIC,,CRyPTIC,,CRyPTIC,CRyPTIC,CRyPTIC,,CRyPTIC,CRyPTIC,,,,,CRyPTIC,CRyPTIC,
ERR2510559,S,S,,,S,,S,S,S,R,S,S,S,S,,,,,S,R,,CRyPTIC,CRyPTIC,,,CRyPTIC,,CRyPTIC,CRyPTIC,CRyPTIC,CRyPTIC,CRyPTIC,CRyPTIC,CRyPTIC,CRyPTIC,,,,,CRyPTIC,CRyPTIC,
ERR2510563,S,,,,,,S,,,R,S,S,,S,,,,,S,S,,CRyPTIC,,,,,,CRyPTIC,,,CRyPTIC,CRyPTIC,CRyPTIC,,CRyPTIC,,,,,CRyPTIC,CRyPTIC,
ERR2510565,S,S,,,,,S,,S,S,S,,,,,,,,S,S,,CRyPTIC,CRyPTIC,,,,,CRyPTIC,,CRyPTIC,CRyPTIC,CRyPTIC,,,,,,,,CRyPTIC,CRyPTIC,
ERR2510567,S,S,,,,,S,,,R,S,,S,,,,,,R,R,,CRyPTIC,CRyPTIC,,,,,CRyPTIC,,,CRyPTIC,CRyPTIC,,CRyPTIC,,,,,,CRyPTIC,CRyPTIC,
ERR2510569,S,S,,,S,,S,,S,R,S,S,S,,,,,,R,R,,CRyPTIC,CRyPTIC,,,CRyPTIC,,CRyPTIC,,CRyPTIC,CRyPTIC,CRyPTIC,CRyPTIC,CRyPTIC,,,,,,CRyPTIC,CRyPTIC,
ERR2510570,S,,,,,,S,S,S,R,S,S,S,S,,,,,R,R,,CRyPTIC,,,,,,CRyPTIC,CRyPTIC,CRyPTIC,CRyPTIC,CRyPTIC,CRyPTIC,CRyPTIC,CRyPTIC,,,,,CRyPTIC,CRyPTIC,
ERR2510571,S,S,,,S,,S,S,S,R,S,S,S,S,,,,,R,R,,CRyPTIC,CRyPTIC,,,CRyPTIC,,CRyPTIC,CRyPTIC,CRyPTIC,CRyPTIC,CRyPTIC,CRyPTIC,CRyPTIC,CRyPTIC,,,,,CRyPTIC,CRyPTIC,
ERR2510575,R,S,,,S,,S,R,S,R,R,S,S,S,,,,,R,R,,CRyPTIC,CRyPTIC,,,CRyPTIC,,CRyPTIC,CRyPTIC,CRyPTIC,CRyPTIC,CRyPTIC,CRyPTIC,CRyPTIC,CRyPTIC,,,,,CRyPTIC,CRyPTIC,
ERR2510576,R,S,,,S,,,R,S,R,,,S,R,,,,,R,R,,CRyPTIC,CRyPTIC,,,CRyPTIC,,,CRyPTIC,CRyPTIC,CRyPTIC,,,CRyPTIC,CRyPTIC,,,,,CRyPTIC,CRyPTIC,
ERR2510578,S,S,,,,,S,R,S,R,S,,,,,,,,R,R,,CRyPTIC,CRyPTIC,,,,,CRyPTIC,CRyPTIC,CRyPTIC,CRyPTIC,CRyPTIC,,,,,,,,CRyPTIC,CRyPTIC,
ERR2510579,S,S,,,S,,S,R,S,R,S,S,S,,,,,,R,R,,CRyPTIC,CRyPTIC,,,CRyPTIC,,CRyPTIC,CRyPTIC,CRyPTIC,CRyPTIC,CRyPTIC,CRyPTIC,CRyPTIC,,,,,,CRyPTIC,CRyPTIC,
ERR2510580,S,S,,,S,,S,,S,R,S,R,,,,,,,R,R,,CRyPTIC,CRyPTIC,,,CRyPTIC,,CRyPTIC,,CRyPTIC,CRyPTIC,CRyPTIC,CRyPTIC,,,,,,,CRyPTIC,CRyPTIC,
ERR2510581,S,S,,,,,S,R,,R,S,S,S,S,,,,,S,R,,CRyPTIC,CRyPTIC,,,,,CRyPTIC,CRyPTIC,,CRyPTIC,CRyPTIC,CRyPTIC,CRyPTIC,CRyPTIC,,,,,CRyPTIC,CRyPTIC,
ERR2510582,S,S,,,S,,S,,,R,S,S,S,S,,,,,R,R,,CRyPTIC,CRyPTIC,,,CRyPTIC,,CRyPTIC,,,CRyPTIC,CRyPTIC,CRyPTIC,CRyPTIC,CRyPTIC,,,,,CRyPTIC,CRyPTIC,
ERR2510585,S,S,,,S,,S,,S,R,S,S,S,S,,,,,R,R,,CRyPTIC,CRyPTIC,,,CRyPTIC,,CRyPTIC,,CRyPTIC,CRyPTIC,CRyPTIC,CRyPTIC,CRyPTIC,CRyPTIC,,,,,CRyPTIC,CRyPTIC,
ERR2510586,S,S,,,S,,S,,S,R,S,R,,S,,,,,R,R,,CRyPTIC,CRyPTIC,,,CRyPTIC,,CRyPTIC,,CRyPTIC,CRyPTIC,CRyPTIC,CRyPTIC,,CRyPTIC,,,,,CRyPTIC,CRyPTIC,
ERR2510587,S,S,,,S,,S,R,S,R,S,R,,R,,,,,,R,,CRyPTIC,CRyPTIC,,,CRyPTIC,,CRyPTIC,CRyPTIC,CRyPTIC,CRyPTIC,CRyPTIC,CRyPTIC,,CRyPTIC,,,,,,CRyPTIC,
ERR2510588,S,S,,,S,,S,R,S,R,S,R,S,,,,,,R,R,,CRyPTIC,CRyPTIC,,,CRyPTIC,,CRyPTIC,CRyPTIC,CRyPTIC,CRyPTIC,CRyPTIC,CRyPTIC,CRyPTIC,,,,,,CRyPTIC,CRyPTIC,
ERR2510589,S,S,,,S,,S,S,S,R,S,R,,S,,,,,R,R,,CRyPTIC,CRyPTIC,,,CRyPTIC,,CRyPTIC,CRyPTIC,CRyPTIC,CRyPTIC,CRyPTIC,CRyPTIC,,CRyPTIC,,,,,CRyPTIC,CRyPTIC,
ERR2510592,S,S,,,S,,,R,S,R,S,R,S,R,,,,,R,R,,CRyPTIC,CRyPTIC,,,CRyPTIC,,,CRyPTIC,CRyPTIC,CRyPTIC,CRyPTIC,CRyPTIC,CRyPTIC,CRyPTIC,,,,,CRyPTIC,CRyPTIC,
ERR2510599,S,S,,,S,,S,,,R,S,S,S,S,,,,,R,R,,CRyPTIC,CRyPTIC,,,CRyPTIC,,CRyPTIC,,,CRyPTIC,CRyPTIC,CRyPTIC,CRyPTIC,CRyPTIC,,,,,CRyPTIC,CRyPTIC,
ERR2510600,S,S,,,,,S,R,S,R,S,R,,R,,,,,R,R,,CRyPTIC,CRyPTIC,,,,,CRyPTIC,CRyPTIC,CRyPTIC,CRyPTIC,CRyPTIC,CRyPTIC,,CRyPTIC,,,,,CRyPTIC,CRyPTIC,
ERR2510603,,S,,,,,S,S,S,R,S,S,S,S,,,,,R,R,,,CRyPTIC,,,,,CRyPTIC,CRyPTIC,CRyPTIC,CRyPTIC,CRyPTIC,CRyPTIC,CRyPTIC,CRyPTIC,,,,,CRyPTIC,CRyPTIC,
ERR2510604,S,,,,S,,S,,,R,S,,,,,,,,R,R,,CRyPTIC,,,,CRyPTIC,,CRyPTIC,,,CRyPTIC,CRyPTIC,,,,,,,,CRyPTIC,CRyPTIC,
ERR2510605,S,S,,,S,,S,,S,R,S,R,S,S,,,,,R,R,,CRyPTIC,CRyPTIC,,,CRyPTIC,,CRyPTIC,,CRyPTIC,CRyPTIC,CRyPTIC,CRyPTIC,CRyPTIC,CRyPTIC,,,,,CRyPTIC,CRyPTIC,
ERR2510606,S,S,,,S,,,,S,,S,,,,,,,,R,R,,CRyPTIC,CRyPTIC,,,CRyPTIC,,,,CRyPTIC,,CRyPTIC,,,,,,,,CRyPTIC,CRyPTIC,
ERR2510608,S,S,,,S,,S,,S,R,S,S,S,S,,,,,R,R,,CRyPTIC,CRyPTIC,,,CRyPTIC,,CRyPTIC,,CRyPTIC,CRyPTIC,CRyPTIC,CRyPTIC,CRyPTIC,CRyPTIC,,,,,CRyPTIC,CRyPTIC,
ERR2510610,S,S,,,S,,S,R,R,R,S,R,S,R,,,,,R,R,,CRyPTIC,CRyPTIC,,,CRyPTIC,,CRyPTIC,CRyPTIC,CRyPTIC,CRyPTIC,CRyPTIC,CRyPTIC,CRyPTIC,CRyPTIC,,,,,CRyPTIC,CRyPTIC,
ERR2510611,,S,,,S,,S,R,S,R,,R,S,S,,,,,R,R,,,CRyPTIC,,,CRyPTIC,,CRyPTIC,CRyPTIC,CRyPTIC,CRyPTIC,,CRyPTIC,CRyPTIC,CRyPTIC,,,,,CRyPTIC,CRyPTIC,
ERR2510612,S,S,,,S,,S,S,S,R,S,S,S,S,,,,,R,R,,CRyPTIC,CRyPTIC,,,CRyPTIC,,CRyPTIC,CRyPTIC,CRyPTIC,CRyPTIC,CRyPTIC,CRyPTIC,CRyPTIC,CRyPTIC,,,,,CRyPTIC,CRyPTIC,
ERR2510615,,S,,,,,S,,S,S,S,S,S,S,,,,,R,,,,CRyPTIC,,,,,CRyPTIC,,CRyPTIC,CRyPTIC,CRyPTIC,CRyPTIC,CRyPTIC,CRyPTIC,,,,,CRyPTIC,,
ERR2510616,,S,,,,,S,R,S,R,S,R,,R,,,,,S,,,,CRyPTIC,,,,,CRyPTIC,CRyPTIC,CRyPTIC,CRyPTIC,CRyPTIC,CRyPTIC,,CRyPTIC,,,,,CRyPTIC,,
ERR2510617,S,S,,,S,,S,S,S,R,S,S,,S,,,,,R,R,,CRyPTIC,CRyPTIC,,,CRyPTIC,,CRyPTIC,CRyPTIC,CRyPTIC,CRyPTIC,CRyPTIC,CRyPTIC,,CRyPTIC,,,,,CRyPTIC,CRyPTIC,
ERR2510620,S,S,,,S,,S,S,,R,S,S,S,S,,,,,R,R,,CRyPTIC,CRyPTIC,,,CRyPTIC,,CRyPTIC,CRyPTIC,,CRyPTIC,CRyPTIC,CRyPTIC,CRyPTIC,CRyPTIC,,,,,CRyPTIC,CRyPTIC,
ERR2510623,,S,,,S,,,R,R,R,S,R,S,S,,,,,R,R,,,CRyPTIC,,,CRyPTIC,,,CRyPTIC,CRyPTIC,CRyPTIC,CRyPTIC,CRyPTIC,CRyPTIC,CRyPTIC,,,,,CRyPTIC,CRyPTIC,
ERR2510624,S,,,,S,,S,,S,R,S,S,S,S,,,,,R,R,,CRyPTIC,,,,CRyPTIC,,CRyPTIC,,CRyPTIC,CRyPTIC,CRyPTIC,CRyPTIC,CRyPTIC,CRyPTIC,,,,,CRyPTIC,CRyPTIC,
ERR2510625,S,S,,,S,,S,S,S,R,S,R,S,S,,,,,R,R,,CRyPTIC,CRyPTIC,,,CRyPTIC,,CRyPTIC,CRyPTIC,CRyPTIC,CRyPTIC,CRyPTIC,CRyPTIC,CRyPTIC,CRyPTIC,,,,,CRyPTIC,CRyPTIC,
ERR2510626,,S,,,,,S,,S,R,S,S,,S,,,,,R,R,,,CRyPTIC,,,,,CRyPTIC,,CRyPTIC,CRyPTIC,CRyPTIC,CRyPTIC,,CRyPTIC,,,,,CRyPTIC,CRyPTIC,
ERR2510627,S,S,,,S,,S,,S,R,S,,S,,,,,,R,R,,CRyPTIC,CRyPTIC,,,CRyPTIC,,CRyPTIC,,CRyPTIC,CRyPTIC,CRyPTIC,,CRyPTIC,,,,,,CRyPTIC,CRyPTIC,
ERR2510631,S,,,,S,,S,,S,R,S,R,,,,,,,R,R,,CRyPTIC,,,,CRyPTIC,,CRyPTIC,,CRyPTIC,CRyPTIC,CRyPTIC,CRyPTIC,,,,,,,CRyPTIC,CRyPTIC,
ERR2510634,S,S,,,S,,S,,S,R,S,S,,S,,,,,R,R,,CRyPTIC,CRyPTIC,,,CRyPTIC,,CRyPTIC,,CRyPTIC,CRyPTIC,CRyPTIC,CRyPTIC,,CRyPTIC,,,,,CRyPTIC,CRyPTIC,
ERR2510635,S,,,,,,S,S,S,R,S,S,S,S,,,,,R,R,,CRyPTIC,,,,,,CRyPTIC,CRyPTIC,CRyPTIC,CRyPTIC,CRyPTIC,CRyPTIC,CRyPTIC,CRyPTIC,,,,,CRyPTIC,CRyPTIC,
ERR2510638,S,,,,S,,S,S,S,R,S,,,S,,,,,R,R,,CRyPTIC,,,,CRyPTIC,,CRyPTIC,CRyPTIC,CRyPTIC,CRyPTIC,CRyPTIC,,,CRyPTIC,,,,,CRyPTIC,CRyPTIC,
ERR2510639,S,,,,S,,S,,S,R,S,,,,,,,,R,R,,CRyPTIC,,,,CRyPTIC,,CRyPTIC,,CRyPTIC,CRyPTIC,CRyPTIC,,,,,,,,CRyPTIC,CRyPTIC,
ERR2510640,S,S,,,S,,S,R,S,R,S,R,S,S,,,,,R,R,,CRyPTIC,CRyPTIC,,,CRyPTIC,,CRyPTIC,CRyPTIC,CRyPTIC,CRyPTIC,CRyPTIC,CRyPTIC,CRyPTIC,CRyPTIC,,,,,CRyPTIC,CRyPTIC,
ERR2510641,S,S,,,S,,S,,S,R,S,S,S,S,,,,,R,R,,CRyPTIC,CRyPTIC,,,CRyPTIC,,CRyPTIC,,CRyPTIC,CRyPTIC,CRyPTIC,CRyPTIC,CRyPTIC,CRyPTIC,,,,,CRyPTIC,CRyPTIC,
ERR2510642,S,S,,,S,,S,R,,R,S,,S,,,,,,R,R,,CRyPTIC,CRyPTIC,,,CRyPTIC,,CRyPTIC,CRyPTIC,,CRyPTIC,CRyPTIC,,CRyPTIC,,,,,,CRyPTIC,CRyPTIC,
ERR2510645,S,S,,,S,,S,,S,R,S,S,S,S,,,,,R,R,,CRyPTIC,CRyPTIC,,,CRyPTIC,,CRyPTIC,,CRyPTIC,CRyPTIC,CRyPTIC,CRyPTIC,CRyPTIC,CRyPTIC,,,,,CRyPTIC,CRyPTIC,
ERR2510646,S,S,,,S,,S,,S,R,S,S,S,S,,,,,R,R,,CRyPTIC,CRyPTIC,,,CRyPTIC,,CRyPTIC,,CRyPTIC,CRyPTIC,CRyPTIC,CRyPTIC,CRyPTIC,CRyPTIC,,,,,CRyPTIC,CRyPTIC,
ERR2510647,S,S,,,S,,S,S,S,R,S,,S,S,,,,,,R,,CRyPTIC,CRyPTIC,,,CRyPTIC,,CRyPTIC,CRyPTIC,CRyPTIC,CRyPTIC,CRyPTIC,,CRyPTIC,CRyPTIC,,,,,,CRyPTIC,
ERR2510648,S,S,,,S,,S,S,R,R,S,S,S,S,,,,,R,R,,CRyPTIC,CRyPTIC,,,CRyPTIC,,CRyPTIC,CRyPTIC,CRyPTIC,CRyPTIC,CRyPTIC,CRyPTIC,CRyPTIC,CRyPTIC,,,,,CRyPTIC,CRyPTIC,
ERR2510649,S,,,,S,,S,,R,R,S,S,S,S,,,,,R,R,,CRyPTIC,,,,CRyPTIC,,CRyPTIC,,CRyPTIC,CRyPTIC,CRyPTIC,CRyPTIC,CRyPTIC,CRyPTIC,,,,,CRyPTIC,CRyPTIC,
ERR2510650,S,S,,,,,S,S,S,R,S,,S,S,,,,,R,R,,CRyPTIC,CRyPTIC,,,,,CRyPTIC,CRyPTIC,CRyPTIC,CRyPTIC,CRyPTIC,,CRyPTIC,CRyPTIC,,,,,CRyPTIC,CRyPTIC,
ERR2510651,,S,,,,,S,,S,R,S,,S,S,,,,,R,,,,CRyPTIC,,,,,CRyPTIC,,CRyPTIC,CRyPTIC,CRyPTIC,,CRyPTIC,CRyPTIC,,,,,CRyPTIC,,
ERR2510654,R,S,,,S,,S,,R,R,R,R,S,R,,,,,R,R,,CRyPTIC,CRyPTIC,,,CRyPTIC,,CRyPTIC,,CRyPTIC,CRyPTIC,CRyPTIC,CRyPTIC,CRyPTIC,CRyPTIC,,,,,CRyPTIC,CRyPTIC,
ERR2510656,,S,,,S,,,,R,R,R,R,S,R,,,,,,R,,,CRyPTIC,,,CRyPTIC,,,,CRyPTIC,CRyPTIC,CRyPTIC,CRyPTIC,CRyPTIC,CRyPTIC,,,,,,CRyPTIC,
ERR2510657,S,S,,,S,,S,S,R,R,S,S,S,S,,,,,R,R,,CRyPTIC,CRyPTIC,,,CRyPTIC,,CRyPTIC,CRyPTIC,CRyPTIC,CRyPTIC,CRyPTIC,CRyPTIC,CRyPTIC,CRyPTIC,,,,,CRyPTIC,CRyPTIC,
ERR2510658,S,S,,,S,,S,S,S,R,S,S,S,S,,,,,R,R,,CRyPTIC,CRyPTIC,,,CRyPTIC,,CRyPTIC,CRyPTIC,CRyPTIC,CRyPTIC,CRyPTIC,CRyPTIC,CRyPTIC,CRyPTIC,,,,,CRyPTIC,CRyPTIC,
ERR2510661,S,S,,,S,,S,S,S,R,S,S,S,S,,,,,R,R,,CRyPTIC,CRyPTIC,,,CRyPTIC,,CRyPTIC,CRyPTIC,CRyPTIC,CRyPTIC,CRyPTIC,CRyPTIC,CRyPTIC,CRyPTIC,,,,,CRyPTIC,CRyPTIC,
ERR2510666,S,S,,,S,,S,R,R,R,S,R,S,R,,,,,R,R,,CRyPTIC,CRyPTIC,,,CRyPTIC,,CRyPTIC,CRyPTIC,CRyPTIC,CRyPTIC,CRyPTIC,CRyPTIC,CRyPTIC,CRyPTIC,,,,,CRyPTIC,CRyPTIC,
ERR2510667,S,S,,,S,,S,,R,R,S,S,S,S,,,,,R,R,,CRyPTIC,CRyPTIC,,,CRyPTIC,,CRyPTIC,,CRyPTIC,CRyPTIC,CRyPTIC,CRyPTIC,CRyPTIC,CRyPTIC,,,,,CRyPTIC,CRyPTIC,
ERR2510669,R,S,,,S,,S,,S,R,R,R,S,S,,,,,R,R,,CRyPTIC,CRyPTIC,,,CRyPTIC,,CRyPTIC,,CRyPTIC,CRyPTIC,CRyPTIC,CRyPTIC,CRyPTIC,CRyPTIC,,,,,CRyPTIC,CRyPTIC,
ERR2510671,R,S,,,S,,S,,,R,R,R,S,R,,,,,R,R,,CRyPTIC,CRyPTIC,,,CRyPTIC,,CRyPTIC,,,CRyPTIC,CRyPTIC,CRyPTIC,CRyPTIC,CRyPTIC,,,,,CRyPTIC,CRyPTIC,
ERR2510672,R,S,,,S,,S,S,,R,R,R,S,R,,,,,R,R,,CRyPTIC,CRyPTIC,,,CRyPTIC,,CRyPTIC,CRyPTIC,,CRyPTIC,CRyPTIC,CRyPTIC,CRyPTIC,CRyPTIC,,,,,CRyPTIC,CRyPTIC,
ERR2510673,S,S,,,S,,S,,R,R,S,S,S,S,,,,,R,R,,CRyPTIC,CRyPTIC,,,CRyPTIC,,CRyPTIC,,CRyPTIC,CRyPTIC,CRyPTIC,CRyPTIC,CRyPTIC,CRyPTIC,,,,,CRyPTIC,CRyPTIC,
ERR2510675,S,S,,,S,,S,S,S,R,S,S,S,S,,,,,R,R,,CRyPTIC,CRyPTIC,,,CRyPTIC,,CRyPTIC,CRyPTIC,CRyPTIC,CRyPTIC,CRyPTIC,CRyPTIC,CRyPTIC,CRyPTIC,,,,,CRyPTIC,CRyPTIC,
ERR2510677,S,S,,,S,,S,,S,R,S,S,S,S,,,,,R,R,,CRyPTIC,CRyPTIC,,,CRyPTIC,,CRyPTIC,,CRyPTIC,CRyPTIC,CRyPTIC,CRyPTIC,CRyPTIC,CRyPTIC,,,,,CRyPTIC,CRyPTIC,
ERR2510683,S,S,,,S,,S,,R,R,S,R,S,R,,,,,R,R,,CRyPTIC,CRyPTIC,,,CRyPTIC,,CRyPTIC,,CRyPTIC,CRyPTIC,CRyPTIC,CRyPTIC,CRyPTIC,CRyPTIC,,,,,CRyPTIC,CRyPTIC,
ERR2510684,S,S,,,S,,S,R,R,R,R,R,S,R,,,,,R,R,,CRyPTIC,CRyPTIC,,,CRyPTIC,,CRyPTIC,CRyPTIC,CRyPTIC,CRyPTIC,CRyPTIC,CRyPTIC,CRyPTIC,CRyPTIC,,,,,CRyPTIC,CRyPTIC,
ERR2510685,S,S,,,S,,S,S,R,R,S,S,S,S,,,,,R,R,,CRyPTIC,CRyPTIC,,,CRyPTIC,,CRyPTIC,CRyPTIC,CRyPTIC,CRyPTIC,CRyPTIC,CRyPTIC,CRyPTIC,CRyPTIC,,,,,CRyPTIC,CRyPTIC,
ERR2510686,R,S,,,S,,S,,R,R,R,S,S,S,,,,,R,R,,CRyPTIC,CRyPTIC,,,CRyPTIC,,CRyPTIC,,CRyPTIC,CRyPTIC,CRyPTIC,CRyPTIC,CRyPTIC,CRyPTIC,,,,,CRyPTIC,CRyPTIC,
ERR2510687,S,S,,,S,,S,S,S,,S,S,S,S,,,,,R,R,,CRyPTIC,CRyPTIC,,,CRyPTIC,,CRyPTIC,CRyPTIC,CRyPTIC,,CRyPTIC,CRyPTIC,CRyPTIC,CRyPTIC,,,,,CRyPTIC,CRyPTIC,
ERR2510688,S,S,,,S,,S,S,,R,R,S,S,S,,,,,R,R,,CRyPTIC,CRyPTIC,,,CRyPTIC,,CRyPTIC,CRyPTIC,,CRyPTIC,CRyPTIC,CRyPTIC,CRyPTIC,CRyPTIC,,,,,CRyPTIC,CRyPTIC,
ERR2510691,S,S,,,S,,S,S,R,R,S,S,S,S,,,,,,R,,CRyPTIC,CRyPTIC,,,CRyPTIC,,CRyPTIC,CRyPTIC,CRyPTIC,CRyPTIC,CRyPTIC,CRyPTIC,CRyPTIC,CRyPTIC,,,,,,CRyPTIC,
ERR2510693,R,S,,,S,,S,R,S,R,R,R,S,S,,,,,R,R,,CRyPTIC,CRyPTIC,,,CRyPTIC,,CRyPTIC,CRyPTIC,CRyPTIC,CRyPTIC,CRyPTIC,CRyPTIC,CRyPTIC,CRyPTIC,,,,,CRyPTIC,CRyPTIC,
ERR2510695,R,,,,S,,,R,S,R,R,S,S,S,,,,,,R,,CRyPTIC,,,,CRyPTIC,,,CRyPTIC,CRyPTIC,CRyPTIC,CRyPTIC,CRyPTIC,CRyPTIC,CRyPTIC,,,,,,CRyPTIC,
ERR2510696,S,S,,,S,,S,,S,R,S,S,S,S,,,,,R,R,,CRyPTIC,CRyPTIC,,,CRyPTIC,,CRyPTIC,,CRyPTIC,CRyPTIC,CRyPTIC,CRyPTIC,CRyPTIC,CRyPTIC,,,,,CRyPTIC,CRyPTIC,
ERR2510702,R,S,,,S,,S,,R,R,R,S,S,S,,,,,R,R,,CRyPTIC,CRyPTIC,,,CRyPTIC,,CRyPTIC,,CRyPTIC,CRyPTIC,CRyPTIC,CRyPTIC,CRyPTIC,CRyPTIC,,,,,CRyPTIC,CRyPTIC,
ERR2510712,S,S,,,S,,S,,S,R,S,S,S,S,,,,,R,R,,CRyPTIC,CRyPTIC,,,CRyPTIC,,CRyPTIC,,CRyPTIC,CRyPTIC,CRyPTIC,CRyPTIC,CRyPTIC,CRyPTIC,,,,,CRyPTIC,CRyPTIC,
ERR2510714,,S,,,,,S,,S,R,S,,S,R,,,,,S,S,,,CRyPTIC,,,,,CRyPTIC,,CRyPTIC,CRyPTIC,CRyPTIC,,CRyPTIC,CRyPTIC,,,,,CRyPTIC,CRyPTIC,
ERR2510716,S,,,,S,,S,,,R,S,S,,S,,,,,R,R,,CRyPTIC,,,,CRyPTIC,,CRyPTIC,,,CRyPTIC,CRyPTIC,CRyPTIC,,CRyPTIC,,,,,CRyPTIC,CRyPTIC,
ERR2510717,R,S,,,S,,S,S,S,R,R,S,S,S,,,,,R,R,,CRyPTIC,CRyPTIC,,,CRyPTIC,,CRyPTIC,CRyPTIC,CRyPTIC,CRyPTIC,CRyPTIC,CRyPTIC,CRyPTIC,CRyPTIC,,,,,CRyPTIC,CRyPTIC,
ERR2510718,S,S,,,S,,S,R,R,R,R,R,S,R,,,,,R,R,,CRyPTIC,CRyPTIC,,,CRyPTIC,,CRyPTIC,CRyPTIC,CRyPTIC,CRyPTIC,CRyPTIC,CRyPTIC,CRyPTIC,CRyPTIC,,,,,CRyPTIC,CRyPTIC,
ERR2510719,S,S,,,S,,S,,S,R,,R,S,,,,,,R,R,,CRyPTIC,CRyPTIC,,,CRyPTIC,,CRyPTIC,,CRyPTIC,CRyPTIC,,CRyPTIC,CRyPTIC,,,,,,CRyPTIC,CRyPTIC,
ERR2510722,S,S,,,,,S,S,R,R,,S,,,,,,,R,R,,CRyPTIC,CRyPTIC,,,,,CRyPTIC,CRyPTIC,CRyPTIC,CRyPTIC,,CRyPTIC,,,,,,,CRyPTIC,CRyPTIC,
ERR2510723,R,S,,,S,,S,,R,R,R,S,S,S,,,,,R,R,,CRyPTIC,CRyPTIC,,,CRyPTIC,,CRyPTIC,,CRyPTIC,CRyPTIC,CRyPTIC,CRyPTIC,CRyPTIC,CRyPTIC,,,,,CRyPTIC,CRyPTIC,
ERR2510724,R,S,,,S,,S,S,R,R,R,R,S,R,,,,,S,R,,CRyPTIC,CRyPTIC,,,CRyPTIC,,CRyPTIC,CRyPTIC,CRyPTIC,CRyPTIC,CRyPTIC,CRyPTIC,CRyPTIC,CRyPTIC,,,,,CRyPTIC,CRyPTIC,
ERR2510725,R,S,,,S,,S,S,R,R,R,R,S,R,,,,,R,R,,CRyPTIC,CRyPTIC,,,CRyPTIC,,CRyPTIC,CRyPTIC,CRyPTIC,CRyPTIC,CRyPTIC,CRyPTIC,CRyPTIC,CRyPTIC,,,,,CRyPTIC,CRyPTIC,
ERR2510726,S,S,,,S,,S,,S,R,S,S,S,S,,,,,R,R,,CRyPTIC,CRyPTIC,,,CRyPTIC,,CRyPTIC,,CRyPTIC,CRyPTIC,CRyPTIC,CRyPTIC,CRyPTIC,CRyPTIC,,,,,CRyPTIC,CRyPTIC,
ERR2510823,R,,,,S,,,,S,,R,S,S,,,,,,R,R,,CRyPTIC,,,,CRyPTIC,,,,CRyPTIC,,CRyPTIC,CRyPTIC,CRyPTIC,,,,,,CRyPTIC,CRyPTIC,
ERR2510826,R,S,,,,,,,,,R,R,S,R,,,,,R,R,,CRyPTIC,CRyPTIC,,,,,,,,,CRyPTIC,CRyPTIC,CRyPTIC,CRyPTIC,,,,,CRyPTIC,CRyPTIC,
ERR2510832,S,S,,,S,,S,R,R,R,S,S,,S,,,,,R,R,,CRyPTIC,CRyPTIC,,,CRyPTIC,,CRyPTIC,CRyPTIC,CRyPTIC,CRyPTIC,CRyPTIC,CRyPTIC,,CRyPTIC,,,,,CRyPTIC,CRyPTIC,
ERR2510839,S,S,,,S,,,S,S,R,S,S,S,S,,,,,R,R,,CRyPTIC,CRyPTIC,,,CRyPTIC,,,CRyPTIC,CRyPTIC,CRyPTIC,CRyPTIC,CRyPTIC,CRyPTIC,CRyPTIC,,,,,CRyPTIC,CRyPTIC,
ERR2510844,R,S,,,S,,S,R,R,R,R,R,S,R,,,,,R,R,,CRyPTIC,CRyPTIC,,,CRyPTIC,,CRyPTIC,CRyPTIC,CRyPTIC,CRyPTIC,CRyPTIC,CRyPTIC,CRyPTIC,CRyPTIC,,,,,CRyPTIC,CRyPTIC,
ERR2510847,S,,,,R,,,,R,R,R,R,S,R,,,,,R,R,,CRyPTIC,,,,CRyPTIC,,,,CRyPTIC,CRyPTIC,CRyPTIC,CRyPTIC,CRyPTIC,CRyPTIC,,,,,CRyPTIC,CRyPTIC,
ERR2510858,S,,,,,,,,S,R,S,S,S,,,,,,R,R,,CRyPTIC,,,,,,,,CRyPTIC,CRyPTIC,CRyPTIC,CRyPTIC,CRyPTIC,,,,,,CRyPTIC,CRyPTIC,
ERR2510861,R,S,,,S,,S,R,S,R,R,,S,,,,,,R,R,,CRyPTIC,CRyPTIC,,,CRyPTIC,,CRyPTIC,CRyPTIC,CRyPTIC,CRyPTIC,CRyPTIC,,CRyPTIC,,,,,,CRyPTIC,CRyPTIC,
ERR2510865,,S,,,,,S,S,S,R,S,,,,,,,,R,R,,,CRyPTIC,,,,,CRyPTIC,CRyPTIC,CRyPTIC,CRyPTIC,CRyPTIC,,,,,,,,CRyPTIC,CRyPTIC,
ERR2510868,S,S,,,,,,S,S,R,S,S,S,S,,,,,R,R,,CRyPTIC,CRyPTIC,,,,,,CRyPTIC,CRyPTIC,CRyPTIC,CRyPTIC,CRyPTIC,CRyPTIC,CRyPTIC,,,,,CRyPTIC,CRyPTIC,
ERR2510871,,S,,,S,,S,R,S,R,S,,S,,,,,,R,R,,,CRyPTIC,,,CRyPTIC,,CRyPTIC,CRyPTIC,CRyPTIC,CRyPTIC,CRyPTIC,,CRyPTIC,,,,,,CRyPTIC,CRyPTIC,
ERR2510872,R,S,,,S,,R,R,S,R,R,S,S,S,,,,,R,R,,CRyPTIC,CRyPTIC,,,CRyPTIC,,CRyPTIC,CRyPTIC,CRyPTIC,CRyPTIC,CRyPTIC,CRyPTIC,CRyPTIC,CRyPTIC,,,,,CRyPTIC,CRyPTIC,
ERR2510873,,S,,,,,,R,S,R,S,,R,R,,,,,R,R,,,CRyPTIC,,,,,,CRyPTIC,CRyPTIC,CRyPTIC,CRyPTIC,,CRyPTIC,CRyPTIC,,,,,CRyPTIC,CRyPTIC,
ERR2510877,,S,,,,,,S,S,,,,S,,,,,,R,R,,,CRyPTIC,,,,,,CRyPTIC,CRyPTIC,,,,CRyPTIC,,,,,,CRyPTIC,CRyPTIC,
ERR2510879,S,S,,,S,,S,,S,R,S,R,,,,,,,R,R,,CRyPTIC,CRyPTIC,,,CRyPTIC,,CRyPTIC,,CRyPTIC,CRyPTIC,CRyPTIC,CRyPTIC,,,,,,,CRyPTIC,CRyPTIC,
ERR2510882,R,S,,,S,,S,R,S,R,R,R,S,R,,,,,S,R,,CRyPTIC,CRyPTIC,,,CRyPTIC,,CRyPTIC,CRyPTIC,CRyPTIC,CRyPTIC,CRyPTIC,CRyPTIC,CRyPTIC,CRyPTIC,,,,,CRyPTIC,CRyPTIC,
ERR2512386,,,,,,,,S,,S,,,,,,,,S,,R,,,,,,,,,BV-BRC,,BV-BRC,,,,,,,,BV-BRC,,BV-BRC,
ERR2512391,,,,,,,,S,,R,,,,,,,,S,,S,,,,,,,,,BV-BRC,,BV-BRC,,,,,,,,BV-BRC,,BV-BRC,
ERR2512402,,,,,,,,S,,R,,,,,,,,S,,S,,,,,,,,,BV-BRC,,BV-BRC,,,,,,,,BV-BRC,,BV-BRC,
ERR2512418,,,,,,,,S,,S,,,,,,,,S,,S,,,,,,,,,BV-BRC,,BV-BRC,,,,,,,,BV-BRC,,BV-BRC,
ERR2512419,,,,,,,,R,,R,,,,,,,,R,,R,,,,,,,,,BV-BRC,,BV-BRC,,,,,,,,BV-BRC,,BV-BRC,
ERR2512441,,,,,,,,S,,S,,,,,,,,S,,S,,,,,,,,,BV-BRC,,BV-BRC,,,,,,,,BV-BRC,,BV-BRC,
ERR2512466,,,,,,,,S,,S,,,,,,,,S,,S,,,,,,,,,BV-BRC,,BV-BRC,,,,,,,,BV-BRC,,BV-BRC,
ERR2512467,,,,,,,,S,,R,,,,,,,,R,,R,,,,,,,,,BV-BRC,,BV-BRC,,,,,,,,BV-BRC,,BV-BRC,
ERR2512478,,,,,,,,S,,R,,,,,,,,S,,S,,,,,,,,,BV-BRC,,BV-BRC,,,,,,,,BV-BRC,,BV-BRC,
ERR2512541,,,,,,,,S,,R,,,,,,,,S,,S,,,,,,,,,BV-BRC,,BV-BRC,,,,,,,,BV-BRC,,BV-BRC,
ERR2512544,,,,,,,,S,,R,,,,,,,,S,,S,,,,,,,,,BV-BRC,,BV-BRC,,,,,,,,BV-BRC,,BV-BRC,
ERR2512549,,,,,,,,S,,S,,,,,,,,R,,S,,,,,,,,,BV-BRC,,BV-BRC,,,,,,,,BV-BRC,,BV-BRC,
ERR2512559,,,,,,,,S,,S,,,,,,,,S,,S,,,,,,,,,BV-BRC,,BV-BRC,,,,,,,,BV-BRC,,BV-BRC,
ERR2512560,,,,,,,,S,,S,,,,,,,,S,,S,,,,,,,,,BV-BRC,,BV-BRC,,,,,,,,BV-BRC,,BV-BRC,
ERR2512570,,,,,,,,S,,S,,,,,,,,R,,S,,,,,,,,,BV-BRC,,BV-BRC,,,,,,,,BV-BRC,,BV-BRC,
ERR2512575,,,,,,,,S,,S,,,,,,,,S,,S,,,,,,,,,BV-BRC,,BV-BRC,,,,,,,,BV-BRC,,BV-BRC,
ERR2512585,,,,,,,,S,,R,,,,,,,,S,,S,,,,,,,,,BV-BRC,,BV-BRC,,,,,,,,BV-BRC,,BV-BRC,
ERR2512588,,,,,,,,S,,S,,,,,,,,S,,S,,,,,,,,,BV-BRC,,BV-BRC,,,,,,,,BV-BRC,,BV-BRC,
ERR2512591,,,,,,,,R,,R,,,,,,,,R,,R,,,,,,,,,BV-BRC,,BV-BRC,,,,,,,,BV-BRC,,BV-BRC,
ERR2512595,,,,,,,,S,,R,,,,,,,,S,,S,,,,,,,,,BV-BRC,,BV-BRC,,,,,,,,BV-BRC,,BV-BRC,
ERR2512596,,,,,,,,S,,R,,,,,,,,,,R,,,,,,,,,BV-BRC,,BV-BRC,,,,,,,,,,BV-BRC,
ERR2512608,,,,,,,,S,,S,,,,,,,,S,,S,,,,,,,,,BV-BRC,,BV-BRC,,,,,,,,BV-BRC,,BV-BRC,
ERR2512647,,,,,,,,S,,S,,,,,,,,R,,S,,,,,,,,,BV-BRC,,BV-BRC,,,,,,,,BV-BRC,,BV-BRC,
ERR2512659,,,,,,,,S,,S,,,,,,,,S,,S,,,,,,,,,BV-BRC,,BV-BRC,,,,,,,,BV-BRC,,BV-BRC,
ERR2512684,,,,,,,,S,,,,,,,,,,S,,S,,,,,,,,,BV-BRC,,,,,,,,,,BV-BRC,,BV-BRC,
ERR2512691,,,,,,,,S,,R,,,,,,,,,,R,,,,,,,,,BV-BRC,,BV-BRC,,,,,,,,,,BV-BRC,
ERR2512692,,,,,,,,S,,S,,,,,,,,S,,S,,,,,,,,,BV-BRC,,BV-BRC,,,,,,,,BV-BRC,,BV-BRC,
ERR2512700,,,,,,,,R,,R,,,,,,,,R,,R,,,,,,,,,BV-BRC,,BV-BRC,,,,,,,,BV-BRC,,BV-BRC,
ERR2512709,,,,,,,,S,,S,,,,,,,,S,,S,,,,,,,,,BV-BRC,,BV-BRC,,,,,,,,BV-BRC,,BV-BRC,
ERR2512732,,,,,,,,S,,S,,,,,,,,R,,S,,,,,,,,,BV-BRC,,BV-BRC,,,,,,,,BV-BRC,,BV-BRC,
ERR2512755,,,,,,,,S,,S,,,,,,,,R,,S,,,,,,,,,BV-BRC,,BV-BRC,,,,,,,,BV-BRC,,BV-BRC,
ERR2512780,,,,,,,,S,,R,,,,,,,,S,,S,,,,,,,,,BV-BRC,,BV-BRC,,,,,,,,BV-BRC,,BV-BRC,
ERR2512788,,,,,,,,S,,S,,,,,,,,S,,S,,,,,,,,,BV-BRC,,BV-BRC,,,,,,,,BV-BRC,,BV-BRC,
ERR2512810,,,,,,,,S,,S,,,,,,,,S,,S,,,,,,,,,BV-BRC,,BV-BRC,,,,,,,,BV-BRC,,BV-BRC,
ERR2512812,,,,,,,,S,,R,,,,,,,,S,,S,,,,,,,,,BV-BRC,,BV-BRC,,,,,,,,BV-BRC,,BV-BRC,
ERR2512824,,,,,,,,S,,R,,,,,,,,S,,S,,,,,,,,,BV-BRC,,BV-BRC,,,,,,,,BV-BRC,,BV-BRC,
ERR2512835,,,,,,,,S,,S,,,,,,,,S,,S,,,,,,,,,BV-BRC,,BV-BRC,,,,,,,,BV-BRC,,BV-BRC,
ERR2512838,,,,,,,,S,,S,,,,,,,,R,,S,,,,,,,,,BV-BRC,,BV-BRC,,,,,,,,BV-BRC,,BV-BRC,
ERR2512868,,,,,,,,S,,R,,,,,,,,S,,S,,,,,,,,,BV-BRC,,BV-BRC,,,,,,,,BV-BRC,,BV-BRC,
ERR2512870,,,,,,,,S,,R,,,,,,,,S,,S,,,,,,,,,BV-BRC,,BV-BRC,,,,,,,,BV-BRC,,BV-BRC,
ERR2512878,,,,,,,,S,,R,,,,,,,,R,,R,,,,,,,,,BV-BRC,,BV-BRC,,,,,,,,BV-BRC,,BV-BRC,
ERR2512882,,,,,,,,R,,R,,,,,,,,R,,R,,,,,,,,,BV-BRC,,BV-BRC,,,,,,,,BV-BRC,,BV-BRC,
ERR2512897,,,,,,,,S,,S,,,,,,,,S,,S,,,,,,,,,BV-BRC,,BV-BRC,,,,,,,,BV-BRC,,BV-BRC,
ERR2512917,,,,,,,,S,,S,,,,,,,,S,,S,,,,,,,,,BV-BRC,,BV-BRC,,,,,,,,BV-BRC,,BV-BRC,
ERR2512931,,,,,,,,S,,S,,,,,,,,R,,S,,,,,,,,,BV-BRC,,BV-BRC,,,,,,,,BV-BRC,,BV-BRC,
ERR2512936,,,,,,,,R,,R,,,,,,,,S,,R,,,,,,,,,BV-BRC,,BV-BRC,,,,,,,,BV-BRC,,BV-BRC,
ERR2512947,,,,,,,,S,,S,,,,,,,,S,,S,,,,,,,,,BV-BRC,,BV-BRC,,,,,,,,BV-BRC,,BV-BRC,
ERR2512954,,,,,,,,S,,S,,,,,,,,R,,S,,,,,,,,,BV-BRC,,BV-BRC,,,,,,,,BV-BRC,,BV-BRC,
ERR2512956,,,,,,,,S,,S,,,,,,,,R,,S,,,,,,,,,BV-BRC,,BV-BRC,,,,,,,,BV-BRC,,BV-BRC,
ERR2512961,,,,,,,,S,,S,,,,,,,,S,,S,,,,,,,,,BV-BRC,,BV-BRC,,,,,,,,BV-BRC,,BV-BRC,
ERR2512962,,,,,,,,S,,S,,,,,,,,R,,S,,,,,,,,,BV-BRC,,BV-BRC,,,,,,,,BV-BRC,,BV-BRC,
ERR2512974,,,,,,,,S,,S,,,,,,,,S,,S,,,,,,,,,BV-BRC,,BV-BRC,,,,,,,,BV-BRC,,BV-BRC,
ERR2512975,,,,,,,,R,,R,,,,,,,,R,,R,,,,,,,,,BV-BRC,,BV-BRC,,,,,,,,BV-BRC,,BV-BRC,
ERR2512977,,,,,,,,S,,S,,,,,,,,S,,S,,,,,,,,,BV-BRC,,BV-BRC,,,,,,,,BV-BRC,,BV-BRC,
ERR2512979,,,,,,,,R,,R,,,,,,,,R,,R,,,,,,,,,BV-BRC,,BV-BRC,,,,,,,,BV-BRC,,BV-BRC,
ERR2513000,,,,,,,,R,,R,,,,,,,,S,,S,,,,,,,,,BV-BRC,,BV-BRC,,,,,,,,BV-BRC,,BV-BRC,
ERR2513001,,,,,,,,S,,S,,,,,,,,S,,S,,,,,,,,,BV-BRC,,BV-BRC,,,,,,,,BV-BRC,,BV-BRC,
ERR2513013,,,,,,,,S,,S,,,,,,,,S,,S,,,,,,,,,BV-BRC,,BV-BRC,,,,,,,,BV-BRC,,BV-BRC,
ERR2513027,,,,,,,,S,,R,,,,,,,,S,,R,,,,,,,,,BV-BRC,,BV-BRC,,,,,,,,BV-BRC,,BV-BRC,
ERR2513074,,,,,,,,S,,S,,,,,,,,S,,S,,,,,,,,,BV-BRC,,BV-BRC,,,,,,,,BV-BRC,,BV-BRC,
ERR2513085,,,,,,,,S,,R,,,,,,,,S,,S,,,,,,,,,BV-BRC,,BV-BRC,,,,,,,,BV-BRC,,BV-BRC,
ERR2513104,,,,,,,,R,,R,,,,,,,,,,R,,,,,,,,,BV-BRC,,BV-BRC,,,,,,,,,,BV-BRC,
ERR2513112,,,,,,,,S,,S,,,,,,,,S,,S,,,,,,,,,BV-BRC,,BV-BRC,,,,,,,,BV-BRC,,BV-BRC,
ERR2513113,,,,,,,,S,,R,,,,,,,,S,,S,,,,,,,,,BV-BRC,,BV-BRC,,,,,,,,BV-BRC,,BV-BRC,
ERR2513119,,,,,,,,S,,S,,,,,,,,S,,S,,,,,,,,,BV-BRC,,BV-BRC,,,,,,,,BV-BRC,,BV-BRC,
ERR2513122,,,,,,,,S,,R,,,,,,,,S,,S,,,,,,,,,BV-BRC,,BV-BRC,,,,,,,,BV-BRC,,BV-BRC,
ERR2513126,,,,,,,,S,,R,,,,,,,,R,,R,,,,,,,,,BV-BRC,,BV-BRC,,,,,,,,BV-BRC,,BV-BRC,
ERR2513153,,,,,,,,S,,R,,,,,,,,S,,S,,,,,,,,,BV-BRC,,BV-BRC,,,,,,,,BV-BRC,,BV-BRC,
ERR2513154,,,,,,,,S,,S,,,,,,,,S,,S,,,,,,,,,BV-BRC,,BV-BRC,,,,,,,,BV-BRC,,BV-BRC,
ERR2513158,,,,,,,,S,,S,,,,,,,,S,,S,,,,,,,,,BV-BRC,,BV-BRC,,,,,,,,BV-BRC,,BV-BRC,
ERR2513160,,,,,,,,,,R,,,,,,,,,,S,,,,,,,,,,,BV-BRC,,,,,,,,,,BV-BRC,
ERR2513189,,,,,,,,S,,S,,,,,,,,S,,S,,,,,,,,,BV-BRC,,BV-BRC,,,,,,,,BV-BRC,,BV-BRC,
ERR2513194,,,,,,,,S,,S,,,,,,,,R,,S,,,,,,,,,BV-BRC,,BV-BRC,,,,,,,,BV-BRC,,BV-BRC,
ERR2513218,,,,,,,,S,,R,,,,,,,,S,,S,,,,,,,,,BV-BRC,,BV-BRC,,,,,,,,BV-BRC,,BV-BRC,
ERR2513221,,,,,,,,S,,R,,,,,,,,R,,R,,,,,,,,,BV-BRC,,BV-BRC,,,,,,,,BV-BRC,,BV-BRC,
ERR2513230,,,,,,,,S,,S,,,,,,,,S,,S,,,,,,,,,BV-BRC,,BV-BRC,,,,,,,,BV-BRC,,BV-BRC,
ERR2513236,,,,,,,,S,,S,,,,,,,,S,,S,,,,,,,,,BV-BRC,,BV-BRC,,,,,,,,BV-BRC,,BV-BRC,
ERR2513267,,,,,,,,S,,R,,,,,,,,S,,S,,,,,,,,,BV-BRC,,BV-BRC,,,,,,,,BV-BRC,,BV-BRC,
ERR2513272,,,,,,,,S,,S,,,,,,,,S,,S,,,,,,,,,BV-BRC,,BV-BRC,,,,,,,,BV-BRC,,BV-BRC,
ERR2513281,,,,,,,,S,,S,,,,,,,,S,,S,,,,,,,,,BV-BRC,,BV-BRC,,,,,,,,BV-BRC,,BV-BRC,
ERR2513295,,,,,,,,R,,R,,,,,,,,,,R,,,,,,,,,BV-BRC,,BV-BRC,,,,,,,,,,BV-BRC,
ERR2513328,,,,,,,,S,,S,,,,,,,,S,,S,,,,,,,,,BV-BRC,,BV-BRC,,,,,,,,BV-BRC,,BV-BRC,
ERR2513331,,,,,,,,S,,S,,,,,,,,S,,S,,,,,,,,,BV-BRC,,BV-BRC,,,,,,,,BV-BRC,,BV-BRC,
ERR2513341,,,,,,,,S,,S,,,,,,,,S,,S,,,,,,,,,BV-BRC,,BV-BRC,,,,,,,,BV-BRC,,BV-BRC,
ERR2513355,,,,,,,,S,,S,,,,,,,,S,,S,,,,,,,,,BV-BRC,,BV-BRC,,,,,,,,BV-BRC,,BV-BRC,
ERR2513360,,,,,,,,S,,S,,,,,,,,S,,S,,,,,,,,,BV-BRC,,BV-BRC,,,,,,,,BV-BRC,,BV-BRC,
ERR2513365,,,,,,,,S,,S,,,,,,,,S,,S,,,,,,,,,BV-BRC,,BV-BRC,,,,,,,,BV-BRC,,BV-BRC,
ERR2513368,,,,,,,,S,,S,,,,,,,,S,,S,,,,,,,,,BV-BRC,,BV-BRC,,,,,,,,BV-BRC,,BV-BRC,
ERR2513402,,,,,,,,S,,S,,,,,,,,S,,S,,,,,,,,,BV-BRC,,BV-BRC,,,,,,,,BV-BRC,,BV-BRC,
ERR2513423,,,,,,,,S,,S,,,,,,,,S,,S,,,,,,,,,BV-BRC,,BV-BRC,,,,,,,,BV-BRC,,BV-BRC,
ERR2513433,,,,,,,,S,,S,,,,,,,,R,,S,,,,,,,,,BV-BRC,,BV-BRC,,,,,,,,BV-BRC,,BV-BRC,
ERR2513488,,,,,,,,S,,R,,,,,,,,S,,S,,,,,,,,,BV-BRC,,BV-BRC,,,,,,,,BV-BRC,,BV-BRC,
ERR2513493,,,,,,,,S,,S,,,,,,,,S,,S,,,,,,,,,BV-BRC,,BV-BRC,,,,,,,,BV-BRC,,BV-BRC,
ERR2513520,,,,,,,,S,,S,,,,,,,,S,,S,,,,,,,,,BV-BRC,,BV-BRC,,,,,,,,BV-BRC,,BV-BRC,
ERR2513544,,,,,,,,S,,R,,,,,,,,S,,S,,,,,,,,,BV-BRC,,BV-BRC,,,,,,,,BV-BRC,,BV-BRC,
ERR2513555,,,,,,,,S,,S,,,,,,,,S,,S,,,,,,,,,BV-BRC,,BV-BRC,,,,,,,,BV-BRC,,BV-BRC,
ERR2513564,,,,,,,,S,,R,,,,,,,,R,,R,,,,,,,,,BV-BRC,,BV-BRC,,,,,,,,BV-BRC,,BV-BRC,
ERR2513573,,,,,,,,S,,S,,,,,,,,S,,S,,,,,,,,,BV-BRC,,BV-BRC,,,,,,,,BV-BRC,,BV-BRC,
ERR2513608,,,,,,,,S,,R,,,,,,,,R,,R,,,,,,,,,BV-BRC,,BV-BRC,,,,,,,,BV-BRC,,BV-BRC,
ERR2513615,,,,,,,,S,,S,,,,,,,,S,,S,,,,,,,,,BV-BRC,,BV-BRC,,,,,,,,BV-BRC,,BV-BRC,
ERR2513634,,,,,,,,S,,S,,,,,,,,S,,S,,,,,,,,,BV-BRC,,BV-BRC,,,,,,,,BV-BRC,,BV-BRC,
ERR2513637,,,,,,,,S,,S,,,,,,,,S,,S,,,,,,,,,BV-BRC,,BV-BRC,,,,,,,,BV-BRC,,BV-BRC,
ERR2513656,,,,,,,,R,,R,,,,,,,,R,,R,,,,,,,,,BV-BRC,,BV-BRC,,,,,,,,BV-BRC,,BV-BRC,
ERR2513662,,,,,,,,,,,,,,,,,,S,,,,,,,,,,,,,,,,,,,,,BV-BRC,,,
ERR2513664,,,,,,,,S,,S,,,,,,,,S,,S,,,,,,,,,BV-BRC,,BV-BRC,,,,,,,,BV-BRC,,BV-BRC,
ERR2513677,,,,,,,,S,,S,,,,,,,,S,,S,,,,,,,,,BV-BRC,,BV-BRC,,,,,,,,BV-BRC,,BV-BRC,
ERR2513679,,,,,,,,S,,S,,,,,,,,S,,S,,,,,,,,,BV-BRC,,BV-BRC,,,,,,,,BV-BRC,,BV-BRC,
ERR2513687,,,,,,,,S,,S,,,,,,,,S,,S,,,,,,,,,BV-BRC,,BV-BRC,,,,,,,,BV-BRC,,BV-BRC,
ERR2513710,,,,,,,,S,,R,,,,,,,,S,,S,,,,,,,,,BV-BRC,,BV-BRC,,,,,,,,BV-BRC,,BV-BRC,
ERR2513720,,,,,,,,S,,S,,,,,,,,R,,S,,,,,,,,,BV-BRC,,BV-BRC,,,,,,,,BV-BRC,,BV-BRC,
ERR2513742,,,,,,,,R,,R,,,,,,,,,,R,,,,,,,,,BV-BRC,,BV-BRC,,,,,,,,,,BV-BRC,
ERR2513744,,,,,,,,S,,S,,,,,,,,S,,S,,,,,,,,,BV-BRC,,BV-BRC,,,,,,,,BV-BRC,,BV-BRC,
ERR2513752,,,,,,,,S,,R,,,,,,,,S,,S,,,,,,,,,BV-BRC,,BV-BRC,,,,,,,,BV-BRC,,BV-BRC,
ERR2513779,,,,,,,,S,,S,,,,,,,,S,,S,,,,,,,,,BV-BRC,,BV-BRC,,,,,,,,BV-BRC,,BV-BRC,
ERR2513783,,,,,,,,S,,R,,,,,,,,S,,S,,,,,,,,,BV-BRC,,BV-BRC,,,,,,,,BV-BRC,,BV-BRC,
ERR2513784,,,,,,,,S,,R,,,,,,,,S,,S,,,,,,,,,BV-BRC,,BV-BRC,,,,,,,,BV-BRC,,BV-BRC,
ERR2513789,,,,,,,,S,,R,,,,,,,,S,,S,,,,,,,,,BV-BRC,,BV-BRC,,,,,,,,BV-BRC,,BV-BRC,
ERR2513802,,,,,,,,S,,S,,,,,,,,S,,S,,,,,,,,,BV-BRC,,BV-BRC,,,,,,,,BV-BRC,,BV-BRC,
ERR2513803,,,,,,,,S,,S,,,,,,,,S,,S,,,,,,,,,BV-BRC,,BV-BRC,,,,,,,,BV-BRC,,BV-BRC,
ERR2513811,,,,,,,,,,,,,,,,,,R,,,,,,,,,,,,,,,,,,,,,BV-BRC,,,
ERR2513813,,,,,,,,S,,S,,,,,,,,S,,S,,,,,,,,,BV-BRC,,BV-BRC,,,,,,,,BV-BRC,,BV-BRC,
ERR2513814,,,,,,,,S,,S,,,,,,,,S,,S,,,,,,,,,BV-BRC,,BV-BRC,,,,,,,,BV-BRC,,BV-BRC,
ERR2513829,,,,,,,,S,,R,,,,,,,,S,,S,,,,,,,,,BV-BRC,,BV-BRC,,,,,,,,BV-BRC,,BV-BRC,
ERR2513831,,,,,,,,R,,R,,,,,,,,R,,R,,,,,,,,,BV-BRC,,BV-BRC,,,,,,,,BV-BRC,,BV-BRC,
ERR2513850,,,,,,,,,,R,,,,,,,,,,R,,,,,,,,,,,BV-BRC,,,,,,,,,,BV-BRC,
ERR2513872,,,,,,,,S,,R,,,,,,,,S,,R,,,,,,,,,BV-BRC,,BV-BRC,,,,,,,,BV-BRC,,BV-BRC,
ERR2513880,,,,,,,,R,,R,,,,,,,,S,,R,,,,,,,,,BV-BRC,,BV-BRC,,,,,,,,BV-BRC,,BV-BRC,
ERR2513883,,,,,,,,S,,S,,,,,,,,S,,S,,,,,,,,,BV-BRC,,BV-BRC,,,,,,,,BV-BRC,,BV-BRC,
ERR2513906,,,,,,,,S,,S,,,,,,,,S,,S,,,,,,,,,BV-BRC,,BV-BRC,,,,,,,,BV-BRC,,BV-BRC,
ERR2513910,,,,,,,,S,,S,,,,,,,,S,,S,,,,,,,,,BV-BRC,,BV-BRC,,,,,,,,BV-BRC,,BV-BRC,
ERR2513916,,,,,,,,S,,S,,,,,,,,S,,S,,,,,,,,,BV-BRC,,BV-BRC,,,,,,,,BV-BRC,,BV-BRC,
ERR2513919,,,,,,,,S,,R,,,,,,,,S,,S,,,,,,,,,BV-BRC,,BV-BRC,,,,,,,,BV-BRC,,BV-BRC,
ERR2513933,,,,,,,,S,,S,,,,,,,,S,,S,,,,,,,,,BV-BRC,,BV-BRC,,,,,,,,BV-BRC,,BV-BRC,
ERR2513936,,,,,,,,S,,S,,,,,,,,S,,S,,,,,,,,,BV-BRC,,BV-BRC,,,,,,,,BV-BRC,,BV-BRC,
ERR2513947,,,,,,,,S,,S,,,,,,,,S,,S,,,,,,,,,BV-BRC,,BV-BRC,,,,,,,,BV-BRC,,BV-BRC,
ERR2513954,,,,,,,,S,,R,,,,,,,,S,,R,,,,,,,,,BV-BRC,,BV-BRC,,,,,,,,BV-BRC,,BV-BRC,
ERR2513957,,,,,,,,S,,R,,,,,,,,S,,,,,,,,,,,BV-BRC,,BV-BRC,,,,,,,,BV-BRC,,,
ERR2513960,,,,,,,,S,,S,,,,,,,,S,,S,,,,,,,,,BV-BRC,,BV-BRC,,,,,,,,BV-BRC,,BV-BRC,
ERR2513961,,,,,,,,S,,R,,,,,,,,S,,S,,,,,,,,,BV-BRC,,BV-BRC,,,,,,,,BV-BRC,,BV-BRC,
ERR2513967,,,,,,,,S,,S,,,,,,,,S,,S,,,,,,,,,BV-BRC,,BV-BRC,,,,,,,,BV-BRC,,BV-BRC,
ERR2513987,,,,,,,,S,,R,,,,,,,,S,,R,,,,,,,,,BV-BRC,,BV-BRC,,,,,,,,BV-BRC,,BV-BRC,
ERR2513998,,,,,,,,S,,R,,,,,,,,S,,S,,,,,,,,,BV-BRC,,BV-BRC,,,,,,,,BV-BRC,,BV-BRC,
ERR2513999,,,,,,,,S,,R,,,,,,,,S,,S,,,,,,,,,BV-BRC,,BV-BRC,,,,,,,,BV-BRC,,BV-BRC,
ERR2514006,,,,,,,,S,,,,,,,,,,S,,S,,,,,,,,,BV-BRC,,,,,,,,,,BV-BRC,,BV-BRC,
ERR2514010,,,,,,,,S,,S,,,,,,,,S,,S,,,,,,,,,BV-BRC,,BV-BRC,,,,,,,,BV-BRC,,BV-BRC,
ERR2514018,,,,,,,,S,,S,,,,,,,,S,,S,,,,,,,,,BV-BRC,,BV-BRC,,,,,,,,BV-BRC,,BV-BRC,
ERR2514021,,,,,,,,S,,R,,,,,,,,S,,S,,,,,,,,,BV-BRC,,BV-BRC,,,,,,,,BV-BRC,,BV-BRC,
ERR2514063,,,,,,,,S,,R,,,,,,,,,,S,,,,,,,,,BV-BRC,,BV-BRC,,,,,,,,,,BV-BRC,
ERR2514064,,,,,,,,S,,S,,,,,,,,S,,S,,,,,,,,,BV-BRC,,BV-BRC,,,,,,,,BV-BRC,,BV-BRC,
ERR2514075,,,,,,,,S,,R,,,,,,,,S,,R,,,,,,,,,BV-BRC,,BV-BRC,,,,,,,,BV-BRC,,BV-BRC,
ERR2514080,,,,,,,,S,,S,,,,,,,,S,,S,,,,,,,,,BV-BRC,,BV-BRC,,,,,,,,BV-BRC,,BV-BRC,
ERR2514082,,,,,,,,S,,S,,,,,,,,S,,S,,,,,,,,,BV-BRC,,BV-BRC,,,,,,,,BV-BRC,,BV-BRC,
ERR2514088,,,,,,,,R,,R,,,,,,,,S,,S,,,,,,,,,BV-BRC,,BV-BRC,,,,,,,,BV-BRC,,BV-BRC,
ERR2514089,,,,,,,,S,,S,,,,,,,,S,,S,,,,,,,,,BV-BRC,,BV-BRC,,,,,,,,BV-BRC,,BV-BRC,
ERR2514094,,,,,,,,S,,R,,,,,,,,S,,S,,,,,,,,,BV-BRC,,BV-BRC,,,,,,,,BV-BRC,,BV-BRC,
ERR2514106,,,,,,,,S,,R,,,,,,,,S,,R,,,,,,,,,BV-BRC,,BV-BRC,,,,,,,,BV-BRC,,BV-BRC,
ERR2514120,,,,,,,,S,,R,,,,,,,,S,,S,,,,,,,,,BV-BRC,,BV-BRC,,,,,,,,BV-BRC,,BV-BRC,
ERR2514123,,,,,,,,R,,R,,,,,,,,S,,R,,,,,,,,,BV-BRC,,BV-BRC,,,,,,,,BV-BRC,,BV-BRC,
ERR2514138,,,,,,,,S,,S,,,,,,,,S,,S,,,,,,,,,BV-BRC,,BV-BRC,,,,,,,,BV-BRC,,BV-BRC,
ERR2514143,,,,,,,,S,,S,,,,,,,,S,,S,,,,,,,,,BV-BRC,,BV-BRC,,,,,,,,BV-BRC,,BV-BRC,
ERR2514144,,,,,,,,S,,S,,,,,,,,R,,S,,,,,,,,,BV-BRC,,BV-BRC,,,,,,,,BV-BRC,,BV-BRC,
ERR2514172,,,,,,,,S,,S,,,,,,,,S,,S,,,,,,,,,BV-BRC,,BV-BRC,,,,,,,,BV-BRC,,BV-BRC,
ERR2514190,,,,,,,,S,,R,,,,,,,,S,,S,,,,,,,,,BV-BRC,,BV-BRC,,,,,,,,BV-BRC,,BV-BRC,
ERR2514191,,,,,,,,S,,S,,,,,,,,R,,S,,,,,,,,,BV-BRC,,BV-BRC,,,,,,,,BV-BRC,,BV-BRC,
ERR2514200,,,,,,,,S,,R,,,,,,,,S,,S,,,,,,,,,BV-BRC,,BV-BRC,,,,,,,,BV-BRC,,BV-BRC,
ERR2514239,,,,,,,,S,,S,,,,,,,,S,,S,,,,,,,,,BV-BRC,,BV-BRC,,,,,,,,BV-BRC,,BV-BRC,
ERR2514240,,,,,,,,R,,R,,,,,,,,R,,R,,,,,,,,,BV-BRC,,BV-BRC,,,,,,,,BV-BRC,,BV-BRC,
ERR2514244,,,,,,,,S,,R,,,,,,,,S,,S,,,,,,,,,BV-BRC,,BV-BRC,,,,,,,,BV-BRC,,BV-BRC,
ERR2514263,,,,,,,,S,,S,,,,,,,,S,,S,,,,,,,,,BV-BRC,,BV-BRC,,,,,,,,BV-BRC,,BV-BRC,
ERR2514283,,,,,,,,S,,S,,,,,,,,S,,S,,,,,,,,,BV-BRC,,BV-BRC,,,,,,,,BV-BRC,,BV-BRC,
ERR2514285,,,,,,,,S,,S,,,,,,,,R,,S,,,,,,,,,BV-BRC,,BV-BRC,,,,,,,,BV-BRC,,BV-BRC,
ERR2514291,,,,,,,,S,,R,,,,,,,,S,,S,,,,,,,,,BV-BRC,,BV-BRC,,,,,,,,BV-BRC,,BV-BRC,
ERR2514292,,,,,,,,S,,S,,,,,,,,S,,S,,,,,,,,,BV-BRC,,BV-BRC,,,,,,,,BV-BRC,,BV-BRC,
ERR2514340,,,,,,,,S,,R,,,,,,,,S,,S,,,,,,,,,BV-BRC,,BV-BRC,,,,,,,,BV-BRC,,BV-BRC,
ERR2514344,,,,,,,,S,,S,,,,,,,,S,,S,,,,,,,,,BV-BRC,,BV-BRC,,,,,,,,BV-BRC,,BV-BRC,
ERR2514381,,,,,,,,S,,R,,,,,,,,S,,S,,,,,,,,,BV-BRC,,BV-BRC,,,,,,,,BV-BRC,,BV-BRC,
ERR2514395,,,,,,,,S,,R,,,,,,,,R,,R,,,,,,,,,BV-BRC,,BV-BRC,,,,,,,,BV-BRC,,BV-BRC,
ERR2514398,,,,,,,,,,R,,,,,,,,S,,R,,,,,,,,,,,BV-BRC,,,,,,,,BV-BRC,,BV-BRC,
ERR2514401,,,,,,,,S,,S,,,,,,,,S,,S,,,,,,,,,BV-BRC,,BV-BRC,,,,,,,,BV-BRC,,BV-BRC,
ERR2514412,,,,,,,,S,,S,,,,,,,,S,,R,,,,,,,,,BV-BRC,,BV-BRC,,,,,,,,BV-BRC,,BV-BRC,
ERR2514422,,,,,,,,R,,R,,,,,,,,R,,R,,,,,,,,,BV-BRC,,BV-BRC,,,,,,,,BV-BRC,,BV-BRC,
ERR2514424,,,,,,,,R,,R,,,,,,,,S,,S,,,,,,,,,BV-BRC,,BV-BRC,,,,,,,,BV-BRC,,BV-BRC,
ERR2514457,,,,,,,,S,,S,,,,,,,,S,,S,,,,,,,,,BV-BRC,,BV-BRC,,,,,,,,BV-BRC,,BV-BRC,
ERR2514463,,,,,,,,S,,S,,,,,,,,S,,S,,,,,,,,,BV-BRC,,BV-BRC,,,,,,,,BV-BRC,,BV-BRC,
ERR2514536,,,,,,,,S,,R,,,,,,,,S,,S,,,,,,,,,BV-BRC,,BV-BRC,,,,,,,,BV-BRC,,BV-BRC,
ERR2514545,,,,,,,,S,,S,,,,,,,,R,,S,,,,,,,,,BV-BRC,,BV-BRC,,,,,,,,BV-BRC,,BV-BRC,
ERR2514558,,,,,,,,S,,R,,,,,,,,S,,S,,,,,,,,,BV-BRC,,BV-BRC,,,,,,,,BV-BRC,,BV-BRC,
ERR2514564,,,,,,,,S,,R,,,,,,,,S,,S,,,,,,,,,BV-BRC,,BV-BRC,,,,,,,,BV-BRC,,BV-BRC,
ERR2514569,,,,,,,,S,,S,,,,,,,,S,,S,,,,,,,,,BV-BRC,,BV-BRC,,,,,,,,BV-BRC,,BV-BRC,
ERR2514575,,,,,,,,S,,S,,,,,,,,S,,S,,,,,,,,,BV-BRC,,BV-BRC,,,,,,,,BV-BRC,,BV-BRC,
ERR2514583,,,,,,,,S,,S,,,,,,,,R,,S,,,,,,,,,BV-BRC,,BV-BRC,,,,,,,,BV-BRC,,BV-BRC,
ERR2514607,,,,,,,,S,,S,,,,,,,,S,,S,,,,,,,,,BV-BRC,,BV-BRC,,,,,,,,BV-BRC,,BV-BRC,
ERR2514609,,,,,,,,S,,R,,,,,,,,S,,S,,,,,,,,,BV-BRC,,BV-BRC,,,,,,,,BV-BRC,,BV-BRC,
ERR2514616,,,,,,,,S,,S,,,,,,,,S,,S,,,,,,,,,BV-BRC,,BV-BRC,,,,,,,,BV-BRC,,BV-BRC,
ERR2514618,,,,,,,,S,,R,,,,,,,,S,,S,,,,,,,,,BV-BRC,,BV-BRC,,,,,,,,BV-BRC,,BV-BRC,
ERR2514629,,,,,,,,S,,R,,,,,,,,S,,S,,,,,,,,,BV-BRC,,BV-BRC,,,,,,,,BV-BRC,,BV-BRC,
ERR2514631,,,,,,,,S,,R,,,,,,,,S,,S,,,,,,,,,BV-BRC,,BV-BRC,,,,,,,,BV-BRC,,BV-BRC,
ERR2514633,,,,,,,,R,,R,,,,,,,,R,,R,,,,,,,,,BV-BRC,,BV-BRC,,,,,,,,BV-BRC,,BV-BRC,
ERR2514640,,,,,,,,S,,S,,,,,,,,S,,S,,,,,,,,,BV-BRC,,BV-BRC,,,,,,,,BV-BRC,,BV-BRC,
ERR2514660,,,,,,,,S,,S,,,,,,,,S,,S,,,,,,,,,BV-BRC,,BV-BRC,,,,,,,,BV-BRC,,BV-BRC,
ERR2514666,,,,,,,,S,,S,,,,,,,,R,,S,,,,,,,,,BV-BRC,,BV-BRC,,,,,,,,BV-BRC,,BV-BRC,
ERR2514679,,,,,,,,S,,R,,,,,,,,S,,S,,,,,,,,,BV-BRC,,BV-BRC,,,,,,,,BV-BRC,,BV-BRC,
ERR2514729,,,,,,,,S,,R,,,,,,,,S,,S,,,,,,,,,BV-BRC,,BV-BRC,,,,,,,,BV-BRC,,BV-BRC,
ERR2514736,,,,,,,,S,,S,,,,,,,,S,,S,,,,,,,,,BV-BRC,,BV-BRC,,,,,,,,BV-BRC,,BV-BRC,
ERR2514742,,,,,,,,S,,S,,,,,,,,S,,S,,,,,,,,,BV-BRC,,BV-BRC,,,,,,,,BV-BRC,,BV-BRC,
ERR2514744,,,,,,,,S,,S,,,,,,,,S,,S,,,,,,,,,BV-BRC,,BV-BRC,,,,,,,,BV-BRC,,BV-BRC,
ERR2514747,,,,,,,,S,,R,,,,,,,,S,,S,,,,,,,,,BV-BRC,,BV-BRC,,,,,,,,BV-BRC,,BV-BRC,
ERR2514757,,,,,,,,S,,R,,,,,,,,S,,R,,,,,,,,,BV-BRC,,BV-BRC,,,,,,,,BV-BRC,,BV-BRC,
ERR2514760,,,,,,,,R,,R,,,,,,,,S,,R,,,,,,,,,BV-BRC,,BV-BRC,,,,,,,,BV-BRC,,BV-BRC,
ERR2514787,,,,,,,,S,,S,,,,,,,,S,,S,,,,,,,,,BV-BRC,,BV-BRC,,,,,,,,BV-BRC,,BV-BRC,
ERR2514800,,,,,,,,S,,R,,,,,,,,S,,S,,,,,,,,,BV-BRC,,BV-BRC,,,,,,,,BV-BRC,,BV-BRC,
ERR2514837,,,,,,,,S,,S,,,,,,,,R,,S,,,,,,,,,BV-BRC,,BV-BRC,,,,,,,,BV-BRC,,BV-BRC,
ERR2514842,,,,,,,,S,,R,,,,,,,,S,,S,,,,,,,,,BV-BRC,,BV-BRC,,,,,,,,BV-BRC,,BV-BRC,
ERR2514867,,,,,,,,S,,R,,,,,,,,,,R,,,,,,,,,BV-BRC,,BV-BRC,,,,,,,,,,BV-BRC,
ERR2514880,,,,,,,,S,,S,,,,,,,,S,,S,,,,,,,,,BV-BRC,,BV-BRC,,,,,,,,BV-BRC,,BV-BRC,
ERR2514885,,,,,,,,S,,S,,,,,,,,S,,S,,,,,,,,,BV-BRC,,BV-BRC,,,,,,,,BV-BRC,,BV-BRC,
ERR2514889,,,,,,,,S,,S,,,,,,,,S,,S,,,,,,,,,BV-BRC,,BV-BRC,,,,,,,,BV-BRC,,BV-BRC,
ERR2514919,,,,,,,,S,,S,,,,,,,,S,,S,,,,,,,,,BV-BRC,,BV-BRC,,,,,,,,BV-BRC,,BV-BRC,
ERR2514935,,,,,,,,S,,R,,,,,,,,S,,S,,,,,,,,,BV-BRC,,BV-BRC,,,,,,,,BV-BRC,,BV-BRC,
ERR2514940,,,,,,,,S,,S,,,,,,,,S,,S,,,,,,,,,BV-BRC,,BV-BRC,,,,,,,,BV-BRC,,BV-BRC,
ERR2514946,,,,,,,,S,,S,,,,,,,,S,,S,,,,,,,,,BV-BRC,,BV-BRC,,,,,,,,BV-BRC,,BV-BRC,
ERR2514947,,,,,,,,S,,R,,,,,,,,S,,S,,,,,,,,,BV-BRC,,BV-BRC,,,,,,,,BV-BRC,,BV-BRC,
ERR2514955,,,,,,,,S,,S,,,,,,,,R,,S,,,,,,,,,BV-BRC,,BV-BRC,,,,,,,,BV-BRC,,BV-BRC,
ERR2514959,,,,,,,,S,,S,,,,,,,,S,,S,,,,,,,,,BV-BRC,,BV-BRC,,,,,,,,BV-BRC,,BV-BRC,
ERR2514974,,,,,,,,S,,R,,,,,,,,S,,S,,,,,,,,,BV-BRC,,BV-BRC,,,,,,,,BV-BRC,,BV-BRC,
ERR2514979,,,,,,,,,,,,,,,,,,R,,,,,,,,,,,,,,,,,,,,,BV-BRC,,,
ERR2514983,,,,,,,,S,,R,,,,,,,,S,,S,,,,,,,,,BV-BRC,,BV-BRC,,,,,,,,BV-BRC,,BV-BRC,
ERR2514990,,,,,,,,S,,S,,,,,,,,S,,S,,,,,,,,,BV-BRC,,BV-BRC,,,,,,,,BV-BRC,,BV-BRC,
ERR2514991,,,,,,,,S,,S,,,,,,,,S,,S,,,,,,,,,BV-BRC,,BV-BRC,,,,,,,,BV-BRC,,BV-BRC,
ERR2514992,,,,,,,,S,,S,,,,,,,,S,,S,,,,,,,,,BV-BRC,,BV-BRC,,,,,,,,BV-BRC,,BV-BRC,
ERR2514994,,,,,,,,R,,R,,,,,,,,S,,S,,,,,,,,,BV-BRC,,BV-BRC,,,,,,,,BV-BRC,,BV-BRC,
ERR2515024,,,,,,,,S,,R,,,,,,,,S,,S,,,,,,,,,BV-BRC,,BV-BRC,,,,,,,,BV-BRC,,BV-BRC,
ERR2515040,,,,,,,,S,,S,,,,,,,,S,,R,,,,,,,,,BV-BRC,,BV-BRC,,,,,,,,BV-BRC,,BV-BRC,
ERR2515042,,,,,,,,R,,R,,,,,,,,R,,R,,,,,,,,,BV-BRC,,BV-BRC,,,,,,,,BV-BRC,,BV-BRC,
ERR2515052,,,,,,,,S,,S,,,,,,,,S,,S,,,,,,,,,BV-BRC,,BV-BRC,,,,,,,,BV-BRC,,BV-BRC,
ERR2515072,,,,,,,,S,,R,,,,,,,,S,,S,,,,,,,,,BV-BRC,,BV-BRC,,,,,,,,BV-BRC,,BV-BRC,
ERR2515094,,,,,,,,S,,R,,,,,,,,S,,S,,,,,,,,,BV-BRC,,BV-BRC,,,,,,,,BV-BRC,,BV-BRC,
ERR2515098,,,,,,,,S,,R,,,,,,,,S,,S,,,,,,,,,BV-BRC,,BV-BRC,,,,,,,,BV-BRC,,BV-BRC,
ERR400324,,,,,,,,S,,S,,,,,,,,S,,S,S,,,,,,,,BV-BRC,,BV-BRC,,,,,,,,BV-BRC,,BV-BRC,BV-BRC
ERR400331,,,,,,,,S,,R,,,,,,,,S,,S,R,,,,,,,,BV-BRC,,BV-BRC,,,,,,,,BV-BRC,,BV-BRC,BV-BRC
ERR400339,,,,,,,,S,,S,,,,,,,,S,,S,S,,,,,,,,BV-BRC,,BV-BRC,,,,,,,,BV-BRC,,BV-BRC,BV-BRC
ERR400342,,,,,,,,,,R,,,,,,,,,,,,,,,,,,,,,BV-BRC,,,,,,,,,,,
ERR400353,,,,S,,,,S,,R,,,,,,,,S,,S,R,,,,BV-BRC,,,,BV-BRC,,BV-BRC,,,,,,,,BV-BRC,,BV-BRC,BV-BRC
ERR400382,S,,S,,,,,R,,R,S,,,R,,,,R,,R,R,BV-BRC,,BV-BRC,,,,,BV-BRC,,BV-BRC,BV-BRC,,,BV-BRC,,,,BV-BRC,,BV-BRC,BV-BRC
ERR400386,,,,,,,,S,,S,,,,,,,,R,,S,S,,,,,,,,BV-BRC,,BV-BRC,,,,,,,,BV-BRC,,BV-BRC,BV-BRC
ERR400396,,,,S,,,,S,,R,,,,,,,,S,,S,R,,,,BV-BRC,,,,BV-BRC,,BV-BRC,,,,,,,,BV-BRC,,BV-BRC,BV-BRC
ERR400399,,,,,,,,S,,R,,,,,,,,S,,S,S,,,,,,,,BV-BRC,,BV-BRC,,,,,,,,BV-BRC,,BV-BRC,BV-BRC
ERR400422,S,,S,,,,,S,,R,S,,,S,,,,S,,S,S,BV-BRC,,BV-BRC,,,,,BV-BRC,,BV-BRC,BV-BRC,,,BV-BRC,,,,BV-BRC,,BV-BRC,BV-BRC
ERR400431,,,,,,,,R,,S,,,,,,,,S,,S,S,,,,,,,,BV-BRC,,BV-BRC,,,,,,,,BV-BRC,,BV-BRC,BV-BRC
ERR400437,,,,,,,,S,,S,,,,,,,,S,,S,S,,,,,,,,BV-BRC,,BV-BRC,,,,,,,,BV-BRC,,BV-BRC,BV-BRC
ERR400448,,,,,,,,S,,S,,,,,,,,R,,S,S,,,,,,,,BV-BRC,,BV-BRC,,,,,,,,BV-BRC,,BV-BRC,BV-BRC
ERR400449,,,,,,,,S,,S,,,,,,,,S,,S,S,,,,,,,,BV-BRC,,BV-BRC,,,,,,,,BV-BRC,,BV-BRC,BV-BRC
ERR400454,,,,,,,,S,,S,,,,,,,,S,,S,S,,,,,,,,BV-BRC,,BV-BRC,,,,,,,,BV-BRC,,BV-BRC,BV-BRC
ERR400460,,,,,,,,S,,S,,,,,,,,R,,S,S,,,,,,,,BV-BRC,,BV-BRC,,,,,,,,BV-BRC,,BV-BRC,BV-BRC
ERR400466,,,,,,,,S,,S,,,,,,,,S,,S,S,,,,,,,,BV-BRC,,BV-BRC,,,,,,,,BV-BRC,,BV-BRC,BV-BRC
ERR400469,S,,S,,,,,S,,S,S,,,S,,,,S,,R,S,BV-BRC,,BV-BRC,,,,,BV-BRC,,BV-BRC,BV-BRC,,,BV-BRC,,,,BV-BRC,,BV-BRC,BV-BRC
ERR400475,,,,,,,,S,,S,,,,,,,,S,,S,S,,,,,,,,BV-BRC,,BV-BRC,,,,,,,,BV-BRC,,BV-BRC,BV-BRC
ERR400476,,,,,,,,S,,S,,,,,,,,S,,S,S,,,,,,,,BV-BRC,,BV-BRC,,,,,,,,BV-BRC,,BV-BRC,BV-BRC
ERR400479,,,,,,,,S,,S,,,,,,,,S,,S,S,,,,,,,,BV-BRC,,BV-BRC,,,,,,,,BV-BRC,,BV-BRC,BV-BRC
ERR400491,,,,,,,,S,,S,,,,,,,,S,,S,S,,,,,,,,BV-BRC,,BV-BRC,,,,,,,,BV-BRC,,BV-BRC,BV-BRC
ERR400497,,,,,,,,S,,S,,,,,,,,S,,S,S,,,,,,,,BV-BRC,,BV-BRC,,,,,,,,BV-BRC,,BV-BRC,BV-BRC
ERR400504,S,,S,,,,,S,,R,S,,,S,,,,R,,S,S,BV-BRC,,BV-BRC,,,,,BV-BRC,,BV-BRC,BV-BRC,,,BV-BRC,,,,BV-BRC,,BV-BRC,BV-BRC
ERR400512,,,,,,,,S,,S,,,,,,,,S,,S,S,,,,,,,,BV-BRC,,BV-BRC,,,,,,,,BV-BRC,,BV-BRC,BV-BRC
ERR400517,R,,R,,,,,R,,R,R,,,S,,,,S,,,S,BV-BRC,,BV-BRC,,,,,BV-BRC,,BV-BRC,BV-BRC,,,BV-BRC,,,,BV-BRC,,,BV-BRC
ERR400524,,,,,,,,S,,S,,,,,,,,R,,S,S,,,,,,,,BV-BRC,,BV-BRC,,,,,,,,BV-BRC,,BV-BRC,BV-BRC
ERR400543,,,,,,,,S,,R,,,,,,,,S,,S,S,,,,,,,,BV-BRC,,BV-BRC,,,,,,,,BV-BRC,,BV-BRC,BV-BRC
ERR400553,S,,S,,,,,R,,R,S,,,S,,,,R,,R,R,BV-BRC,,BV-BRC,,,,,BV-BRC,,BV-BRC,BV-BRC,,,BV-BRC,,,,BV-BRC,,BV-BRC,BV-BRC
ERR400554,,,,,,,,S,,S,,,,,,,,S,,S,S,,,,,,,,BV-BRC,,BV-BRC,,,,,,,,BV-BRC,,BV-BRC,BV-BRC
ERR550618,,,,,,,,S,,S,,,,,,,,S,,S,S,,,,,,,,BV-BRC,,BV-BRC,,,,,,,,BV-BRC,,BV-BRC,BV-BRC
ERR550633,,,,,,,,S,,S,,,,,,,,S,,S,S,,,,,,,,BV-BRC,,BV-BRC,,,,,,,,BV-BRC,,BV-BRC,BV-BRC
ERR550647,,,,,,,,S,,R,,,,,,,,R,,R,R,,,,,,,,BV-BRC,,BV-BRC,,,,,,,,BV-BRC,,BV-BRC,BV-BRC
ERR550648,S,,S,,,S,,R,,R,,,,,S,S,S,S,,R,R,BV-BRC,,BV-BRC,,,BV-BRC,,BV-BRC,,BV-BRC,,,,,BV-BRC,BV-BRC,BV-BRC,BV-BRC,,BV-BRC,BV-BRC
ERR550649,S,,S,,,,,R,,R,,,,,,,,S,,R,R,BV-BRC,,BV-BRC,,,,,BV-BRC,,BV-BRC,,,,,,,,BV-BRC,,BV-BRC,BV-BRC
ERR550651,S,,S,,,S,,R,,R,,,,,S,S,S,S,,R,R,BV-BRC,,BV-BRC,,,BV-BRC,,BV-BRC,,BV-BRC,,,,,BV-BRC,BV-BRC,BV-BRC,BV-BRC,,BV-BRC,BV-BRC
ERR550652,S,,S,,,,,R,,R,,,,,,,,S,,R,R,BV-BRC,,BV-BRC,,,,,BV-BRC,,BV-BRC,,,,,,,,BV-BRC,,BV-BRC,BV-BRC
ERR550664,S,,S,,,,,R,,R,,,,,,,,R,,R,R,BV-BRC,,BV-BRC,,,,,BV-BRC,,BV-BRC,,,,,,,,BV-BRC,,BV-BRC,BV-BRC
ERR550665,,,,,,,,R,,R,,,,,,,,R,,R,R,,,,,,,,BV-BRC,,BV-BRC,,,,,,,,BV-BRC,,BV-BRC,BV-BRC
ERR550669,R,,R,,,,,R,,R,,,,,,,,R,,R,R,BV-BRC,,BV-BRC,,,,,BV-BRC,,BV-BRC,,,,,,,,BV-BRC,,BV-BRC,BV-BRC
ERR550670,,,,,,,,R,,R,,,,,,,,,,R,R,,,,,,,,BV-BRC,,BV-BRC,,,,,,,,,,BV-BRC,BV-BRC
ERR550675,,,S,,,,,R,,R,,,,,S,,R,S,,R,R,,,BV-BRC,,,,,BV-BRC,,BV-BRC,,,,,BV-BRC,,BV-BRC,BV-BRC,,BV-BRC,BV-BRC
ERR550676,,,,,,,,R,,R,,,,,,,,S,,R,R,,,,,,,,BV-BRC,,BV-BRC,,,,,,,,BV-BRC,,BV-BRC,BV-BRC
ERR550683,R,,R,,,,,R,,R,,,,,,,,R,,R,R,BV-BRC,,BV-BRC,,,,,BV-BRC,,BV-BRC,,,,,,,,BV-BRC,,BV-BRC,BV-BRC
ERR550684,S,,S,,,S,,R,,R,,,,,S,S,S,S,,R,R,BV-BRC,,BV-BRC,,,BV-BRC,,BV-BRC,,BV-BRC,,,,,BV-BRC,BV-BRC,BV-BRC,BV-BRC,,BV-BRC,BV-BRC
ERR550685,S,,S,,,,,R,,R,,,,,,,,S,,R,R,BV-BRC,,BV-BRC,,,,,BV-BRC,,BV-BRC,,,,,,,,BV-BRC,,BV-BRC,BV-BRC
ERR550698,,,,,,,,S,,R,,,,,,,,S,,S,R,,,,,,,,BV-BRC,,BV-BRC,,,,,,,,BV-BRC,,BV-BRC,BV-BRC
ERR550700,,,,,,,,S,,S,,,,,,,,S,,S,S,,,,,,,,BV-BRC,,BV-BRC,,,,,,,,BV-BRC,,BV-BRC,BV-BRC
ERR550706,,,S,,,,,R,,R,,,,,S,,R,S,,R,R,,,BV-BRC,,,,,BV-BRC,,BV-BRC,,,,,BV-BRC,,BV-BRC,BV-BRC,,BV-BRC,BV-BRC
ERR550707,,,,,,,,R,,R,,,,,,,,S,,R,R,,,,,,,,BV-BRC,,BV-BRC,,,,,,,,BV-BRC,,BV-BRC,BV-BRC
ERR550732,,,S,,,,,S,,R,,,,,S,,R,S,,R,R,,,BV-BRC,,,,,BV-BRC,,BV-BRC,,,,,BV-BRC,,BV-BRC,BV-BRC,,BV-BRC,BV-BRC
ERR550733,,,,,,,,S,,R,,,,,,,,S,,R,R,,,,,,,,BV-BRC,,BV-BRC,,,,,,,,BV-BRC,,BV-BRC,BV-BRC
ERR550735,R,,R,,,S,,R,,R,,,,,S,S,S,R,,R,R,BV-BRC,,BV-BRC,,,BV-BRC,,BV-BRC,,BV-BRC,,,,,BV-BRC,BV-BRC,BV-BRC,BV-BRC,,BV-BRC,BV-BRC
ERR550736,R,,R,,,,,R,,R,,,,,,,,R,,R,R,BV-BRC,,BV-BRC,,,,,BV-BRC,,BV-BRC,,,,,,,,BV-BRC,,BV-BRC,BV-BRC
ERR550739,,,,,,,,S,,S,,,,,,,S,S,,S,S,,,,,,,,BV-BRC,,BV-BRC,,,,,,,BV-BRC,BV-BRC,,BV-BRC,BV-BRC
ERR550743,S,,S,,,S,,R,,R,,,,,S,S,S,R,,R,R,BV-BRC,,BV-BRC,,,BV-BRC,,BV-BRC,,BV-BRC,,,,,BV-BRC,BV-BRC,BV-BRC,BV-BRC,,BV-BRC,BV-BRC
ERR550744,S,,S,,,,,R,,R,,,,,,,,R,,R,R,BV-BRC,,BV-BRC,,,,,BV-BRC,,BV-BRC,,,,,,,,BV-BRC,,BV-BRC,BV-BRC
ERR550748,S,,S,,,S,,S,,R,,,,,S,S,S,R,,R,R,BV-BRC,,BV-BRC,,,BV-BRC,,BV-BRC,,BV-BRC,,,,,BV-BRC,BV-BRC,BV-BRC,BV-BRC,,BV-BRC,BV-BRC
ERR550749,S,,S,,,,,S,,R,,,,,,,,R,,R,R,BV-BRC,,BV-BRC,,,,,BV-BRC,,BV-BRC,,,,,,,,BV-BRC,,BV-BRC,BV-BRC
ERR550755,,,,,,,,S,,R,,,,,,,,R,,S,S,,,,,,,,BV-BRC,,BV-BRC,,,,,,,,BV-BRC,,BV-BRC,BV-BRC
ERR550760,,,,,,,,S,,S,,,,,,,,S,,S,S,,,,,,,,BV-BRC,,BV-BRC,,,,,,,,BV-BRC,,BV-BRC,BV-BRC
ERR550762,,,S,,,,,R,,R,,,,,S,,R,S,,R,R,,,BV-BRC,,,,,BV-BRC,,BV-BRC,,,,,BV-BRC,,BV-BRC,BV-BRC,,BV-BRC,BV-BRC
ERR550763,,,,,,,,R,,R,,,,,,,,S,,R,R,,,,,,,,BV-BRC,,BV-BRC,,,,,,,,BV-BRC,,BV-BRC,BV-BRC
ERR550770,R,,R,,,S,,S,,R,,,,,S,S,S,R,,R,R,BV-BRC,,BV-BRC,,,BV-BRC,,BV-BRC,,BV-BRC,,,,,BV-BRC,BV-BRC,BV-BRC,BV-BRC,,BV-BRC,BV-BRC
ERR550771,R,,R,,,,,S,,R,,,,,,,,R,,R,R,BV-BRC,,BV-BRC,,,,,BV-BRC,,BV-BRC,,,,,,,,BV-BRC,,BV-BRC,BV-BRC
ERR550772,S,,S,,,S,,R,,R,,,,,S,S,S,R,,R,R,BV-BRC,,BV-BRC,,,BV-BRC,,BV-BRC,,BV-BRC,,,,,BV-BRC,BV-BRC,BV-BRC,BV-BRC,,BV-BRC,BV-BRC
ERR550773,S,,S,,,,,R,,R,,,,,,,,R,,R,R,BV-BRC,,BV-BRC,,,,,BV-BRC,,BV-BRC,,,,,,,,BV-BRC,,BV-BRC,BV-BRC
ERR550784,S,,S,,,S,,R,,R,,,,,S,S,S,S,,R,R,BV-BRC,,BV-BRC,,,BV-BRC,,BV-BRC,,BV-BRC,,,,,BV-BRC,BV-BRC,BV-BRC,BV-BRC,,BV-BRC,BV-BRC
ERR550785,S,,S,,,,,R,,R,,,,,,,,S,,R,R,BV-BRC,,BV-BRC,,,,,BV-BRC,,BV-BRC,,,,,,,,BV-BRC,,BV-BRC,BV-BRC
ERR550786,S,,S,,,S,,R,,R,,,,,S,S,S,S,,R,R,BV-BRC,,BV-BRC,,,BV-BRC,,BV-BRC,,BV-BRC,,,,,BV-BRC,BV-BRC,BV-BRC,BV-BRC,,BV-BRC,BV-BRC
ERR550787,S,,S,,,,,R,,R,,,,,,,,S,,R,R,BV-BRC,,BV-BRC,,,,,BV-BRC,,BV-BRC,,,,,,,,BV-BRC,,BV-BRC,BV-BRC
ERR550806,R,,R,,,S,,R,,R,,,,,S,,R,R,,R,S,BV-BRC,,BV-BRC,,,BV-BRC,,BV-BRC,,BV-BRC,,,,,BV-BRC,,BV-BRC,BV-BRC,,BV-BRC,BV-BRC
ERR550807,R,,R,,,,,R,,R,,,,,,,,R,,R,S,BV-BRC,,BV-BRC,,,,,BV-BRC,,BV-BRC,,,,,,,,BV-BRC,,BV-BRC,BV-BRC
ERR550808,R,,R,,,S,,R,,R,,,,,S,S,S,S,,R,R,BV-BRC,,BV-BRC,,,BV-BRC,,BV-BRC,,BV-BRC,,,,,BV-BRC,BV-BRC,BV-BRC,BV-BRC,,BV-BRC,BV-BRC
ERR550809,R,,R,,,,,R,,R,,,,,,,,S,,R,R,BV-BRC,,BV-BRC,,,,,BV-BRC,,BV-BRC,,,,,,,,BV-BRC,,BV-BRC,BV-BRC
ERR550810,,,,,,,,S,,S,,,,,,,,S,,S,S,,,,,,,,BV-BRC,,BV-BRC,,,,,,,,BV-BRC,,BV-BRC,BV-BRC
ERR550812,S,,S,,,S,,R,,R,,,,,S,S,S,R,,R,R,BV-BRC,,BV-BRC,,,BV-BRC,,BV-BRC,,BV-BRC,,,,,BV-BRC,BV-BRC,BV-BRC,BV-BRC,,BV-BRC,BV-BRC
ERR550829,S,,S,,,S,,R,,R,,,,,S,S,S,R,,R,R,BV-BRC,,BV-BRC,,,BV-BRC,,BV-BRC,,BV-BRC,,,,,BV-BRC,BV-BRC,BV-BRC,BV-BRC,,BV-BRC,BV-BRC
ERR550830,S,,S,,,,,R,,R,,,,,,,,R,,R,R,BV-BRC,,BV-BRC,,,,,BV-BRC,,BV-BRC,,,,,,,,BV-BRC,,BV-BRC,BV-BRC
ERR550837,S,,S,,,S,,R,,R,,,,,S,S,S,R,,R,R,BV-BRC,,BV-BRC,,,BV-BRC,,BV-BRC,,BV-BRC,,,,,BV-BRC,BV-BRC,BV-BRC,BV-BRC,,BV-BRC,BV-BRC
ERR550838,S,,S,,,,,R,,R,,,,,,,,R,,R,R,BV-BRC,,BV-BRC,,,,,BV-BRC,,BV-BRC,,,,,,,,BV-BRC,,BV-BRC,BV-BRC
ERR550841,,,S,,,,,R,,R,,,,,S,,R,S,,R,R,,,BV-BRC,,,,,BV-BRC,,BV-BRC,,,,,BV-BRC,,BV-BRC,BV-BRC,,BV-BRC,BV-BRC
ERR550842,,,,,,,,R,,R,,,,,,,,S,,R,R,,,,,,,,BV-BRC,,BV-BRC,,,,,,,,BV-BRC,,BV-BRC,BV-BRC
ERR550848,R,,R,,,S,,R,,R,,,,,S,S,S,R,,R,R,BV-BRC,,BV-BRC,,,BV-BRC,,BV-BRC,,BV-BRC,,,,,BV-BRC,BV-BRC,BV-BRC,BV-BRC,,BV-BRC,BV-BRC
ERR550849,R,,R,,,,,R,,R,,,,,,,,R,,R,R,BV-BRC,,BV-BRC,,,,,BV-BRC,,BV-BRC,,,,,,,,BV-BRC,,BV-BRC,BV-BRC
ERR550853,,,,,,,,S,,R,,,,,,,,S,,S,R,,,,,,,,BV-BRC,,BV-BRC,,,,,,,,BV-BRC,,BV-BRC,BV-BRC
ERR550865,,,,,,,,S,,S,,,,,,,,S,,S,S,,,,,,,,BV-BRC,,BV-BRC,,,,,,,,BV-BRC,,BV-BRC,BV-BRC
ERR550890,R,,R,,,S,,R,,R,,,,,S,,S,S,,R,S,BV-BRC,,BV-BRC,,,BV-BRC,,BV-BRC,,BV-BRC,,,,,BV-BRC,,BV-BRC,BV-BRC,,BV-BRC,BV-BRC
ERR550891,R,,R,,,,,R,,R,,,,,,,,S,,R,S,BV-BRC,,BV-BRC,,,,,BV-BRC,,BV-BRC,,,,,,,,BV-BRC,,BV-BRC,BV-BRC
ERR550892,,,S,,,,,R,,R,,,,,S,,R,R,,R,R,,,BV-BRC,,,,,BV-BRC,,BV-BRC,,,,,BV-BRC,,BV-BRC,BV-BRC,,BV-BRC,BV-BRC
ERR550893,,,,,,,,R,,R,,,,,,,,S,,R,R,,,,,,,,BV-BRC,,BV-BRC,,,,,,,,BV-BRC,,BV-BRC,BV-BRC
ERR550894,R,,R,,,S,,S,,R,,,,,S,S,S,S,,R,R,BV-BRC,,BV-BRC,,,BV-BRC,,BV-BRC,,BV-BRC,,,,,BV-BRC,BV-BRC,BV-BRC,BV-BRC,,BV-BRC,BV-BRC
ERR550895,R,,R,,,,,S,,R,,,,,,,,S,,R,R,BV-BRC,,BV-BRC,,,,,BV-BRC,,BV-BRC,,,,,,,,BV-BRC,,BV-BRC,BV-BRC
ERR550896,R,,R,,,S,,S,,R,,,,,S,S,S,S,,R,R,BV-BRC,,BV-BRC,,,BV-BRC,,BV-BRC,,BV-BRC,,,,,BV-BRC,BV-BRC,BV-BRC,BV-BRC,,BV-BRC,BV-BRC
ERR550897,R,,R,,,,,S,,R,,,,,,,,S,,R,R,BV-BRC,,BV-BRC,,,,,BV-BRC,,BV-BRC,,,,,,,,BV-BRC,,BV-BRC,BV-BRC
ERR550908,R,,R,,,,,R,,R,,,,,,,,R,,R,R,BV-BRC,,BV-BRC,,,,,BV-BRC,,BV-BRC,,,,,,,,BV-BRC,,BV-BRC,BV-BRC
ERR550914,S,,S,,,S,,R,,R,,,,,S,S,S,S,,R,R,BV-BRC,,BV-BRC,,,BV-BRC,,BV-BRC,,BV-BRC,,,,,BV-BRC,BV-BRC,BV-BRC,BV-BRC,,BV-BRC,BV-BRC
ERR550915,S,,S,,,,,R,,R,,,,,,,,S,,R,R,BV-BRC,,BV-BRC,,,,,BV-BRC,,BV-BRC,,,,,,,,BV-BRC,,BV-BRC,BV-BRC
ERR550922,S,,S,,,S,,R,,R,,,,,S,S,S,R,,R,R,BV-BRC,,BV-BRC,,,BV-BRC,,BV-BRC,,BV-BRC,,,,,BV-BRC,BV-BRC,BV-BRC,BV-BRC,,BV-BRC,BV-BRC
ERR550923,S,,S,,,,,R,,R,,,,,,,,R,,R,R,BV-BRC,,BV-BRC,,,,,BV-BRC,,BV-BRC,,,,,,,,BV-BRC,,BV-BRC,BV-BRC
ERR550928,S,,S,,,S,,S,,R,,,,,R,S,S,R,,R,R,BV-BRC,,BV-BRC,,,BV-BRC,,BV-BRC,,BV-BRC,,,,,BV-BRC,BV-BRC,BV-BRC,BV-BRC,,BV-BRC,BV-BRC
ERR550929,S,,S,,,,,S,,R,,,,,,,,R,,R,R,BV-BRC,,BV-BRC,,,,,BV-BRC,,BV-BRC,,,,,,,,BV-BRC,,BV-BRC,BV-BRC
ERR550936,,,,,,,,S,,R,,,,,,,,S,,S,S,,,,,,,,BV-BRC,,BV-BRC,,,,,,,,BV-BRC,,BV-BRC,BV-BRC
ERR550944,,,,,,,,S,,S,,,,,,,,S,,S,S,,,,,,,,BV-BRC,,BV-BRC,,,,,,,,BV-BRC,,BV-BRC,BV-BRC
ERR550947,,,,,,,,S,,R,,,,,,,,S,,S,R,,,,,,,,BV-BRC,,BV-BRC,,,,,,,,BV-BRC,,BV-BRC,BV-BRC
ERR550949,,,S,,,,,R,,R,,,,,S,,R,S,,R,R,,,BV-BRC,,,,,BV-BRC,,BV-BRC,,,,,BV-BRC,,BV-BRC,BV-BRC,,BV-BRC,BV-BRC
ERR550950,,,,,,,,R,,R,,,,,,,,S,,R,R,,,,,,,,BV-BRC,,BV-BRC,,,,,,,,BV-BRC,,BV-BRC,BV-BRC
ERR550954,,,,,,,,S,,S,,,,,,,,R,,S,S,,,,,,,,BV-BRC,,BV-BRC,,,,,,,,BV-BRC,,BV-BRC,BV-BRC
ERR550957,,,,,,,,S,,S,,,,,,,,S,,S,S,,,,,,,,BV-BRC,,BV-BRC,,,,,,,,BV-BRC,,BV-BRC,BV-BRC
ERR550960,,,S,,,,,R,,R,,,,,S,,R,S,,R,R,,,BV-BRC,,,,,BV-BRC,,BV-BRC,,,,,BV-BRC,,BV-BRC,BV-BRC,,BV-BRC,BV-BRC
ERR550961,,,,,,,,R,,R,,,,,,,,S,,R,R,,,,,,,,BV-BRC,,BV-BRC,,,,,,,,BV-BRC,,BV-BRC,BV-BRC
ERR550969,,,,,,,,S,,R,,,,,,,,S,,S,R,,,,,,,,BV-BRC,,BV-BRC,,,,,,,,BV-BRC,,BV-BRC,BV-BRC
ERR550978,,,,,,,,S,,R,,,,,,,,S,,S,R,,,,,,,,BV-BRC,,BV-BRC,,,,,,,,BV-BRC,,BV-BRC,BV-BRC
ERR550980,S,,S,,,S,,R,,R,,,,,S,S,S,S,,R,R,BV-BRC,,BV-BRC,,,BV-BRC,,BV-BRC,,BV-BRC,,,,,BV-BRC,BV-BRC,BV-BRC,BV-BRC,,BV-BRC,BV-BRC
ERR550981,S,,S,,,,,R,,R,,,,,,,,S,,R,R,BV-BRC,,BV-BRC,,,,,BV-BRC,,BV-BRC,,,,,,,,BV-BRC,,BV-BRC,BV-BRC
ERR550984,,,,,,,,S,,R,,,,,,,S,S,,S,R,,,,,,,,BV-BRC,,BV-BRC,,,,,,,BV-BRC,BV-BRC,,BV-BRC,BV-BRC
ERR550990,R,,R,,,,,R,,R,,,,,,,,R,,R,R,BV-BRC,,BV-BRC,,,,,BV-BRC,,BV-BRC,,,,,,,,BV-BRC,,BV-BRC,BV-BRC
ERR550999,S,,S,,,S,,R,,R,,,,,S,S,S,R,,R,R,BV-BRC,,BV-BRC,,,BV-BRC,,BV-BRC,,BV-BRC,,,,,BV-BRC,BV-BRC,BV-BRC,BV-BRC,,BV-BRC,BV-BRC
ERR551000,S,,S,,,,,R,,R,,,,,,,,R,,R,R,BV-BRC,,BV-BRC,,,,,BV-BRC,,BV-BRC,,,,,,,,BV-BRC,,BV-BRC,BV-BRC
ERR551009,,,,,,,,S,,S,,,,,,,,R,,S,S,,,,,,,,BV-BRC,,BV-BRC,,,,,,,,BV-BRC,,BV-BRC,BV-BRC
ERR551016,S,,S,,,,,R,,R,,,,,,,,R,,R,R,BV-BRC,,BV-BRC,,,,,BV-BRC,,BV-BRC,,,,,,,,BV-BRC,,BV-BRC,BV-BRC
ERR551019,S,,S,,,S,,R,,R,,,,,S,S,S,S,,R,R,BV-BRC,,BV-BRC,,,BV-BRC,,BV-BRC,,BV-BRC,,,,,BV-BRC,BV-BRC,BV-BRC,BV-BRC,,BV-BRC,BV-BRC
ERR551020,S,,S,,,,,R,,R,,,,,,,,S,,R,R,BV-BRC,,BV-BRC,,,,,BV-BRC,,BV-BRC,,,,,,,,BV-BRC,,BV-BRC,BV-BRC
ERR551029,,,S,,,,,S,,R,,,,,,,,S,,S,R,,,BV-BRC,,,,,BV-BRC,,BV-BRC,,,,,,,,BV-BRC,,BV-BRC,BV-BRC
ERR551030,,,,,,,,S,,R,,,,,,,,S,,S,R,,,,,,,,BV-BRC,,BV-BRC,,,,,,,,BV-BRC,,BV-BRC,BV-BRC
ERR551038,,,,,,,,S,,R,,,,,,,,S,,S,S,,,,,,,,BV-BRC,,BV-BRC,,,,,,,,BV-BRC,,BV-BRC,BV-BRC
ERR551051,,,S,,,,,R,,R,,,,,S,,R,S,,R,R,,,BV-BRC,,,,,BV-BRC,,BV-BRC,,,,,BV-BRC,,BV-BRC,BV-BRC,,BV-BRC,BV-BRC
ERR551052,,,,,,,,R,,R,,,,,,,,S,,R,R,,,,,,,,BV-BRC,,BV-BRC,,,,,,,,BV-BRC,,BV-BRC,BV-BRC
ERR551063,S,,S,,,,,R,,R,,,,,,,,S,,R,R,BV-BRC,,BV-BRC,,,,,BV-BRC,,BV-BRC,,,,,,,,BV-BRC,,BV-BRC,BV-BRC
ERR551064,,,,,,,,S,,S,,,,,,,,S,,S,S,,,,,,,,BV-BRC,,BV-BRC,,,,,,,,BV-BRC,,BV-BRC,BV-BRC
ERR551069,,,,,,,,R,,R,,,,,,,,S,,S,R,,,,,,,,BV-BRC,,BV-BRC,,,,,,,,BV-BRC,,BV-BRC,BV-BRC
ERR551070,,,,,,,,S,,R,,,,,,,,R,,S,R,,,,,,,,BV-BRC,,BV-BRC,,,,,,,,BV-BRC,,BV-BRC,BV-BRC
ERR551077,,,,,,,,S,,S,,,,,,,,S,,S,S,,,,,,,,BV-BRC,,BV-BRC,,,,,,,,BV-BRC,,BV-BRC,BV-BRC
ERR551090,S,,S,,,S,,R,,R,,,,,S,S,S,S,,R,R,BV-BRC,,BV-BRC,,,BV-BRC,,BV-BRC,,BV-BRC,,,,,BV-BRC,BV-BRC,BV-BRC,BV-BRC,,BV-BRC,BV-BRC
ERR551091,,,,,,,,S,,R,,,,,,,,S,,S,S,,,,,,,,BV-BRC,,BV-BRC,,,,,,,,BV-BRC,,BV-BRC,BV-BRC
ERR551099,,,S,,,,,S,,R,,,,,R,,R,S,,R,R,,,BV-BRC,,,,,BV-BRC,,BV-BRC,,,,,BV-BRC,,BV-BRC,BV-BRC,,BV-BRC,BV-BRC
ERR551100,,,,,,,,S,,R,,,,,,,,S,,R,R,,,,,,,,BV-BRC,,BV-BRC,,,,,,,,BV-BRC,,BV-BRC,BV-BRC
ERR551104,S,,S,,,S,,R,,R,,,,,S,S,S,R,,R,R,BV-BRC,,BV-BRC,,,BV-BRC,,BV-BRC,,BV-BRC,,,,,BV-BRC,BV-BRC,BV-BRC,BV-BRC,,BV-BRC,BV-BRC
ERR551105,S,,S,,,,,R,,R,,,,,,,,R,,R,R,BV-BRC,,BV-BRC,,,,,BV-BRC,,BV-BRC,,,,,,,,BV-BRC,,BV-BRC,BV-BRC
ERR551108,S,,S,,,S,,S,,R,,,,,S,S,S,S,,R,R,BV-BRC,,BV-BRC,,,BV-BRC,,BV-BRC,,BV-BRC,,,,,BV-BRC,BV-BRC,BV-BRC,BV-BRC,,BV-BRC,BV-BRC
ERR551109,S,,S,,,,,S,,R,,,,,,,,S,,R,R,BV-BRC,,BV-BRC,,,,,BV-BRC,,BV-BRC,,,,,,,,BV-BRC,,BV-BRC,BV-BRC
ERR551118,,,,,,,,S,,R,,,,,,,,S,,S,S,,,,,,,,BV-BRC,,BV-BRC,,,,,,,,BV-BRC,,BV-BRC,BV-BRC
ERR551121,S,,S,,,S,,R,,R,,,,,S,S,S,R,,R,R,BV-BRC,,BV-BRC,,,BV-BRC,,BV-BRC,,BV-BRC,,,,,BV-BRC,BV-BRC,BV-BRC,BV-BRC,,BV-BRC,BV-BRC
ERR551126,,,,,,,,R,,R,,,,,,,,R,,R,R,,,,,,,,BV-BRC,,BV-BRC,,,,,,,,BV-BRC,,BV-BRC,BV-BRC
ERR551127,,,,,,,,S,,S,,,,,,,,S,,S,S,,,,,,,,BV-BRC,,BV-BRC,,,,,,,,BV-BRC,,BV-BRC,BV-BRC
ERR551128,,,S,,,,,R,,R,,,,,S,,R,S,,R,R,,,BV-BRC,,,,,BV-BRC,,BV-BRC,,,,,BV-BRC,,BV-BRC,BV-BRC,,BV-BRC,BV-BRC
ERR551129,,,,,,,,R,,R,,,,,,,,S,,R,R,,,,,,,,BV-BRC,,BV-BRC,,,,,,,,BV-BRC,,BV-BRC,BV-BRC
ERR551130,R,,S,,,S,,R,,R,,,,,S,S,S,R,,R,R,BV-BRC,,BV-BRC,,,BV-BRC,,BV-BRC,,BV-BRC,,,,,BV-BRC,BV-BRC,BV-BRC,BV-BRC,,BV-BRC,BV-BRC
ERR551131,S,,R,,,,,R,,R,,,,,,,,R,,R,R,BV-BRC,,BV-BRC,,,,,BV-BRC,,BV-BRC,,,,,,,,BV-BRC,,BV-BRC,BV-BRC
ERR551132,S,,S,,,S,,R,,R,,,,,S,S,S,R,,R,R,BV-BRC,,BV-BRC,,,BV-BRC,,BV-BRC,,BV-BRC,,,,,BV-BRC,BV-BRC,BV-BRC,BV-BRC,,BV-BRC,BV-BRC
ERR551133,S,,S,,,,,R,,R,,,,,,,,R,,R,R,BV-BRC,,BV-BRC,,,,,BV-BRC,,BV-BRC,,,,,,,,BV-BRC,,BV-BRC,BV-BRC
ERR551137,S,,S,,,S,,R,,R,,,,,S,S,S,R,,R,R,BV-BRC,,BV-BRC,,,BV-BRC,,BV-BRC,,BV-BRC,,,,,BV-BRC,BV-BRC,BV-BRC,BV-BRC,,BV-BRC,BV-BRC
ERR551138,S,,S,,,,,R,,R,,,,,,,,R,,R,R,BV-BRC,,BV-BRC,,,,,BV-BRC,,BV-BRC,,,,,,,,BV-BRC,,BV-BRC,BV-BRC
ERR551141,S,,S,,,S,,S,,R,,,,,S,S,S,R,,R,R,BV-BRC,,BV-BRC,,,BV-BRC,,BV-BRC,,BV-BRC,,,,,BV-BRC,BV-BRC,BV-BRC,BV-BRC,,BV-BRC,BV-BRC
ERR551142,S,,S,,,,,S,,R,,,,,,,,R,,R,R,BV-BRC,,BV-BRC,,,,,BV-BRC,,BV-BRC,,,,,,,,BV-BRC,,BV-BRC,BV-BRC
ERR551144,,,,,,,,S,,S,,,,,,,,S,,S,R,,,,,,,,BV-BRC,,BV-BRC,,,,,,,,BV-BRC,,BV-BRC,BV-BRC
ERR551145,S,,S,,,S,,R,,R,,,,,S,S,S,R,,R,R,BV-BRC,,BV-BRC,,,BV-BRC,,BV-BRC,,BV-BRC,,,,,BV-BRC,BV-BRC,BV-BRC,BV-BRC,,BV-BRC,BV-BRC
ERR551152,,,,,,,,S,,S,,,,,,,,S,,S,S,,,,,,,,BV-BRC,,BV-BRC,,,,,,,,BV-BRC,,BV-BRC,BV-BRC
ERR551159,S,,S,,,S,,S,,R,,,,,S,,S,R,,R,R,BV-BRC,,BV-BRC,,,BV-BRC,,BV-BRC,,BV-BRC,,,,,BV-BRC,,BV-BRC,BV-BRC,,BV-BRC,BV-BRC
ERR551191,,,,,,,,S,,S,,,,,,,,R,,S,S,,,,,,,,BV-BRC,,BV-BRC,,,,,,,,BV-BRC,,BV-BRC,BV-BRC
ERR551196,R,,R,,,,,R,,R,,,,,,,,R,,R,S,BV-BRC,,BV-BRC,,,,,BV-BRC,,BV-BRC,,,,,,,,BV-BRC,,BV-BRC,BV-BRC
ERR551210,S,,S,,,S,,R,,R,,,,,S,S,S,R,,R,R,BV-BRC,,BV-BRC,,,BV-BRC,,BV-BRC,,BV-BRC,,,,,BV-BRC,BV-BRC,BV-BRC,BV-BRC,,BV-BRC,BV-BRC
ERR551211,S,,S,,,,,R,,R,,,,,,,,R,,R,R,BV-BRC,,BV-BRC,,,,,BV-BRC,,BV-BRC,,,,,,,,BV-BRC,,BV-BRC,BV-BRC
ERR551212,,,,,,,,R,,R,,,,,,S,R,R,,R,R,,,,,,,,BV-BRC,,BV-BRC,,,,,,BV-BRC,BV-BRC,BV-BRC,,BV-BRC,BV-BRC
ERR551220,R,,R,,,S,,R,,R,,,,,S,S,R,S,,R,R,BV-BRC,,BV-BRC,,,BV-BRC,,BV-BRC,,BV-BRC,,,,,BV-BRC,BV-BRC,BV-BRC,BV-BRC,,BV-BRC,BV-BRC
ERR551221,R,,R,,,,,R,,R,,,,,,,,S,,R,R,BV-BRC,,BV-BRC,,,,,BV-BRC,,BV-BRC,,,,,,,,BV-BRC,,BV-BRC,BV-BRC
ERR551225,,,,,,,,S,,S,,,,,,,,S,,S,S,,,,,,,,BV-BRC,,BV-BRC,,,,,,,,BV-BRC,,BV-BRC,BV-BRC
ERR551233,,,S,,,,,S,,R,,,,,S,,R,S,,R,S,,,BV-BRC,,,,,BV-BRC,,BV-BRC,,,,,BV-BRC,,BV-BRC,BV-BRC,,BV-BRC,BV-BRC
ERR551234,,,,,,,,S,,R,,,,,,,,S,,R,S,,,,,,,,BV-BRC,,BV-BRC,,,,,,,,BV-BRC,,BV-BRC,BV-BRC
ERR551236,R,,,,,,,R,,R,R,,,,,,,R,,R,R,BV-BRC,,,,,,,BV-BRC,,BV-BRC,BV-BRC,,,,,,,BV-BRC,,BV-BRC,BV-BRC
ERR551238,,,,,,,,R,,R,,,,,,,,S,,R,R,,,,,,,,BV-BRC,,BV-BRC,,,,,,,,BV-BRC,,BV-BRC,BV-BRC
ERR551250,S,,S,,,S,,S,,R,,,,,S,S,S,S,,R,R,BV-BRC,,BV-BRC,,,BV-BRC,,BV-BRC,,BV-BRC,,,,,BV-BRC,BV-BRC,BV-BRC,BV-BRC,,BV-BRC,BV-BRC
ERR551251,S,,S,,,,,S,,R,,,,,,,,S,,R,R,BV-BRC,,BV-BRC,,,,,BV-BRC,,BV-BRC,,,,,,,,BV-BRC,,BV-BRC,BV-BRC
ERR551252,,,,,,,,S,,S,,,,,,,,R,,S,S,,,,,,,,BV-BRC,,BV-BRC,,,,,,,,BV-BRC,,BV-BRC,BV-BRC
ERR551258,S,,S,,,S,,R,,R,,,,,S,S,S,S,,R,R,BV-BRC,,BV-BRC,,,BV-BRC,,BV-BRC,,BV-BRC,,,,,BV-BRC,BV-BRC,BV-BRC,BV-BRC,,BV-BRC,BV-BRC
ERR551259,S,,S,,,,,R,,R,,,,,,,,S,,R,R,BV-BRC,,BV-BRC,,,,,BV-BRC,,BV-BRC,,,,,,,,BV-BRC,,BV-BRC,BV-BRC
ERR551274,,,,,,,,S,,S,,,,,,,,S,,S,S,,,,,,,,BV-BRC,,BV-BRC,,,,,,,,BV-BRC,,BV-BRC,BV-BRC
ERR551285,S,,S,,,,,R,,R,,,,,,,,R,,R,R,BV-BRC,,BV-BRC,,,,,BV-BRC,,BV-BRC,,,,,,,,BV-BRC,,BV-BRC,BV-BRC
ERR551290,S,,S,,,S,,R,,R,,,,,S,S,S,R,,R,R,BV-BRC,,BV-BRC,,,BV-BRC,,BV-BRC,,BV-BRC,,,,,BV-BRC,BV-BRC,BV-BRC,BV-BRC,,BV-BRC,BV-BRC
ERR551293,,,,,,,,S,,R,,,,,,,,S,,S,S,,,,,,,,BV-BRC,,BV-BRC,,,,,,,,BV-BRC,,BV-BRC,BV-BRC
ERR551295,S,,S,,,S,,R,,R,,,,,S,S,S,R,,R,R,BV-BRC,,BV-BRC,,,BV-BRC,,BV-BRC,,BV-BRC,,,,,BV-BRC,BV-BRC,BV-BRC,BV-BRC,,BV-BRC,BV-BRC
ERR551296,S,,S,,,,,R,,R,,,,,,,,R,,R,R,BV-BRC,,BV-BRC,,,,,BV-BRC,,BV-BRC,,,,,,,,BV-BRC,,BV-BRC,BV-BRC
ERR551311,,,,,,,,S,,R,,,,,,S,,S,,R,R,,,,,,,,BV-BRC,,BV-BRC,,,,,,BV-BRC,,BV-BRC,,BV-BRC,BV-BRC
ERR551320,S,,S,,,S,,R,,R,,,,,S,S,S,R,,R,R,BV-BRC,,BV-BRC,,,BV-BRC,,BV-BRC,,BV-BRC,,,,,BV-BRC,BV-BRC,BV-BRC,BV-BRC,,BV-BRC,BV-BRC
ERR551321,S,,S,,,,,R,,R,,,,,,,,R,,R,R,BV-BRC,,BV-BRC,,,,,BV-BRC,,BV-BRC,,,,,,,,BV-BRC,,BV-BRC,BV-BRC
ERR551335,,,,,,,,S,,S,,,,,,,,S,,S,S,,,,,,,,BV-BRC,,BV-BRC,,,,,,,,BV-BRC,,BV-BRC,BV-BRC
ERR551340,,,,,,,,S,,S,,,,,,,,S,,S,S,,,,,,,,BV-BRC,,BV-BRC,,,,,,,,BV-BRC,,BV-BRC,BV-BRC
ERR551342,S,,S,,,S,,R,,R,,,,,S,S,S,R,,R,R,BV-BRC,,BV-BRC,,,BV-BRC,,BV-BRC,,BV-BRC,,,,,BV-BRC,BV-BRC,BV-BRC,BV-BRC,,BV-BRC,BV-BRC
ERR551343,S,,S,,,,,R,,R,,,,,,,,R,,R,R,BV-BRC,,BV-BRC,,,,,BV-BRC,,BV-BRC,,,,,,,,BV-BRC,,BV-BRC,BV-BRC
ERR551352,S,,S,,,S,,R,,R,,,,,S,S,S,R,,R,R,BV-BRC,,BV-BRC,,,BV-BRC,,BV-BRC,,BV-BRC,,,,,BV-BRC,BV-BRC,BV-BRC,BV-BRC,,BV-BRC,BV-BRC
ERR551353,S,,S,,,,,R,,R,,,,,,,,R,,R,R,BV-BRC,,BV-BRC,,,,,BV-BRC,,BV-BRC,,,,,,,,BV-BRC,,BV-BRC,BV-BRC
ERR551366,,,,,,,,S,,R,,,,,,,,S,,R,R,,,,,,,,BV-BRC,,BV-BRC,,,,,,,,BV-BRC,,BV-BRC,BV-BRC
ERR551372,,,S,,,,,R,,R,,,,,S,,R,S,,R,R,,,BV-BRC,,,,,BV-BRC,,BV-BRC,,,,,BV-BRC,,BV-BRC,BV-BRC,,BV-BRC,BV-BRC
ERR551373,,,,,,,,R,,R,,,,,,,,S,,R,R,,,,,,,,BV-BRC,,BV-BRC,,,,,,,,BV-BRC,,BV-BRC,BV-BRC
ERR551378,S,,S,,,,,S,,R,,,,,,,,S,,R,R,BV-BRC,,BV-BRC,,,,,BV-BRC,,BV-BRC,,,,,,,,BV-BRC,,BV-BRC,BV-BRC
ERR551380,S,,S,,,S,,S,,R,,,,,S,S,S,S,,R,R,BV-BRC,,BV-BRC,,,BV-BRC,,BV-BRC,,BV-BRC,,,,,BV-BRC,BV-BRC,BV-BRC,BV-BRC,,BV-BRC,BV-BRC
ERR551381,S,,S,,,,,S,,R,,,,,,,,S,,R,R,BV-BRC,,BV-BRC,,,,,BV-BRC,,BV-BRC,,,,,,,,BV-BRC,,BV-BRC,BV-BRC
ERR551384,S,,S,,,S,,S,,R,,,,,S,S,S,S,,R,R,BV-BRC,,BV-BRC,,,BV-BRC,,BV-BRC,,BV-BRC,,,,,BV-BRC,BV-BRC,BV-BRC,BV-BRC,,BV-BRC,BV-BRC
ERR551385,S,,S,,,,,S,,R,,,,,,,,S,,R,R,BV-BRC,,BV-BRC,,,,,BV-BRC,,BV-BRC,,,,,,,,BV-BRC,,BV-BRC,BV-BRC
ERR551409,S,,S,,,S,,S,,R,,,,,S,S,S,S,,R,R,BV-BRC,,BV-BRC,,,BV-BRC,,BV-BRC,,BV-BRC,,,,,BV-BRC,BV-BRC,BV-BRC,BV-BRC,,BV-BRC,BV-BRC
ERR551410,S,,S,,,,,S,,R,,,,,,,,S,,R,R,BV-BRC,,BV-BRC,,,,,BV-BRC,,BV-BRC,,,,,,,,BV-BRC,,BV-BRC,BV-BRC
ERR551412,,,,,,,,R,,R,,,,,,,,S,,R,R,,,,,,,,BV-BRC,,BV-BRC,,,,,,,,BV-BRC,,BV-BRC,BV-BRC
ERR551417,,,S,,,,,R,,R,,,,,R,,S,S,,R,R,,,BV-BRC,,,,,BV-BRC,,BV-BRC,,,,,BV-BRC,,BV-BRC,BV-BRC,,BV-BRC,BV-BRC
ERR551418,,,,,,,,R,,R,,,,,,,,R,,R,R,,,,,,,,BV-BRC,,BV-BRC,,,,,,,,BV-BRC,,BV-BRC,BV-BRC
ERR551428,S,,R,,,S,,R,,R,,,,,S,S,S,R,,R,R,BV-BRC,,BV-BRC,,,BV-BRC,,BV-BRC,,BV-BRC,,,,,BV-BRC,BV-BRC,BV-BRC,BV-BRC,,BV-BRC,BV-BRC
ERR551429,R,,S,,,,,R,,R,,,,,,,,R,,R,R,BV-BRC,,BV-BRC,,,,,BV-BRC,,BV-BRC,,,,,,,,BV-BRC,,BV-BRC,BV-BRC
ERR551430,S,,S,,,S,,R,,R,,,,,S,S,S,R,,R,R,BV-BRC,,BV-BRC,,,BV-BRC,,BV-BRC,,BV-BRC,,,,,BV-BRC,BV-BRC,BV-BRC,BV-BRC,,BV-BRC,BV-BRC
ERR551431,S,,S,,,S,,S,,R,,,,,S,S,S,S,,R,R,BV-BRC,,BV-BRC,,,BV-BRC,,BV-BRC,,BV-BRC,,,,,BV-BRC,BV-BRC,BV-BRC,BV-BRC,,BV-BRC,BV-BRC
ERR551432,S,,S,,,,,S,,R,,,,,,,,S,,R,R,BV-BRC,,BV-BRC,,,,,BV-BRC,,BV-BRC,,,,,,,,BV-BRC,,BV-BRC,BV-BRC
ERR551436,S,,S,,,S,,S,,R,,,,,S,S,S,S,,R,R,BV-BRC,,BV-BRC,,,BV-BRC,,BV-BRC,,BV-BRC,,,,,BV-BRC,BV-BRC,BV-BRC,BV-BRC,,BV-BRC,BV-BRC
ERR551437,S,,S,,,,,S,,R,,,,,,,,S,,R,R,BV-BRC,,BV-BRC,,,,,BV-BRC,,BV-BRC,,,,,,,,BV-BRC,,BV-BRC,BV-BRC
ERR551460,S,,S,,,S,,R,,R,,,,,S,S,S,R,,R,R,BV-BRC,,BV-BRC,,,BV-BRC,,BV-BRC,,BV-BRC,,,,,BV-BRC,BV-BRC,BV-BRC,BV-BRC,,BV-BRC,BV-BRC
ERR551461,S,,S,,,,,R,,R,,,,,,,,R,,R,R,BV-BRC,,BV-BRC,,,,,BV-BRC,,BV-BRC,,,,,,,,BV-BRC,,BV-BRC,BV-BRC
ERR551462,,,,,,,,S,,R,,,,,,,,S,,S,R,,,,,,,,BV-BRC,,BV-BRC,,,,,,,,BV-BRC,,BV-BRC,BV-BRC
ERR551464,S,,S,,,S,,S,,R,,,,,S,S,S,R,,R,R,BV-BRC,,BV-BRC,,,BV-BRC,,BV-BRC,,BV-BRC,,,,,BV-BRC,BV-BRC,BV-BRC,BV-BRC,,BV-BRC,BV-BRC
ERR551465,S,,S,,,,,S,,R,,,,,,,,R,,R,R,BV-BRC,,BV-BRC,,,,,BV-BRC,,BV-BRC,,,,,,,,BV-BRC,,BV-BRC,BV-BRC
ERR551466,S,,S,,,S,,R,,R,,,,,S,S,S,S,,R,R,BV-BRC,,BV-BRC,,,BV-BRC,,BV-BRC,,BV-BRC,,,,,BV-BRC,BV-BRC,BV-BRC,BV-BRC,,BV-BRC,BV-BRC
ERR551467,S,,S,,,,,R,,R,,,,,,,,S,,R,R,BV-BRC,,BV-BRC,,,,,BV-BRC,,BV-BRC,,,,,,,,BV-BRC,,BV-BRC,BV-BRC
ERR551468,,,S,,,,,R,,R,,,,,S,,R,R,,R,R,,,BV-BRC,,,,,BV-BRC,,BV-BRC,,,,,BV-BRC,,BV-BRC,BV-BRC,,BV-BRC,BV-BRC
ERR551469,,,,,,,,R,,R,,,,,,,,S,,R,R,,,,,,,,BV-BRC,,BV-BRC,,,,,,,,BV-BRC,,BV-BRC,BV-BRC
ERR551477,R,,R,,,S,,,,R,,,,,S,S,S,R,,R,R,BV-BRC,,BV-BRC,,,BV-BRC,,,,BV-BRC,,,,,BV-BRC,BV-BRC,BV-BRC,BV-BRC,,BV-BRC,BV-BRC
ERR551478,R,,R,,,,,,,R,,,,,,,,R,,R,R,BV-BRC,,BV-BRC,,,,,,,BV-BRC,,,,,,,,BV-BRC,,BV-BRC,BV-BRC
ERR551494,,,,,,,,S,,R,,,,,,,S,R,,R,R,,,,,,,,BV-BRC,,BV-BRC,,,,,,,BV-BRC,BV-BRC,,BV-BRC,BV-BRC
ERR551495,,,,,,,,R,,R,,,,,,,S,S,,R,R,,,,,,,,BV-BRC,,BV-BRC,,,,,,,BV-BRC,BV-BRC,,BV-BRC,BV-BRC
ERR551496,,,,,,,,R,,R,,,,,,,,R,,R,R,,,,,,,,BV-BRC,,BV-BRC,,,,,,,,BV-BRC,,BV-BRC,BV-BRC
ERR551501,S,,S,,,,,S,,R,,,,,,,,S,,R,S,BV-BRC,,BV-BRC,,,,,BV-BRC,,BV-BRC,,,,,,,,BV-BRC,,BV-BRC,BV-BRC
ERR551509,S,,S,,,S,,R,,R,,,,,S,S,S,,,R,R,BV-BRC,,BV-BRC,,,BV-BRC,,BV-BRC,,BV-BRC,,,,,BV-BRC,BV-BRC,BV-BRC,,,BV-BRC,BV-BRC
ERR551510,S,,S,,,,,R,,R,,,,,,,,,,R,R,BV-BRC,,BV-BRC,,,,,BV-BRC,,BV-BRC,,,,,,,,,,BV-BRC,BV-BRC
ERR551513,,,,,,,,R,,R,,,,,,,,S,,R,R,,,,,,,,BV-BRC,,BV-BRC,,,,,,,,BV-BRC,,BV-BRC,BV-BRC
ERR551516,S,,S,,,,,S,,R,,,,,,,,S,,R,R,BV-BRC,,BV-BRC,,,,,BV-BRC,,BV-BRC,,,,,,,,BV-BRC,,BV-BRC,BV-BRC
ERR551527,S,,S,,,S,,S,,R,,,,,S,S,S,R,,R,R,BV-BRC,,BV-BRC,,,BV-BRC,,BV-BRC,,BV-BRC,,,,,BV-BRC,BV-BRC,BV-BRC,BV-BRC,,BV-BRC,BV-BRC
ERR551528,S,,S,,,,,S,,R,,,,,,,,R,,R,R,BV-BRC,,BV-BRC,,,,,BV-BRC,,BV-BRC,,,,,,,,BV-BRC,,BV-BRC,BV-BRC
ERR551533,,,,,,,,R,,R,,,,,,,,S,,S,R,,,,,,,,BV-BRC,,BV-BRC,,,,,,,,BV-BRC,,BV-BRC,BV-BRC
ERR551539,R,,R,,,S,,R,,R,,,,,S,S,S,R,,R,R,BV-BRC,,BV-BRC,,,BV-BRC,,BV-BRC,,BV-BRC,,,,,BV-BRC,BV-BRC,BV-BRC,BV-BRC,,BV-BRC,BV-BRC
ERR551540,R,,R,,,,,R,,R,,,,,,,,R,,R,R,BV-BRC,,BV-BRC,,,,,BV-BRC,,BV-BRC,,,,,,,,BV-BRC,,BV-BRC,BV-BRC
ERR551554,,,,,,,,R,,R,,,,,,,,,,R,R,,,,,,,,BV-BRC,,BV-BRC,,,,,,,,,,BV-BRC,BV-BRC
ERR551564,,,,,,,,S,,S,,,,,,,,S,,S,S,,,,,,,,BV-BRC,,BV-BRC,,,,,,,,BV-BRC,,BV-BRC,BV-BRC
ERR551569,,,,,,,,S,,R,,,,,,,,R,,S,R,,,,,,,,BV-BRC,,BV-BRC,,,,,,,,BV-BRC,,BV-BRC,BV-BRC
ERR551581,S,,S,,,S,,R,,R,,,,,S,S,S,R,,R,R,BV-BRC,,BV-BRC,,,BV-BRC,,BV-BRC,,BV-BRC,,,,,BV-BRC,BV-BRC,BV-BRC,BV-BRC,,BV-BRC,BV-BRC
ERR551582,S,,S,,,,,R,,R,,,,,,,,R,,R,R,BV-BRC,,BV-BRC,,,,,BV-BRC,,BV-BRC,,,,,,,,BV-BRC,,BV-BRC,BV-BRC
ERR551591,S,,S,,,S,,R,,R,,,,,S,S,R,R,,R,R,BV-BRC,,BV-BRC,,,BV-BRC,,BV-BRC,,BV-BRC,,,,,BV-BRC,BV-BRC,BV-BRC,BV-BRC,,BV-BRC,BV-BRC
ERR551592,S,,S,,,,,R,,R,,,,,,,,R,,R,R,BV-BRC,,BV-BRC,,,,,BV-BRC,,BV-BRC,,,,,,,,BV-BRC,,BV-BRC,BV-BRC
ERR551595,R,,R,,,S,,S,,R,,,,,S,S,R,S,,R,R,BV-BRC,,BV-BRC,,,BV-BRC,,BV-BRC,,BV-BRC,,,,,BV-BRC,BV-BRC,BV-BRC,BV-BRC,,BV-BRC,BV-BRC
ERR551596,R,,R,,,,,S,,R,,,,,,,,S,,R,R,BV-BRC,,BV-BRC,,,,,BV-BRC,,BV-BRC,,,,,,,,BV-BRC,,BV-BRC,BV-BRC
ERR551599,S,,S,,,S,,R,,R,,,,,S,S,S,S,,R,R,BV-BRC,,BV-BRC,,,BV-BRC,,BV-BRC,,BV-BRC,,,,,BV-BRC,BV-BRC,BV-BRC,BV-BRC,,BV-BRC,BV-BRC
ERR551600,S,,S,,,,,R,,R,,,,,,,,S,,R,R,BV-BRC,,BV-BRC,,,,,BV-BRC,,BV-BRC,,,,,,,,BV-BRC,,BV-BRC,BV-BRC
ERR551603,,,S,,,,,R,,R,,,,,S,,R,R,,R,R,,,BV-BRC,,,,,BV-BRC,,BV-BRC,,,,,BV-BRC,,BV-BRC,BV-BRC,,BV-BRC,BV-BRC
ERR551604,,,,,,,,R,,R,,,,,,,,S,,R,R,,,,,,,,BV-BRC,,BV-BRC,,,,,,,,BV-BRC,,BV-BRC,BV-BRC
ERR551607,,,,,,,,S,,S,,,,,,,,S,,S,S,,,,,,,,BV-BRC,,BV-BRC,,,,,,,,BV-BRC,,BV-BRC,BV-BRC
ERR551610,S,,S,,,S,,R,,R,,,,,S,R,S,R,,R,R,BV-BRC,,BV-BRC,,,BV-BRC,,BV-BRC,,BV-BRC,,,,,BV-BRC,BV-BRC,BV-BRC,BV-BRC,,BV-BRC,BV-BRC
ERR551611,S,,S,,,,,R,,R,,,,,,,,R,,R,R,BV-BRC,,BV-BRC,,,,,BV-BRC,,BV-BRC,,,,,,,,BV-BRC,,BV-BRC,BV-BRC
ERR551620,,,,,,,,R,,R,,,,,,,,R,,S,R,,,,,,,,BV-BRC,,BV-BRC,,,,,,,,BV-BRC,,BV-BRC,BV-BRC
ERR551623,R,,R,,,S,,R,,R,,,,,S,S,R,S,,R,R,BV-BRC,,BV-BRC,,,BV-BRC,,BV-BRC,,BV-BRC,,,,,BV-BRC,BV-BRC,BV-BRC,BV-BRC,,BV-BRC,BV-BRC
ERR551624,R,,R,,,,,R,,R,,,,,,,,S,,R,R,BV-BRC,,BV-BRC,,,,,BV-BRC,,BV-BRC,,,,,,,,BV-BRC,,BV-BRC,BV-BRC
ERR551627,,,,,,,,S,,S,,,,,,,,S,,S,S,,,,,,,,BV-BRC,,BV-BRC,,,,,,,,BV-BRC,,BV-BRC,BV-BRC
ERR551634,S,,S,,,S,,S,,R,,,,,S,S,S,S,,R,R,BV-BRC,,BV-BRC,,,BV-BRC,,BV-BRC,,BV-BRC,,,,,BV-BRC,BV-BRC,BV-BRC,BV-BRC,,BV-BRC,BV-BRC
ERR551635,S,,S,,,,,S,,R,,,,,,,,S,,R,R,BV-BRC,,BV-BRC,,,,,BV-BRC,,BV-BRC,,,,,,,,BV-BRC,,BV-BRC,BV-BRC
ERR551643,R,,R,,,,,S,,R,,,,,,,,S,,R,R,BV-BRC,,BV-BRC,,,,,BV-BRC,,BV-BRC,,,,,,,,BV-BRC,,BV-BRC,BV-BRC
ERR551644,S,,S,,,S,,S,,R,,,,,S,S,S,R,,R,R,BV-BRC,,BV-BRC,,,BV-BRC,,BV-BRC,,BV-BRC,,,,,BV-BRC,BV-BRC,BV-BRC,BV-BRC,,BV-BRC,BV-BRC
ERR551645,S,,S,,,,,S,,R,,,,,,,,R,,R,R,BV-BRC,,BV-BRC,,,,,BV-BRC,,BV-BRC,,,,,,,,BV-BRC,,BV-BRC,BV-BRC
ERR551649,R,,R,,,,,S,,R,,,,,,,,S,,R,R,BV-BRC,,BV-BRC,,,,,BV-BRC,,BV-BRC,,,,,,,,BV-BRC,,BV-BRC,BV-BRC
ERR551659,S,,S,,,S,,S,,R,,,,,S,S,S,R,,R,R,BV-BRC,,BV-BRC,,,BV-BRC,,BV-BRC,,BV-BRC,,,,,BV-BRC,BV-BRC,BV-BRC,BV-BRC,,BV-BRC,BV-BRC
ERR551660,S,,S,,,,,S,,R,,,,,,,,R,,R,R,BV-BRC,,BV-BRC,,,,,BV-BRC,,BV-BRC,,,,,,,,BV-BRC,,BV-BRC,BV-BRC
ERR551663,,,,,,,,S,,R,,,,,,,,S,,S,S,,,,,,,,BV-BRC,,BV-BRC,,,,,,,,BV-BRC,,BV-BRC,BV-BRC
ERR551667,S,,S,,,S,,S,,R,,,,,S,S,S,S,,R,R,BV-BRC,,BV-BRC,,,BV-BRC,,BV-BRC,,BV-BRC,,,,,BV-BRC,BV-BRC,BV-BRC,BV-BRC,,BV-BRC,BV-BRC
ERR551668,S,,S,,,,,S,,R,,,,,,,,S,,R,R,BV-BRC,,BV-BRC,,,,,BV-BRC,,BV-BRC,,,,,,,,BV-BRC,,BV-BRC,BV-BRC
ERR551670,,,,,,,,S,,R,,,,,,,,S,,S,S,,,,,,,,BV-BRC,,BV-BRC,,,,,,,,BV-BRC,,BV-BRC,BV-BRC
ERR551697,R,,R,,,S,,R,,R,,,,,S,S,R,R,,R,R,BV-BRC,,BV-BRC,,,BV-BRC,,BV-BRC,,BV-BRC,,,,,BV-BRC,BV-BRC,BV-BRC,BV-BRC,,BV-BRC,BV-BRC
ERR551698,R,,R,,,,,R,,R,,,,,,,,R,,R,R,BV-BRC,,BV-BRC,,,,,BV-BRC,,BV-BRC,,,,,,,,BV-BRC,,BV-BRC,BV-BRC
ERR551701,S,,S,,,S,,R,,R,,,,,S,S,S,R,,R,R,BV-BRC,,BV-BRC,,,BV-BRC,,BV-BRC,,BV-BRC,,,,,BV-BRC,BV-BRC,BV-BRC,BV-BRC,,BV-BRC,BV-BRC
ERR551707,,,S,,,,,R,,R,,,,,S,,R,S,,R,R,,,BV-BRC,,,,,BV-BRC,,BV-BRC,,,,,BV-BRC,,BV-BRC,BV-BRC,,BV-BRC,BV-BRC
ERR551708,,,,,,,,R,,R,,,,,,,,S,,R,R,,,,,,,,BV-BRC,,BV-BRC,,,,,,,,BV-BRC,,BV-BRC,BV-BRC
ERR551714,,,,,,,,S,,R,,,,,,,,S,,S,S,,,,,,,,BV-BRC,,BV-BRC,,,,,,,,BV-BRC,,BV-BRC,BV-BRC
ERR551715,,,,,,,,S,,S,,,,,,,,S,,S,S,,,,,,,,BV-BRC,,BV-BRC,,,,,,,,BV-BRC,,BV-BRC,BV-BRC
ERR551726,R,,R,,,S,,R,,R,,,,,S,S,R,S,,R,R,BV-BRC,,BV-BRC,,,BV-BRC,,BV-BRC,,BV-BRC,,,,,BV-BRC,BV-BRC,BV-BRC,BV-BRC,,BV-BRC,BV-BRC
ERR551727,R,,R,,,,,R,,R,,,,,,,,S,,R,R,BV-BRC,,BV-BRC,,,,,BV-BRC,,BV-BRC,,,,,,,,BV-BRC,,BV-BRC,BV-BRC
ERR551730,S,,S,,,S,,S,,R,,,,,S,S,S,S,,R,R,BV-BRC,,BV-BRC,,,BV-BRC,,BV-BRC,,BV-BRC,,,,,BV-BRC,BV-BRC,BV-BRC,BV-BRC,,BV-BRC,BV-BRC
ERR551731,S,,S,,,,,S,,R,,,,,,,,S,,R,R,BV-BRC,,BV-BRC,,,,,BV-BRC,,BV-BRC,,,,,,,,BV-BRC,,BV-BRC,BV-BRC
ERR551732,,,,,,,,S,,S,,,,,,,,S,,S,S,,,,,,,,BV-BRC,,BV-BRC,,,,,,,,BV-BRC,,BV-BRC,BV-BRC
ERR551735,S,,S,,,S,,R,,R,,,,,S,S,S,R,,R,R,BV-BRC,,BV-BRC,,,BV-BRC,,BV-BRC,,BV-BRC,,,,,BV-BRC,BV-BRC,BV-BRC,BV-BRC,,BV-BRC,BV-BRC
ERR551736,S,,S,,,,,R,,R,,,,,,,,R,,R,R,BV-BRC,,BV-BRC,,,,,BV-BRC,,BV-BRC,,,,,,,,BV-BRC,,BV-BRC,BV-BRC
ERR551737,S,,S,,,S,,R,,R,,,,,S,S,S,R,,R,R,BV-BRC,,BV-BRC,,,BV-BRC,,BV-BRC,,BV-BRC,,,,,BV-BRC,BV-BRC,BV-BRC,BV-BRC,,BV-BRC,BV-BRC
ERR551738,S,,S,,,,,R,,R,,,,,,,,R,,R,R,BV-BRC,,BV-BRC,,,,,BV-BRC,,BV-BRC,,,,,,,,BV-BRC,,BV-BRC,BV-BRC
ERR551742,,,,,,,,S,,S,,,,,,,,S,,S,S,,,,,,,,BV-BRC,,BV-BRC,,,,,,,,BV-BRC,,BV-BRC,BV-BRC
ERR551745,S,,S,,,,,S,,R,,,,,,,,S,,R,R,BV-BRC,,BV-BRC,,,,,BV-BRC,,BV-BRC,,,,,,,,BV-BRC,,BV-BRC,BV-BRC
ERR551750,,,,,,,,S,,R,,,,,,,,S,,R,R,,,,,,,,BV-BRC,,BV-BRC,,,,,,,,BV-BRC,,BV-BRC,BV-BRC
ERR551767,S,,S,,,S,,R,,R,,,,,S,S,S,R,,R,R,BV-BRC,,BV-BRC,,,BV-BRC,,BV-BRC,,BV-BRC,,,,,BV-BRC,BV-BRC,BV-BRC,BV-BRC,,BV-BRC,BV-BRC
ERR551768,S,,S,,,,,R,,R,,,,,,,,R,,R,R,BV-BRC,,BV-BRC,,,,,BV-BRC,,BV-BRC,,,,,,,,BV-BRC,,BV-BRC,BV-BRC
ERR551771,S,,S,,,,,S,,R,,,,,,,,S,,R,R,BV-BRC,,BV-BRC,,,,,BV-BRC,,BV-BRC,,,,,,,,BV-BRC,,BV-BRC,BV-BRC
ERR551777,,,,,,,,R,,R,,,,,,,,R,,R,R,,,,,,,,BV-BRC,,BV-BRC,,,,,,,,BV-BRC,,BV-BRC,BV-BRC
ERR551780,S,,S,,,S,,R,,R,,,,,S,S,S,R,,R,R,BV-BRC,,BV-BRC,,,BV-BRC,,BV-BRC,,BV-BRC,,,,,BV-BRC,BV-BRC,BV-BRC,BV-BRC,,BV-BRC,BV-BRC
ERR551781,S,,S,,,,,R,,R,,,,,,,,R,,R,R,BV-BRC,,BV-BRC,,,,,BV-BRC,,BV-BRC,,,,,,,,BV-BRC,,BV-BRC,BV-BRC
ERR551783,,,,,,,,S,,S,,,,,,,,S,,S,S,,,,,,,,BV-BRC,,BV-BRC,,,,,,,,BV-BRC,,BV-BRC,BV-BRC
ERR551787,,,,,,,,S,,R,,,,,,,,S,,S,R,,,,,,,,BV-BRC,,BV-BRC,,,,,,,,BV-BRC,,BV-BRC,BV-BRC
ERR551795,S,,S,,,,,R,,R,,,,,,,,S,,R,R,BV-BRC,,BV-BRC,,,,,BV-BRC,,BV-BRC,,,,,,,,BV-BRC,,BV-BRC,BV-BRC
ERR551796,,,,,,,,S,,S,,,,,,,,S,,S,S,,,,,,,,BV-BRC,,BV-BRC,,,,,,,,BV-BRC,,BV-BRC,BV-BRC
ERR551798,S,,S,,,,,S,,R,,,,,,,,S,,R,R,BV-BRC,,BV-BRC,,,,,BV-BRC,,BV-BRC,,,,,,,,BV-BRC,,BV-BRC,BV-BRC
ERR551811,,,,,,,,R,,R,,,,,,,,R,,R,R,,,,,,,,BV-BRC,,BV-BRC,,,,,,,,BV-BRC,,BV-BRC,BV-BRC
ERR551813,,,,,,,,S,,R,,,,,,,,S,,S,R,,,,,,,,BV-BRC,,BV-BRC,,,,,,,,BV-BRC,,BV-BRC,BV-BRC
ERR551815,R,,R,,,S,,S,,R,,,,,S,S,S,S,,R,R,BV-BRC,,BV-BRC,,,BV-BRC,,BV-BRC,,BV-BRC,,,,,BV-BRC,BV-BRC,BV-BRC,BV-BRC,,BV-BRC,BV-BRC
ERR551816,R,,R,,,,,S,,R,,,,,,,,S,,R,R,BV-BRC,,BV-BRC,,,,,BV-BRC,,BV-BRC,,,,,,,,BV-BRC,,BV-BRC,BV-BRC
ERR551821,S,,S,,,S,,R,,R,,,,,S,S,S,S,,R,R,BV-BRC,,BV-BRC,,,BV-BRC,,BV-BRC,,BV-BRC,,,,,BV-BRC,BV-BRC,BV-BRC,BV-BRC,,BV-BRC,BV-BRC
ERR551825,,,,,,,,S,,R,,,,,,,,R,,S,S,,,,,,,,BV-BRC,,BV-BRC,,,,,,,,BV-BRC,,BV-BRC,BV-BRC
ERR551826,S,,S,,,S,,S,,R,,,,,S,S,S,R,,R,R,BV-BRC,,BV-BRC,,,BV-BRC,,BV-BRC,,BV-BRC,,,,,BV-BRC,BV-BRC,BV-BRC,BV-BRC,,BV-BRC,BV-BRC
ERR551827,S,,S,,,,,S,,R,,,,,,,,R,,R,R,BV-BRC,,BV-BRC,,,,,BV-BRC,,BV-BRC,,,,,,,,BV-BRC,,BV-BRC,BV-BRC
ERR551828,,,S,,,,,S,,R,,,,,S,,R,S,,R,R,,,BV-BRC,,,,,BV-BRC,,BV-BRC,,,,,BV-BRC,,BV-BRC,BV-BRC,,BV-BRC,BV-BRC
ERR551829,,,,,,,,S,,R,,,,,,,,S,,R,R,,,,,,,,BV-BRC,,BV-BRC,,,,,,,,BV-BRC,,BV-BRC,BV-BRC
ERR551844,S,,S,,,S,,R,,R,,,,,S,S,S,S,,R,R,BV-BRC,,BV-BRC,,,BV-BRC,,BV-BRC,,BV-BRC,,,,,BV-BRC,BV-BRC,BV-BRC,BV-BRC,,BV-BRC,BV-BRC
ERR551845,S,,S,,,,,R,,R,,,,,,,,S,,R,R,BV-BRC,,BV-BRC,,,,,BV-BRC,,BV-BRC,,,,,,,,BV-BRC,,BV-BRC,BV-BRC
ERR551860,,,,,,,,S,,R,,,,,,,,S,,S,R,,,,,,,,BV-BRC,,BV-BRC,,,,,,,,BV-BRC,,BV-BRC,BV-BRC
ERR551861,S,,S,,,S,,S,,R,,,,,R,S,S,R,,R,R,BV-BRC,,BV-BRC,,,BV-BRC,,BV-BRC,,BV-BRC,,,,,BV-BRC,BV-BRC,BV-BRC,BV-BRC,,BV-BRC,BV-BRC
ERR551862,S,,S,,,,,S,,R,,,,,,,,R,,R,R,BV-BRC,,BV-BRC,,,,,BV-BRC,,BV-BRC,,,,,,,,BV-BRC,,BV-BRC,BV-BRC
ERR551876,,,,,,,,S,,S,,,,,,,,S,,S,S,,,,,,,,BV-BRC,,BV-BRC,,,,,,,,BV-BRC,,BV-BRC,BV-BRC
ERR551877,S,,S,,,S,,R,,R,,,,,S,S,S,S,,R,R,BV-BRC,,BV-BRC,,,BV-BRC,,BV-BRC,,BV-BRC,,,,,BV-BRC,BV-BRC,BV-BRC,BV-BRC,,BV-BRC,BV-BRC
ERR551878,S,,S,,,,,R,,R,,,,,,,,S,,R,R,BV-BRC,,BV-BRC,,,,,BV-BRC,,BV-BRC,,,,,,,,BV-BRC,,BV-BRC,BV-BRC
ERR551887,R,,R,,,S,,R,,R,,,,,S,S,S,R,,R,R,BV-BRC,,BV-BRC,,,BV-BRC,,BV-BRC,,BV-BRC,,,,,BV-BRC,BV-BRC,BV-BRC,BV-BRC,,BV-BRC,BV-BRC
ERR551888,R,,R,,,,,R,,R,,,,,,,,R,,R,R,BV-BRC,,BV-BRC,,,,,BV-BRC,,BV-BRC,,,,,,,,BV-BRC,,BV-BRC,BV-BRC
ERR551894,S,,S,,,S,,S,,R,,,,,S,S,S,R,,R,R,BV-BRC,,BV-BRC,,,BV-BRC,,BV-BRC,,BV-BRC,,,,,BV-BRC,BV-BRC,BV-BRC,BV-BRC,,BV-BRC,BV-BRC
ERR551895,S,,S,,,,,S,,R,,,,,,,,R,,R,R,BV-BRC,,BV-BRC,,,,,BV-BRC,,BV-BRC,,,,,,,,BV-BRC,,BV-BRC,BV-BRC
ERR551900,,,,,,,,S,,S,,,,,,,,S,,S,S,,,,,,,,BV-BRC,,BV-BRC,,,,,,,,BV-BRC,,BV-BRC,BV-BRC
ERR551910,S,,S,,,,,S,,R,,,,,,,,R,,R,R,BV-BRC,,BV-BRC,,,,,BV-BRC,,BV-BRC,,,,,,,,BV-BRC,,BV-BRC,BV-BRC
ERR551917,,,,,,,,S,,S,,,,,,,,R,,S,S,,,,,,,,BV-BRC,,BV-BRC,,,,,,,,BV-BRC,,BV-BRC,BV-BRC
ERR551918,R,,R,,,S,,R,,R,,,,,S,S,S,R,,R,R,BV-BRC,,BV-BRC,,,BV-BRC,,BV-BRC,,BV-BRC,,,,,BV-BRC,BV-BRC,BV-BRC,BV-BRC,,BV-BRC,BV-BRC
ERR551919,R,,R,,,,,R,,R,,,,,,,,R,,R,R,BV-BRC,,BV-BRC,,,,,BV-BRC,,BV-BRC,,,,,,,,BV-BRC,,BV-BRC,BV-BRC
ERR551922,R,,R,,,S,,R,,R,,,,,S,S,R,R,,R,R,BV-BRC,,BV-BRC,,,BV-BRC,,BV-BRC,,BV-BRC,,,,,BV-BRC,BV-BRC,BV-BRC,BV-BRC,,BV-BRC,BV-BRC
ERR551923,R,,R,,,,,R,,R,,,,,,,,R,,R,R,BV-BRC,,BV-BRC,,,,,BV-BRC,,BV-BRC,,,,,,,,BV-BRC,,BV-BRC,BV-BRC
ERR551924,,,,,,,,S,,S,,,,,,,,S,,S,R,,,,,,,,BV-BRC,,BV-BRC,,,,,,,,BV-BRC,,BV-BRC,BV-BRC
ERR551925,S,,S,,,S,,S,,R,,,,,S,S,S,S,,R,R,BV-BRC,,BV-BRC,,,BV-BRC,,BV-BRC,,BV-BRC,,,,,BV-BRC,BV-BRC,BV-BRC,BV-BRC,,BV-BRC,BV-BRC
ERR551926,S,,S,,,,,S,,R,,,,,,,,S,,R,R,BV-BRC,,BV-BRC,,,,,BV-BRC,,BV-BRC,,,,,,,,BV-BRC,,BV-BRC,BV-BRC
ERR551946,S,,S,,,S,,R,,R,,,,,S,S,S,S,,R,R,BV-BRC,,BV-BRC,,,BV-BRC,,BV-BRC,,BV-BRC,,,,,BV-BRC,BV-BRC,BV-BRC,BV-BRC,,BV-BRC,BV-BRC
ERR551947,S,,S,,,,,R,,R,,,,,,,,S,,R,R,BV-BRC,,BV-BRC,,,,,BV-BRC,,BV-BRC,,,,,,,,BV-BRC,,BV-BRC,BV-BRC
ERR551948,S,,S,,,S,,R,,R,,,,,S,S,S,S,,R,R,BV-BRC,,BV-BRC,,,BV-BRC,,BV-BRC,,BV-BRC,,,,,BV-BRC,BV-BRC,BV-BRC,BV-BRC,,BV-BRC,BV-BRC
ERR551949,S,,S,,,,,R,,R,,,,,,,,S,,R,R,BV-BRC,,BV-BRC,,,,,BV-BRC,,BV-BRC,,,,,,,,BV-BRC,,BV-BRC,BV-BRC
ERR551951,S,,S,,,S,,S,,R,,,,,S,S,S,S,,R,R,BV-BRC,,BV-BRC,,,BV-BRC,,BV-BRC,,BV-BRC,,,,,BV-BRC,BV-BRC,BV-BRC,BV-BRC,,BV-BRC,BV-BRC
ERR551952,S,,S,,,,,S,,R,,,,,,,,S,,R,R,BV-BRC,,BV-BRC,,,,,BV-BRC,,BV-BRC,,,,,,,,BV-BRC,,BV-BRC,BV-BRC
ERR551957,,,,,,,,R,,R,,,,R,,,,R,,R,R,,,,,,,,BV-BRC,,BV-BRC,,,,BV-BRC,,,,BV-BRC,,BV-BRC,BV-BRC
ERR551959,S,,S,,,S,,S,,R,,,,,S,S,S,S,,R,R,BV-BRC,,BV-BRC,,,BV-BRC,,BV-BRC,,BV-BRC,,,,,BV-BRC,BV-BRC,BV-BRC,BV-BRC,,BV-BRC,BV-BRC
ERR551960,S,,S,,,,,S,,R,,,,,,,,S,,R,R,BV-BRC,,BV-BRC,,,,,BV-BRC,,BV-BRC,,,,,,,,BV-BRC,,BV-BRC,BV-BRC
ERR551962,,,,,,,,S,,R,,,,,,,,S,,S,R,,,,,,,,BV-BRC,,BV-BRC,,,,,,,,BV-BRC,,BV-BRC,BV-BRC
ERR551964,,,,,,,,S,,S,,,,,,,,S,,S,S,,,,,,,,BV-BRC,,BV-BRC,,,,,,,,BV-BRC,,BV-BRC,BV-BRC
ERR551973,S,,S,,,S,,R,,R,,,,,S,S,S,R,,R,R,BV-BRC,,BV-BRC,,,BV-BRC,,BV-BRC,,BV-BRC,,,,,BV-BRC,BV-BRC,BV-BRC,BV-BRC,,BV-BRC,BV-BRC
ERR551974,S,,S,,,,,R,,R,,,,,,,,R,,R,R,BV-BRC,,BV-BRC,,,,,BV-BRC,,BV-BRC,,,,,,,,BV-BRC,,BV-BRC,BV-BRC
ERR551984,,,S,,,,,S,,R,,,,,S,,R,S,,R,R,,,BV-BRC,,,,,BV-BRC,,BV-BRC,,,,,BV-BRC,,BV-BRC,BV-BRC,,BV-BRC,BV-BRC
ERR551985,,,,,,,,S,,R,,,,,,,,S,,R,R,,,,,,,,BV-BRC,,BV-BRC,,,,,,,,BV-BRC,,BV-BRC,BV-BRC
ERR551986,S,,R,,,S,,R,,R,,,,,S,S,S,S,,R,R,BV-BRC,,BV-BRC,,,BV-BRC,,BV-BRC,,BV-BRC,,,,,BV-BRC,BV-BRC,BV-BRC,BV-BRC,,BV-BRC,BV-BRC
ERR551987,R,,S,,,,,R,,R,,,,,,,,S,,R,R,BV-BRC,,BV-BRC,,,,,BV-BRC,,BV-BRC,,,,,,,,BV-BRC,,BV-BRC,BV-BRC
ERR551996,R,,R,,,,,R,,R,,,,,,,,R,,R,R,BV-BRC,,BV-BRC,,,,,BV-BRC,,BV-BRC,,,,,,,,BV-BRC,,BV-BRC,BV-BRC
ERR551998,,,,,,,,S,,S,,,,,,,,S,,S,R,,,,,,,,BV-BRC,,BV-BRC,,,,,,,,BV-BRC,,BV-BRC,BV-BRC
ERR552007,S,,S,,,S,,R,,R,,,,,S,S,S,R,,R,R,BV-BRC,,BV-BRC,,,BV-BRC,,BV-BRC,,BV-BRC,,,,,BV-BRC,BV-BRC,BV-BRC,BV-BRC,,BV-BRC,BV-BRC
ERR552008,S,,S,,,,,R,,R,,,,,,,,R,,R,R,BV-BRC,,BV-BRC,,,,,BV-BRC,,BV-BRC,,,,,,,,BV-BRC,,BV-BRC,BV-BRC
ERR552011,S,,S,,,S,,R,,R,,,,,S,S,S,R,,R,R,BV-BRC,,BV-BRC,,,BV-BRC,,BV-BRC,,BV-BRC,,,,,BV-BRC,BV-BRC,BV-BRC,BV-BRC,,BV-BRC,BV-BRC
ERR552012,S,,S,,,,,R,,R,,,,,,,,R,,R,R,BV-BRC,,BV-BRC,,,,,BV-BRC,,BV-BRC,,,,,,,,BV-BRC,,BV-BRC,BV-BRC
ERR552020,,,,,,,,S,,R,,,,,,,,S,,S,S,,,,,,,,BV-BRC,,BV-BRC,,,,,,,,BV-BRC,,BV-BRC,BV-BRC
ERR552027,,,,,,,,S,,S,,,,,,,,S,,S,S,,,,,,,,BV-BRC,,BV-BRC,,,,,,,,BV-BRC,,BV-BRC,BV-BRC
ERR552030,,,,,,,,S,,R,,,,,,,,S,,S,S,,,,,,,,BV-BRC,,BV-BRC,,,,,,,,BV-BRC,,BV-BRC,BV-BRC
ERR552032,S,,S,,,S,,S,,R,,,,,S,S,S,S,,R,R,BV-BRC,,BV-BRC,,,BV-BRC,,BV-BRC,,BV-BRC,,,,,BV-BRC,BV-BRC,BV-BRC,BV-BRC,,BV-BRC,BV-BRC
ERR552033,S,,S,,,,,S,,R,,,,,,,,S,,R,R,BV-BRC,,BV-BRC,,,,,BV-BRC,,BV-BRC,,,,,,,,BV-BRC,,BV-BRC,BV-BRC
ERR552041,,,S,,,,,R,,R,,,,,S,,R,S,,R,R,,,BV-BRC,,,,,BV-BRC,,BV-BRC,,,,,BV-BRC,,BV-BRC,BV-BRC,,BV-BRC,BV-BRC
ERR552042,,,,,,,,R,,R,,,,,,,,S,,R,R,,,,,,,,BV-BRC,,BV-BRC,,,,,,,,BV-BRC,,BV-BRC,BV-BRC
ERR552050,,,,,,,,S,,S,,,,,,,,R,,S,S,,,,,,,,BV-BRC,,BV-BRC,,,,,,,,BV-BRC,,BV-BRC,BV-BRC
ERR552064,S,,R,,,S,,R,,R,,,,,S,S,R,S,,R,R,BV-BRC,,BV-BRC,,,BV-BRC,,BV-BRC,,BV-BRC,,,,,BV-BRC,BV-BRC,BV-BRC,BV-BRC,,BV-BRC,BV-BRC
ERR552065,R,,S,,,,,R,,R,,,,,,,,S,,R,R,BV-BRC,,BV-BRC,,,,,BV-BRC,,BV-BRC,,,,,,,,BV-BRC,,BV-BRC,BV-BRC
ERR552066,,,,,,,,S,,S,,,,,,,,S,,S,S,,,,,,,,BV-BRC,,BV-BRC,,,,,,,,BV-BRC,,BV-BRC,BV-BRC
ERR552067,S,,S,,,S,,S,,R,,,,,S,S,S,S,,R,R,BV-BRC,,BV-BRC,,,BV-BRC,,BV-BRC,,BV-BRC,,,,,BV-BRC,BV-BRC,BV-BRC,BV-BRC,,BV-BRC,BV-BRC
ERR552068,S,,S,,,,,S,,R,,,,,,,,S,,R,R,BV-BRC,,BV-BRC,,,,,BV-BRC,,BV-BRC,,,,,,,,BV-BRC,,BV-BRC,BV-BRC
ERR552079,S,,S,,,S,,S,,R,,,,,S,,S,S,,R,R,BV-BRC,,BV-BRC,,,BV-BRC,,BV-BRC,,BV-BRC,,,,,BV-BRC,,BV-BRC,BV-BRC,,BV-BRC,BV-BRC
ERR552080,S,,S,,,,,S,,R,,,,,,,,S,,R,R,BV-BRC,,BV-BRC,,,,,BV-BRC,,BV-BRC,,,,,,,,BV-BRC,,BV-BRC,BV-BRC
ERR552090,,,,,,,,S,,R,,,,,,,,S,,R,R,,,,,,,,BV-BRC,,BV-BRC,,,,,,,,BV-BRC,,BV-BRC,BV-BRC
ERR552098,S,,S,,,S,,R,,R,,,,,S,S,S,R,,R,R,BV-BRC,,BV-BRC,,,BV-BRC,,BV-BRC,,BV-BRC,,,,,BV-BRC,BV-BRC,BV-BRC,BV-BRC,,BV-BRC,BV-BRC
ERR552099,S,,S,,,,,R,,R,,,,,,,,R,,R,R,BV-BRC,,BV-BRC,,,,,BV-BRC,,BV-BRC,,,,,,,,BV-BRC,,BV-BRC,BV-BRC
ERR552101,,,S,,,,,R,,R,,,,,S,,R,S,,R,R,,,BV-BRC,,,,,BV-BRC,,BV-BRC,,,,,BV-BRC,,BV-BRC,BV-BRC,,BV-BRC,BV-BRC
ERR552102,,,,,,,,R,,R,,,,,,,,S,,R,R,,,,,,,,BV-BRC,,BV-BRC,,,,,,,,BV-BRC,,BV-BRC,BV-BRC
ERR552103,S,,S,,,S,,R,,R,,,,,S,S,S,R,,R,R,BV-BRC,,BV-BRC,,,BV-BRC,,BV-BRC,,BV-BRC,,,,,BV-BRC,BV-BRC,BV-BRC,BV-BRC,,BV-BRC,BV-BRC
ERR552104,S,,S,,,,,R,,R,,,,,,,,R,,R,R,BV-BRC,,BV-BRC,,,,,BV-BRC,,BV-BRC,,,,,,,,BV-BRC,,BV-BRC,BV-BRC
ERR552105,S,,S,,,S,,S,,R,,,,,S,S,S,R,,R,R,BV-BRC,,BV-BRC,,,BV-BRC,,BV-BRC,,BV-BRC,,,,,BV-BRC,BV-BRC,BV-BRC,BV-BRC,,BV-BRC,BV-BRC
ERR552106,S,,S,,,,,S,,R,,,,,,,,R,,R,R,BV-BRC,,BV-BRC,,,,,BV-BRC,,BV-BRC,,,,,,,,BV-BRC,,BV-BRC,BV-BRC
ERR552111,,,S,,,,,R,,R,,,,,S,,R,S,,R,R,,,BV-BRC,,,,,BV-BRC,,BV-BRC,,,,,BV-BRC,,BV-BRC,BV-BRC,,BV-BRC,BV-BRC
ERR552112,,,,,,,,R,,R,,,,,,,,S,,R,R,,,,,,,,BV-BRC,,BV-BRC,,,,,,,,BV-BRC,,BV-BRC,BV-BRC
ERR552113,,,S,,,,,R,,R,,,,,S,,S,,,R,R,,,BV-BRC,,,,,BV-BRC,,BV-BRC,,,,,BV-BRC,,BV-BRC,,,BV-BRC,BV-BRC
ERR552114,,,,,,,,S,,S,,,,,,,,S,,S,S,,,,,,,,BV-BRC,,BV-BRC,,,,,,,,BV-BRC,,BV-BRC,BV-BRC
ERR552122,S,,S,,,S,,S,,R,,,,,S,S,S,S,,R,S,BV-BRC,,BV-BRC,,,BV-BRC,,BV-BRC,,BV-BRC,,,,,BV-BRC,BV-BRC,BV-BRC,BV-BRC,,BV-BRC,BV-BRC
ERR552123,S,,S,,,,,S,,R,,,,,,,,S,,R,S,BV-BRC,,BV-BRC,,,,,BV-BRC,,BV-BRC,,,,,,,,BV-BRC,,BV-BRC,BV-BRC
ERR552132,,,,,,,,S,,S,,,,,,,,S,,S,R,,,,,,,,BV-BRC,,BV-BRC,,,,,,,,BV-BRC,,BV-BRC,BV-BRC
ERR552136,,,,,,,,R,,R,,,,,,S,R,R,,R,R,,,,,,,,BV-BRC,,BV-BRC,,,,,,BV-BRC,BV-BRC,BV-BRC,,BV-BRC,BV-BRC
ERR552141,,,,,,,,R,,R,,,,,,S,S,R,,R,,,,,,,,,BV-BRC,,BV-BRC,,,,,,BV-BRC,BV-BRC,BV-BRC,,BV-BRC,
ERR552144,S,,S,,,,,R,,R,,,,,,,,R,,R,R,BV-BRC,,BV-BRC,,,,,BV-BRC,,BV-BRC,,,,,,,,BV-BRC,,BV-BRC,BV-BRC
ERR552145,,,,,,,,S,,S,,,,,,,,R,,S,S,,,,,,,,BV-BRC,,BV-BRC,,,,,,,,BV-BRC,,BV-BRC,BV-BRC
ERR552147,S,,S,,,S,,R,,R,,,,,S,S,S,R,,R,R,BV-BRC,,BV-BRC,,,BV-BRC,,BV-BRC,,BV-BRC,,,,,BV-BRC,BV-BRC,BV-BRC,BV-BRC,,BV-BRC,BV-BRC
ERR552148,S,,S,,,,,R,,R,,,,,,,,R,,R,R,BV-BRC,,BV-BRC,,,,,BV-BRC,,BV-BRC,,,,,,,,BV-BRC,,BV-BRC,BV-BRC
ERR552153,,,,,,,,S,,S,,,,,,,,S,,S,S,,,,,,,,BV-BRC,,BV-BRC,,,,,,,,BV-BRC,,BV-BRC,BV-BRC
ERR552164,S,,R,,,S,,S,,R,,,,,R,S,S,R,,R,R,BV-BRC,,BV-BRC,,,BV-BRC,,BV-BRC,,BV-BRC,,,,,BV-BRC,BV-BRC,BV-BRC,BV-BRC,,BV-BRC,BV-BRC
ERR552165,R,,S,,,,,S,,R,,,,,,,,R,,R,R,BV-BRC,,BV-BRC,,,,,BV-BRC,,BV-BRC,,,,,,,,BV-BRC,,BV-BRC,BV-BRC
ERR552177,,,,,,,,S,,R,,,,,,,,S,,S,S,,,,,,,,BV-BRC,,BV-BRC,,,,,,,,BV-BRC,,BV-BRC,BV-BRC
ERR552194,S,,S,,,S,,R,,R,,,,,S,S,R,R,,R,R,BV-BRC,,BV-BRC,,,BV-BRC,,BV-BRC,,BV-BRC,,,,,BV-BRC,BV-BRC,BV-BRC,BV-BRC,,BV-BRC,BV-BRC
ERR552200,S,,S,,,,,S,,R,,,,,,,,R,,R,R,BV-BRC,,BV-BRC,,,,,BV-BRC,,BV-BRC,,,,,,,,BV-BRC,,BV-BRC,BV-BRC
ERR552217,S,,S,,,,,R,,R,,,,,,,,R,,R,R,BV-BRC,,BV-BRC,,,,,BV-BRC,,BV-BRC,,,,,,,,BV-BRC,,BV-BRC,BV-BRC
ERR552219,,,,,,,,,,R,,,,,,,,,,R,R,,,,,,,,,,BV-BRC,,,,,,,,,,BV-BRC,BV-BRC
ERR552225,R,,R,,,S,,S,,R,,,,,S,S,S,R,,R,R,BV-BRC,,BV-BRC,,,BV-BRC,,BV-BRC,,BV-BRC,,,,,BV-BRC,BV-BRC,BV-BRC,BV-BRC,,BV-BRC,BV-BRC
ERR552226,R,,R,,,,,S,,R,,,,,,,,R,,R,R,BV-BRC,,BV-BRC,,,,,BV-BRC,,BV-BRC,,,,,,,,BV-BRC,,BV-BRC,BV-BRC
ERR552240,,,,,,,,R,,R,,,,,,,,R,,R,R,,,,,,,,BV-BRC,,BV-BRC,,,,,,,,BV-BRC,,BV-BRC,BV-BRC
ERR552244,S,,S,,,S,,R,,R,,,,,S,S,S,R,,R,R,BV-BRC,,BV-BRC,,,BV-BRC,,BV-BRC,,BV-BRC,,,,,BV-BRC,BV-BRC,BV-BRC,BV-BRC,,BV-BRC,BV-BRC
ERR552245,S,,S,,,,,R,,R,,,,,,,,R,,R,R,BV-BRC,,BV-BRC,,,,,BV-BRC,,BV-BRC,,,,,,,,BV-BRC,,BV-BRC,BV-BRC
ERR552249,,,,,,,,S,,S,,,,,,,,S,,S,S,,,,,,,,BV-BRC,,BV-BRC,,,,,,,,BV-BRC,,BV-BRC,BV-BRC
ERR552257,S,,S,,,S,,R,,R,,,,,S,S,S,R,,R,R,BV-BRC,,BV-BRC,,,BV-BRC,,BV-BRC,,BV-BRC,,,,,BV-BRC,BV-BRC,BV-BRC,BV-BRC,,BV-BRC,BV-BRC
ERR552258,S,,S,,,,,R,,R,,,,,,,,R,,R,R,BV-BRC,,BV-BRC,,,,,BV-BRC,,BV-BRC,,,,,,,,BV-BRC,,BV-BRC,BV-BRC
ERR552260,,,,,,,,R,,R,,,,,,,,S,,S,R,,,,,,,,BV-BRC,,BV-BRC,,,,,,,,BV-BRC,,BV-BRC,BV-BRC
ERR552274,,,S,,,,,R,,R,,,,,R,,R,S,,R,R,,,BV-BRC,,,,,BV-BRC,,BV-BRC,,,,,BV-BRC,,BV-BRC,BV-BRC,,BV-BRC,BV-BRC
ERR552286,,,S,,,,,R,,R,,,,,S,,R,S,,R,R,,,BV-BRC,,,,,BV-BRC,,BV-BRC,,,,,BV-BRC,,BV-BRC,BV-BRC,,BV-BRC,BV-BRC
ERR552287,,,,,,,,R,,R,,,,,,,,S,,R,R,,,,,,,,BV-BRC,,BV-BRC,,,,,,,,BV-BRC,,BV-BRC,BV-BRC
ERR552297,,,S,,,,,S,,R,,,,,S,,R,S,,R,R,,,BV-BRC,,,,,BV-BRC,,BV-BRC,,,,,BV-BRC,,BV-BRC,BV-BRC,,BV-BRC,BV-BRC
ERR552298,,,,,,,,S,,R,,,,,,,,S,,R,R,,,,,,,,BV-BRC,,BV-BRC,,,,,,,,BV-BRC,,BV-BRC,BV-BRC
ERR552301,S,,S,,,S,,R,,R,,,,,S,S,S,S,,R,R,BV-BRC,,BV-BRC,,,BV-BRC,,BV-BRC,,BV-BRC,,,,,BV-BRC,BV-BRC,BV-BRC,BV-BRC,,BV-BRC,BV-BRC
ERR552302,S,,S,,,,,R,,R,,,,,,,,S,,R,R,BV-BRC,,BV-BRC,,,,,BV-BRC,,BV-BRC,,,,,,,,BV-BRC,,BV-BRC,BV-BRC
ERR552321,R,,R,,,S,,R,,R,,,,,S,S,S,R,,R,R,BV-BRC,,BV-BRC,,,BV-BRC,,BV-BRC,,BV-BRC,,,,,BV-BRC,BV-BRC,BV-BRC,BV-BRC,,BV-BRC,BV-BRC
ERR552322,R,,R,,,,,R,,R,,,,,,,,R,,R,R,BV-BRC,,BV-BRC,,,,,BV-BRC,,BV-BRC,,,,,,,,BV-BRC,,BV-BRC,BV-BRC
ERR552326,,,S,S,,,,S,,R,R,,,S,,,,S,,R,R,,,BV-BRC,BV-BRC,,,,BV-BRC,,BV-BRC,BV-BRC,,,BV-BRC,,,,BV-BRC,,BV-BRC,BV-BRC
ERR552341,,,S,,,,,S,,R,,,,,S,,R,S,,R,R,,,BV-BRC,,,,,BV-BRC,,BV-BRC,,,,,BV-BRC,,BV-BRC,BV-BRC,,BV-BRC,BV-BRC
ERR552342,,,,,,,,S,,R,,,,,,,,S,,R,R,,,,,,,,BV-BRC,,BV-BRC,,,,,,,,BV-BRC,,BV-BRC,BV-BRC
ERR552346,S,,S,,,S,,R,,R,,,,,S,S,S,R,,R,R,BV-BRC,,BV-BRC,,,BV-BRC,,BV-BRC,,BV-BRC,,,,,BV-BRC,BV-BRC,BV-BRC,BV-BRC,,BV-BRC,BV-BRC
ERR552347,S,,S,,,,,R,,R,,,,,,,,R,,R,R,BV-BRC,,BV-BRC,,,,,BV-BRC,,BV-BRC,,,,,,,,BV-BRC,,BV-BRC,BV-BRC
ERR552358,,,,,,S,,R,,R,,,,,S,S,S,S,,R,R,,,,,,BV-BRC,,BV-BRC,,BV-BRC,,,,,BV-BRC,BV-BRC,BV-BRC,BV-BRC,,BV-BRC,BV-BRC
ERR552359,,,,,,,,S,,S,,,,,,,,S,,S,S,,,,,,,,BV-BRC,,BV-BRC,,,,,,,,BV-BRC,,BV-BRC,BV-BRC
ERR552364,,,,,,,,S,,R,,,,,,,,S,,R,R,,,,,,,,BV-BRC,,BV-BRC,,,,,,,,BV-BRC,,BV-BRC,BV-BRC
ERR552372,,,,,,,,S,,S,,,,,,,,S,,S,R,,,,,,,,BV-BRC,,BV-BRC,,,,,,,,BV-BRC,,BV-BRC,BV-BRC
ERR552373,,,S,,,,,R,,R,,,,,S,,S,S,,R,R,,,BV-BRC,,,,,BV-BRC,,BV-BRC,,,,,BV-BRC,,BV-BRC,BV-BRC,,BV-BRC,BV-BRC
ERR552374,,,,,,,,S,,R,,,,,,,,R,,R,R,,,,,,,,BV-BRC,,BV-BRC,,,,,,,,BV-BRC,,BV-BRC,BV-BRC
ERR552376,R,,R,,,S,,R,,R,,,,,S,R,S,S,,R,R,BV-BRC,,BV-BRC,,,BV-BRC,,BV-BRC,,BV-BRC,,,,,BV-BRC,BV-BRC,BV-BRC,BV-BRC,,BV-BRC,BV-BRC
ERR552377,R,,R,,,,,R,,R,,,,,,,,S,,R,R,BV-BRC,,BV-BRC,,,,,BV-BRC,,BV-BRC,,,,,,,,BV-BRC,,BV-BRC,BV-BRC
ERR552379,,,,,,,,S,,R,,,,,,,,S,,S,R,,,,,,,,BV-BRC,,BV-BRC,,,,,,,,BV-BRC,,BV-BRC,BV-BRC
ERR552382,,,,,,,,S,,S,,,,,,,,S,,S,S,,,,,,,,BV-BRC,,BV-BRC,,,,,,,,BV-BRC,,BV-BRC,BV-BRC
ERR552383,S,,S,,,S,,R,,R,,,,,S,,S,S,,R,R,BV-BRC,,BV-BRC,,,BV-BRC,,BV-BRC,,BV-BRC,,,,,BV-BRC,,BV-BRC,BV-BRC,,BV-BRC,BV-BRC
ERR552384,S,,S,,,,,R,,R,,,,,,,,S,,R,R,BV-BRC,,BV-BRC,,,,,BV-BRC,,BV-BRC,,,,,,,,BV-BRC,,BV-BRC,BV-BRC
ERR552389,,,S,,,,,R,,R,,,,,S,,S,S,,R,R,,,BV-BRC,,,,,BV-BRC,,BV-BRC,,,,,BV-BRC,,BV-BRC,BV-BRC,,BV-BRC,BV-BRC
ERR552390,,,,,,,,R,,R,,,,,,,,R,,R,R,,,,,,,,BV-BRC,,BV-BRC,,,,,,,,BV-BRC,,BV-BRC,BV-BRC
ERR552391,,,,,,,,S,,R,,,,,,,,S,,R,S,,,,,,,,BV-BRC,,BV-BRC,,,,,,,,BV-BRC,,BV-BRC,BV-BRC
ERR552398,S,,S,,,S,,S,,R,,,,,S,S,S,R,,R,R,BV-BRC,,BV-BRC,,,BV-BRC,,BV-BRC,,BV-BRC,,,,,BV-BRC,BV-BRC,BV-BRC,BV-BRC,,BV-BRC,BV-BRC
ERR552399,S,,S,,,,,S,,R,,,,,,,,R,,R,R,BV-BRC,,BV-BRC,,,,,BV-BRC,,BV-BRC,,,,,,,,BV-BRC,,BV-BRC,BV-BRC
ERR552400,S,,S,,,S,,R,,R,,,,,R,S,S,R,,R,R,BV-BRC,,BV-BRC,,,BV-BRC,,BV-BRC,,BV-BRC,,,,,BV-BRC,BV-BRC,BV-BRC,BV-BRC,,BV-BRC,BV-BRC
ERR552401,S,,S,,,,,R,,R,,,,,,,,R,,R,R,BV-BRC,,BV-BRC,,,,,BV-BRC,,BV-BRC,,,,,,,,BV-BRC,,BV-BRC,BV-BRC
ERR552409,S,,S,,,S,,S,,R,,,,,S,,S,S,,R,R,BV-BRC,,BV-BRC,,,BV-BRC,,BV-BRC,,BV-BRC,,,,,BV-BRC,,BV-BRC,BV-BRC,,BV-BRC,BV-BRC
ERR552410,S,,S,,,,,S,,R,,,,,,,,S,,R,R,BV-BRC,,BV-BRC,,,,,BV-BRC,,BV-BRC,,,,,,,,BV-BRC,,BV-BRC,BV-BRC
ERR552412,S,,S,,,S,,S,,R,,,,,S,S,S,S,,R,R,BV-BRC,,BV-BRC,,,BV-BRC,,BV-BRC,,BV-BRC,,,,,BV-BRC,BV-BRC,BV-BRC,BV-BRC,,BV-BRC,BV-BRC
ERR552413,S,,S,,,,,S,,R,,,,,,,,S,,R,R,BV-BRC,,BV-BRC,,,,,BV-BRC,,BV-BRC,,,,,,,,BV-BRC,,BV-BRC,BV-BRC
ERR552417,R,,R,,,S,,R,,R,,,,,S,S,S,S,,R,R,BV-BRC,,BV-BRC,,,BV-BRC,,BV-BRC,,BV-BRC,,,,,BV-BRC,BV-BRC,BV-BRC,BV-BRC,,BV-BRC,BV-BRC
ERR552418,R,,R,,,,,R,,R,,,,,,,,S,,R,R,BV-BRC,,BV-BRC,,,,,BV-BRC,,BV-BRC,,,,,,,,BV-BRC,,BV-BRC,BV-BRC
ERR552427,,,,,,,,S,,R,,,,,,,,R,,S,S,,,,,,,,BV-BRC,,BV-BRC,,,,,,,,BV-BRC,,BV-BRC,BV-BRC
ERR552433,S,,S,,,S,,S,,R,,,,,S,S,S,S,,R,R,BV-BRC,,BV-BRC,,,BV-BRC,,BV-BRC,,BV-BRC,,,,,BV-BRC,BV-BRC,BV-BRC,BV-BRC,,BV-BRC,BV-BRC
ERR552434,S,,S,,,,,S,,R,,,,,,,,S,,R,R,BV-BRC,,BV-BRC,,,,,BV-BRC,,BV-BRC,,,,,,,,BV-BRC,,BV-BRC,BV-BRC
ERR552441,S,,S,,,S,,R,,R,,,,,S,R,S,R,,R,R,BV-BRC,,BV-BRC,,,BV-BRC,,BV-BRC,,BV-BRC,,,,,BV-BRC,BV-BRC,BV-BRC,BV-BRC,,BV-BRC,BV-BRC
ERR552442,,,S,,,,,S,,R,,,,,S,,R,S,,R,R,,,BV-BRC,,,,,BV-BRC,,BV-BRC,,,,,BV-BRC,,BV-BRC,BV-BRC,,BV-BRC,BV-BRC
ERR552443,,,,,,,,S,,R,,,,,,,,S,,R,R,,,,,,,,BV-BRC,,BV-BRC,,,,,,,,BV-BRC,,BV-BRC,BV-BRC
ERR552446,S,,S,,,S,,R,,R,,,,,S,S,R,R,,R,R,BV-BRC,,BV-BRC,,,BV-BRC,,BV-BRC,,BV-BRC,,,,,BV-BRC,BV-BRC,BV-BRC,BV-BRC,,BV-BRC,BV-BRC
ERR552447,S,,S,,,,,R,,R,,,,,,,,R,,R,R,BV-BRC,,BV-BRC,,,,,BV-BRC,,BV-BRC,,,,,,,,BV-BRC,,BV-BRC,BV-BRC
ERR552449,,,,,,,,S,,S,,,,,,,,S,,S,S,,,,,,,,BV-BRC,,BV-BRC,,,,,,,,BV-BRC,,BV-BRC,BV-BRC
ERR552457,S,,S,,,S,,R,,R,,,,,S,S,S,R,,R,R,BV-BRC,,BV-BRC,,,BV-BRC,,BV-BRC,,BV-BRC,,,,,BV-BRC,BV-BRC,BV-BRC,BV-BRC,,BV-BRC,BV-BRC
ERR552458,S,,S,,,,,R,,R,,,,,,,,R,,R,R,BV-BRC,,BV-BRC,,,,,BV-BRC,,BV-BRC,,,,,,,,BV-BRC,,BV-BRC,BV-BRC
ERR552459,,,S,,,,,S,,R,,,,,,,,S,,S,R,,,BV-BRC,,,,,BV-BRC,,BV-BRC,,,,,,,,BV-BRC,,BV-BRC,BV-BRC
ERR552460,,,,,,,,S,,S,,,,,,,,S,,S,S,,,,,,,,BV-BRC,,BV-BRC,,,,,,,,BV-BRC,,BV-BRC,BV-BRC
ERR552464,,,,,,,,S,,S,,,,,,,,S,,S,S,,,,,,,,BV-BRC,,BV-BRC,,,,,,,,BV-BRC,,BV-BRC,BV-BRC
ERR552465,,,,,,,,S,,S,,,,,,,,S,,S,S,,,,,,,,BV-BRC,,BV-BRC,,,,,,,,BV-BRC,,BV-BRC,BV-BRC
ERR552498,S,,S,,,S,,R,,R,,,,,S,S,S,R,,R,R,BV-BRC,,BV-BRC,,,BV-BRC,,BV-BRC,,BV-BRC,,,,,BV-BRC,BV-BRC,BV-BRC,BV-BRC,,BV-BRC,BV-BRC
ERR552499,S,,S,,,,,R,,R,,,,,,,,R,,R,R,BV-BRC,,BV-BRC,,,,,BV-BRC,,BV-BRC,,,,,,,,BV-BRC,,BV-BRC,BV-BRC
ERR552500,S,,S,,,S,,R,,R,,,,,S,S,S,R,,R,R,BV-BRC,,BV-BRC,,,BV-BRC,,BV-BRC,,BV-BRC,,,,,BV-BRC,BV-BRC,BV-BRC,BV-BRC,,BV-BRC,BV-BRC
ERR552501,S,,S,,,,,R,,R,,,,,,,,R,,R,R,BV-BRC,,BV-BRC,,,,,BV-BRC,,BV-BRC,,,,,,,,BV-BRC,,BV-BRC,BV-BRC
ERR552503,R,,R,,,S,,R,,R,,,,,S,S,S,R,,R,R,BV-BRC,,BV-BRC,,,BV-BRC,,BV-BRC,,BV-BRC,,,,,BV-BRC,BV-BRC,BV-BRC,BV-BRC,,BV-BRC,BV-BRC
ERR552504,R,,R,,,,,R,,R,,,,,,,,R,,R,R,BV-BRC,,BV-BRC,,,,,BV-BRC,,BV-BRC,,,,,,,,BV-BRC,,BV-BRC,BV-BRC
ERR552509,R,,R,,,S,,R,,R,,,,,S,S,R,S,,R,R,BV-BRC,,BV-BRC,,,BV-BRC,,BV-BRC,,BV-BRC,,,,,BV-BRC,BV-BRC,BV-BRC,BV-BRC,,BV-BRC,BV-BRC
ERR552510,R,,R,,,,,R,,R,,,,,,,,S,,R,R,BV-BRC,,BV-BRC,,,,,BV-BRC,,BV-BRC,,,,,,,,BV-BRC,,BV-BRC,BV-BRC
ERR552511,,,,,,,,S,,S,,,,,,,,S,,S,S,,,,,,,,BV-BRC,,BV-BRC,,,,,,,,BV-BRC,,BV-BRC,BV-BRC
ERR552513,,,,,,,,R,,R,,,,,,,,R,,R,R,,,,,,,,BV-BRC,,BV-BRC,,,,,,,,BV-BRC,,BV-BRC,BV-BRC
ERR552514,,,,,,,,R,,R,,,,,,,,R,,R,R,,,,,,,,BV-BRC,,BV-BRC,,,,,,,,BV-BRC,,BV-BRC,BV-BRC
ERR552517,S,,S,,,S,,R,,R,,,,,S,S,R,R,,R,R,BV-BRC,,BV-BRC,,,BV-BRC,,BV-BRC,,BV-BRC,,,,,BV-BRC,BV-BRC,BV-BRC,BV-BRC,,BV-BRC,BV-BRC
ERR552519,S,,S,,,S,,R,,R,,,,,S,S,S,R,,R,R,BV-BRC,,BV-BRC,,,BV-BRC,,BV-BRC,,BV-BRC,,,,,BV-BRC,BV-BRC,BV-BRC,BV-BRC,,BV-BRC,BV-BRC
ERR552520,S,,S,,,,,R,,R,,,,,,,,R,,R,R,BV-BRC,,BV-BRC,,,,,BV-BRC,,BV-BRC,,,,,,,,BV-BRC,,BV-BRC,BV-BRC
ERR552532,S,,S,,,,,R,,R,,,,,,,,R,,R,R,BV-BRC,,BV-BRC,,,,,BV-BRC,,BV-BRC,,,,,,,,BV-BRC,,BV-BRC,BV-BRC
ERR552538,,,,,,,,S,,S,,,,,,,,S,,S,S,,,,,,,,BV-BRC,,BV-BRC,,,,,,,,BV-BRC,,BV-BRC,BV-BRC
ERR552539,,,,,,,,S,,R,,,,,,,,S,,S,S,,,,,,,,BV-BRC,,BV-BRC,,,,,,,,BV-BRC,,BV-BRC,BV-BRC
ERR552545,R,,R,,,S,,R,,R,,,,,S,S,S,R,,R,R,BV-BRC,,BV-BRC,,,BV-BRC,,BV-BRC,,BV-BRC,,,,,BV-BRC,BV-BRC,BV-BRC,BV-BRC,,BV-BRC,BV-BRC
ERR552546,R,,R,,,,,R,,R,,,,,,,,R,,R,R,BV-BRC,,BV-BRC,,,,,BV-BRC,,BV-BRC,,,,,,,,BV-BRC,,BV-BRC,BV-BRC
ERR552547,,,,,,,,S,,S,,,,,,,,S,,S,S,,,,,,,,BV-BRC,,BV-BRC,,,,,,,,BV-BRC,,BV-BRC,BV-BRC
ERR552555,,,,,,,,S,,R,,,,,,,S,S,,S,,,,,,,,,BV-BRC,,BV-BRC,,,,,,,BV-BRC,BV-BRC,,BV-BRC,
ERR552561,S,,S,,,,,S,,R,,,,,,,,R,,R,R,BV-BRC,,BV-BRC,,,,,BV-BRC,,BV-BRC,,,,,,,,BV-BRC,,BV-BRC,BV-BRC
ERR552571,S,,S,,,,,R,,R,,,,,,,,S,,R,R,BV-BRC,,BV-BRC,,,,,BV-BRC,,BV-BRC,,,,,,,,BV-BRC,,BV-BRC,BV-BRC
ERR552578,,,,,,,,S,,R,,,,,,,,S,,S,R,,,,,,,,BV-BRC,,BV-BRC,,,,,,,,BV-BRC,,BV-BRC,BV-BRC
ERR552580,S,,S,,,S,,S,,R,,,,,S,S,S,S,,R,R,BV-BRC,,BV-BRC,,,BV-BRC,,BV-BRC,,BV-BRC,,,,,BV-BRC,BV-BRC,BV-BRC,BV-BRC,,BV-BRC,BV-BRC
ERR552582,,,,,,,,S,,R,,,,,,,,S,,S,R,,,,,,,,BV-BRC,,BV-BRC,,,,,,,,BV-BRC,,BV-BRC,BV-BRC
ERR552585,S,,S,,,S,,R,,R,,,,,S,S,S,R,,R,R,BV-BRC,,BV-BRC,,,BV-BRC,,BV-BRC,,BV-BRC,,,,,BV-BRC,BV-BRC,BV-BRC,BV-BRC,,BV-BRC,BV-BRC
ERR552586,S,,S,,,,,R,,R,,,,,,,,R,,R,R,BV-BRC,,BV-BRC,,,,,BV-BRC,,BV-BRC,,,,,,,,BV-BRC,,BV-BRC,BV-BRC
ERR552587,,,,,,,,S,,S,,,,,,,,S,,S,S,,,,,,,,BV-BRC,,BV-BRC,,,,,,,,BV-BRC,,BV-BRC,BV-BRC
ERR552604,S,,S,,,,,S,,R,,,,,,,,R,,R,R,BV-BRC,,BV-BRC,,,,,BV-BRC,,BV-BRC,,,,,,,,BV-BRC,,BV-BRC,BV-BRC
ERR552606,S,,S,,,S,,R,,R,,,,,S,S,S,R,,R,R,BV-BRC,,BV-BRC,,,BV-BRC,,BV-BRC,,BV-BRC,,,,,BV-BRC,BV-BRC,BV-BRC,BV-BRC,,BV-BRC,BV-BRC
ERR552607,S,,S,,,,,R,,R,,,,,,,,R,,R,R,BV-BRC,,BV-BRC,,,,,BV-BRC,,BV-BRC,,,,,,,,BV-BRC,,BV-BRC,BV-BRC
ERR552610,,,S,,,,,S,,R,,,,,S,,R,R,,R,R,,,BV-BRC,,,,,BV-BRC,,BV-BRC,,,,,BV-BRC,,BV-BRC,BV-BRC,,BV-BRC,BV-BRC
ERR552611,,,,,,,,S,,R,,,,,,,,S,,R,R,,,,,,,,BV-BRC,,BV-BRC,,,,,,,,BV-BRC,,BV-BRC,BV-BRC
ERR552625,S,,S,,,S,,R,,R,,,,,S,S,S,S,,R,R,BV-BRC,,BV-BRC,,,BV-BRC,,BV-BRC,,BV-BRC,,,,,BV-BRC,BV-BRC,BV-BRC,BV-BRC,,BV-BRC,BV-BRC
ERR552626,S,,S,,,,,R,,R,,,,,,,,S,,R,R,BV-BRC,,BV-BRC,,,,,BV-BRC,,BV-BRC,,,,,,,,BV-BRC,,BV-BRC,BV-BRC
ERR552631,R,,R,,,S,,R,,R,,,,,S,S,S,S,,R,R,BV-BRC,,BV-BRC,,,BV-BRC,,BV-BRC,,BV-BRC,,,,,BV-BRC,BV-BRC,BV-BRC,BV-BRC,,BV-BRC,BV-BRC
ERR552632,R,,R,,,,,R,,R,,,,,,,,S,,R,R,BV-BRC,,BV-BRC,,,,,BV-BRC,,BV-BRC,,,,,,,,BV-BRC,,BV-BRC,BV-BRC
ERR552645,S,,S,,,S,,S,,R,,,,,S,S,S,R,,R,R,BV-BRC,,BV-BRC,,,BV-BRC,,BV-BRC,,BV-BRC,,,,,BV-BRC,BV-BRC,BV-BRC,BV-BRC,,BV-BRC,BV-BRC
ERR552646,S,,S,,,,,S,,R,,,,,,,,R,,R,R,BV-BRC,,BV-BRC,,,,,BV-BRC,,BV-BRC,,,,,,,,BV-BRC,,BV-BRC,BV-BRC
ERR552652,R,,R,,,S,,R,,R,,,,,S,S,S,R,,R,R,BV-BRC,,BV-BRC,,,BV-BRC,,BV-BRC,,BV-BRC,,,,,BV-BRC,BV-BRC,BV-BRC,BV-BRC,,BV-BRC,BV-BRC
ERR552653,R,,R,,,,,R,,R,,,,,,,,R,,R,R,BV-BRC,,BV-BRC,,,,,BV-BRC,,BV-BRC,,,,,,,,BV-BRC,,BV-BRC,BV-BRC
ERR552657,,,,,,,,S,,S,,,,,,,,S,,S,S,,,,,,,,BV-BRC,,BV-BRC,,,,,,,,BV-BRC,,BV-BRC,BV-BRC
ERR552660,,,S,,,,,R,,R,,,,,S,,S,S,,R,R,,,BV-BRC,,,,,BV-BRC,,BV-BRC,,,,,BV-BRC,,BV-BRC,BV-BRC,,BV-BRC,BV-BRC
ERR552661,,,,,,,,R,,R,,,,,,,,R,,R,R,,,,,,,,BV-BRC,,BV-BRC,,,,,,,,BV-BRC,,BV-BRC,BV-BRC
ERR552662,,,,,,,,R,,R,,,,,,,,S,,R,R,,,,,,,,BV-BRC,,BV-BRC,,,,,,,,BV-BRC,,BV-BRC,BV-BRC
ERR552677,S,,S,,,S,,S,,R,,,,,S,S,S,S,,R,R,BV-BRC,,BV-BRC,,,BV-BRC,,BV-BRC,,BV-BRC,,,,,BV-BRC,BV-BRC,BV-BRC,BV-BRC,,BV-BRC,BV-BRC
ERR552681,,,S,,,,,S,,R,,,,,S,,R,S,,R,R,,,BV-BRC,,,,,BV-BRC,,BV-BRC,,,,,BV-BRC,,BV-BRC,BV-BRC,,BV-BRC,BV-BRC
ERR552682,,,,,,,,S,,R,,,,,,,,S,,R,R,,,,,,,,BV-BRC,,BV-BRC,,,,,,,,BV-BRC,,BV-BRC,BV-BRC
ERR552693,,,,,,,,S,,S,,,,,,,,S,,S,S,,,,,,,,BV-BRC,,BV-BRC,,,,,,,,BV-BRC,,BV-BRC,BV-BRC
ERR552697,,,,,,,,S,,S,,,,,,,,S,,S,S,,,,,,,,BV-BRC,,BV-BRC,,,,,,,,BV-BRC,,BV-BRC,BV-BRC
ERR552707,,,,,,,,R,,R,,,,,,,,S,,S,R,,,,,,,,BV-BRC,,BV-BRC,,,,,,,,BV-BRC,,BV-BRC,BV-BRC
ERR552708,R,,R,,,S,,R,,R,,,,,S,S,S,R,,R,R,BV-BRC,,BV-BRC,,,BV-BRC,,BV-BRC,,BV-BRC,,,,,BV-BRC,BV-BRC,BV-BRC,BV-BRC,,BV-BRC,BV-BRC
ERR552709,R,,R,,,,,R,,R,,,,,,,,R,,R,R,BV-BRC,,BV-BRC,,,,,BV-BRC,,BV-BRC,,,,,,,,BV-BRC,,BV-BRC,BV-BRC
ERR552711,S,,S,,,S,,R,,R,,,,,S,S,S,S,,R,R,BV-BRC,,BV-BRC,,,BV-BRC,,BV-BRC,,BV-BRC,,,,,BV-BRC,BV-BRC,BV-BRC,BV-BRC,,BV-BRC,BV-BRC
ERR552712,S,,S,,,,,R,,R,,,,,,,,S,,R,R,BV-BRC,,BV-BRC,,,,,BV-BRC,,BV-BRC,,,,,,,,BV-BRC,,BV-BRC,BV-BRC
ERR552715,,,,,,,,S,,S,,,,,,,,S,,S,S,,,,,,,,BV-BRC,,BV-BRC,,,,,,,,BV-BRC,,BV-BRC,BV-BRC
ERR552718,S,,S,,,S,,R,,R,,,,,S,S,S,S,,R,R,BV-BRC,,BV-BRC,,,BV-BRC,,BV-BRC,,BV-BRC,,,,,BV-BRC,BV-BRC,BV-BRC,BV-BRC,,BV-BRC,BV-BRC
ERR552719,S,,S,,,,,R,,R,,,,,,,,S,,R,R,BV-BRC,,BV-BRC,,,,,BV-BRC,,BV-BRC,,,,,,,,BV-BRC,,BV-BRC,BV-BRC
ERR552733,,,R,,,,,R,,R,,,,,S,,R,R,,R,R,,,BV-BRC,,,,,BV-BRC,,BV-BRC,,,,,BV-BRC,,BV-BRC,BV-BRC,,BV-BRC,BV-BRC
ERR552734,,,,,,,,R,,R,,,,,,,,S,,R,R,,,,,,,,BV-BRC,,BV-BRC,,,,,,,,BV-BRC,,BV-BRC,BV-BRC
ERR552738,S,,S,,,S,,S,,R,,,,,S,S,S,S,,R,R,BV-BRC,,BV-BRC,,,BV-BRC,,BV-BRC,,BV-BRC,,,,,BV-BRC,BV-BRC,BV-BRC,BV-BRC,,BV-BRC,BV-BRC
ERR552739,S,,S,,,,,S,,R,,,,,,,,S,,R,R,BV-BRC,,BV-BRC,,,,,BV-BRC,,BV-BRC,,,,,,,,BV-BRC,,BV-BRC,BV-BRC
ERR552740,,,S,,,,,R,,R,,,,,S,,R,S,,R,R,,,BV-BRC,,,,,BV-BRC,,BV-BRC,,,,,BV-BRC,,BV-BRC,BV-BRC,,BV-BRC,BV-BRC
ERR552741,,,,,,,,R,,R,,,,,,,,S,,R,R,,,,,,,,BV-BRC,,BV-BRC,,,,,,,,BV-BRC,,BV-BRC,BV-BRC
ERR552742,,,,,,,,S,,S,,,,,,,,S,,S,S,,,,,,,,BV-BRC,,BV-BRC,,,,,,,,BV-BRC,,BV-BRC,BV-BRC
ERR552757,,,,,,,,S,,S,,,,,,,,S,,S,S,,,,,,,,BV-BRC,,BV-BRC,,,,,,,,BV-BRC,,BV-BRC,BV-BRC
ERR552762,,,,,,,,S,,S,,,,,,,,S,,S,S,,,,,,,,BV-BRC,,BV-BRC,,,,,,,,BV-BRC,,BV-BRC,BV-BRC
ERR552771,S,,S,,,S,,R,,R,,,,,S,S,,,,R,R,BV-BRC,,BV-BRC,,,BV-BRC,,BV-BRC,,BV-BRC,,,,,BV-BRC,BV-BRC,,,,BV-BRC,BV-BRC
ERR552772,S,,S,,,,,R,,R,,,,,,,,,,R,R,BV-BRC,,BV-BRC,,,,,BV-BRC,,BV-BRC,,,,,,,,,,BV-BRC,BV-BRC
ERR552774,R,,R,,,S,,S,,R,,,,,S,S,S,R,,R,R,BV-BRC,,BV-BRC,,,BV-BRC,,BV-BRC,,BV-BRC,,,,,BV-BRC,BV-BRC,BV-BRC,BV-BRC,,BV-BRC,BV-BRC
ERR552788,,,,,,,,S,,R,,,,,,,,S,,S,S,,,,,,,,BV-BRC,,BV-BRC,,,,,,,,BV-BRC,,BV-BRC,BV-BRC
ERR552790,S,,S,,,S,,R,,R,,,,,S,S,S,R,,R,R,BV-BRC,,BV-BRC,,,BV-BRC,,BV-BRC,,BV-BRC,,,,,BV-BRC,BV-BRC,BV-BRC,BV-BRC,,BV-BRC,BV-BRC
ERR552791,S,,S,,,,,R,,R,,,,,,,,R,,R,R,BV-BRC,,BV-BRC,,,,,BV-BRC,,BV-BRC,,,,,,,,BV-BRC,,BV-BRC,BV-BRC
ERR552793,S,,S,,,S,,R,,R,,,,,S,S,S,R,,R,R,BV-BRC,,BV-BRC,,,BV-BRC,,BV-BRC,,BV-BRC,,,,,BV-BRC,BV-BRC,BV-BRC,BV-BRC,,BV-BRC,BV-BRC
ERR552794,S,,S,,,,,R,,R,,,,,,,,R,,R,R,BV-BRC,,BV-BRC,,,,,BV-BRC,,BV-BRC,,,,,,,,BV-BRC,,BV-BRC,BV-BRC
ERR552795,,,,,,,,S,,S,,,,,,,,S,,S,S,,,,,,,,BV-BRC,,BV-BRC,,,,,,,,BV-BRC,,BV-BRC,BV-BRC
ERR552803,,,,,,,,S,,S,,,,,,,,S,,S,S,,,,,,,,BV-BRC,,BV-BRC,,,,,,,,BV-BRC,,BV-BRC,BV-BRC
ERR552816,S,,S,,,,,R,,R,,,,,,,,R,,R,R,BV-BRC,,BV-BRC,,,,,BV-BRC,,BV-BRC,,,,,,,,BV-BRC,,BV-BRC,BV-BRC
ERR552818,R,,R,,,S,,S,,R,,,,,S,S,S,R,,R,R,BV-BRC,,BV-BRC,,,BV-BRC,,BV-BRC,,BV-BRC,,,,,BV-BRC,BV-BRC,BV-BRC,BV-BRC,,BV-BRC,BV-BRC
ERR552819,R,,R,,,,,S,,R,,,,,,,,R,,R,R,BV-BRC,,BV-BRC,,,,,BV-BRC,,BV-BRC,,,,,,,,BV-BRC,,BV-BRC,BV-BRC
ERR552834,S,,S,,,,,R,,R,,,,,,,,R,,R,R,BV-BRC,,BV-BRC,,,,,BV-BRC,,BV-BRC,,,,,,,,BV-BRC,,BV-BRC,BV-BRC
ERR552841,S,,S,,,S,,R,,R,,,,,S,S,S,S,,R,R,BV-BRC,,BV-BRC,,,BV-BRC,,BV-BRC,,BV-BRC,,,,,BV-BRC,BV-BRC,BV-BRC,BV-BRC,,BV-BRC,BV-BRC
ERR552842,S,,S,,,,,R,,R,,,,,,,,S,,R,R,BV-BRC,,BV-BRC,,,,,BV-BRC,,BV-BRC,,,,,,,,BV-BRC,,BV-BRC,BV-BRC
ERR552858,,,,,,,,S,,R,,,,,,,,S,,S,S,,,,,,,,BV-BRC,,BV-BRC,,,,,,,,BV-BRC,,BV-BRC,BV-BRC
ERR552874,S,,S,,,,,S,,R,,,,,,,,S,,S,R,BV-BRC,,BV-BRC,,,,,BV-BRC,,BV-BRC,,,,,,,,BV-BRC,,BV-BRC,BV-BRC
ERR552882,S,,S,,,S,,R,,R,,,,,R,S,S,R,,R,R,BV-BRC,,BV-BRC,,,BV-BRC,,BV-BRC,,BV-BRC,,,,,BV-BRC,BV-BRC,BV-BRC,BV-BRC,,BV-BRC,BV-BRC
ERR552883,S,,S,,,,,R,,R,,,,,,,,R,,R,R,BV-BRC,,BV-BRC,,,,,BV-BRC,,BV-BRC,,,,,,,,BV-BRC,,BV-BRC,BV-BRC
ERR552884,,,,,,,,S,,S,,,,,,,,S,,S,S,,,,,,,,BV-BRC,,BV-BRC,,,,,,,,BV-BRC,,BV-BRC,BV-BRC
ERR552896,S,,S,,,S,,R,,R,,,,,S,S,S,R,,R,R,BV-BRC,,BV-BRC,,,BV-BRC,,BV-BRC,,BV-BRC,,,,,BV-BRC,BV-BRC,BV-BRC,BV-BRC,,BV-BRC,BV-BRC
ERR552897,S,,S,,,,,R,,R,,,,,,,,R,,R,R,BV-BRC,,BV-BRC,,,,,BV-BRC,,BV-BRC,,,,,,,,BV-BRC,,BV-BRC,BV-BRC
ERR552914,,,,,,,,S,,R,,,,,,,,S,,S,R,,,,,,,,BV-BRC,,BV-BRC,,,,,,,,BV-BRC,,BV-BRC,BV-BRC
ERR552923,,,,,,,,S,,R,,,,,,,,S,,S,R,,,,,,,,BV-BRC,,BV-BRC,,,,,,,,BV-BRC,,BV-BRC,BV-BRC
ERR552926,S,,S,,,S,,R,,R,,,,,S,S,S,R,,R,R,BV-BRC,,BV-BRC,,,BV-BRC,,BV-BRC,,BV-BRC,,,,,BV-BRC,BV-BRC,BV-BRC,BV-BRC,,BV-BRC,BV-BRC
ERR552927,S,,S,,,,,R,,R,,,,,,,,R,,R,R,BV-BRC,,BV-BRC,,,,,BV-BRC,,BV-BRC,,,,,,,,BV-BRC,,BV-BRC,BV-BRC
ERR552931,S,,S,,,S,,S,,R,,,,,S,S,S,R,,R,R,BV-BRC,,BV-BRC,,,BV-BRC,,BV-BRC,,BV-BRC,,,,,BV-BRC,BV-BRC,BV-BRC,BV-BRC,,BV-BRC,BV-BRC
ERR552932,S,,S,,,,,S,,R,,,,,,,,R,,R,R,BV-BRC,,BV-BRC,,,,,BV-BRC,,BV-BRC,,,,,,,,BV-BRC,,BV-BRC,BV-BRC
ERR552933,R,,R,,,S,,R,,R,,,,,S,S,S,R,,R,R,BV-BRC,,BV-BRC,,,BV-BRC,,BV-BRC,,BV-BRC,,,,,BV-BRC,BV-BRC,BV-BRC,BV-BRC,,BV-BRC,BV-BRC
ERR552935,,,,,,,,S,,S,,,,,,,,S,,R,R,,,,,,,,BV-BRC,,BV-BRC,,,,,,,,BV-BRC,,BV-BRC,BV-BRC
ERR552937,R,,R,,,S,,R,,R,,,,,S,S,R,S,,R,R,BV-BRC,,BV-BRC,,,BV-BRC,,BV-BRC,,BV-BRC,,,,,BV-BRC,BV-BRC,BV-BRC,BV-BRC,,BV-BRC,BV-BRC
ERR552939,R,,R,,,S,,S,,R,,,,,S,S,S,R,,R,R,BV-BRC,,BV-BRC,,,BV-BRC,,BV-BRC,,BV-BRC,,,,,BV-BRC,BV-BRC,BV-BRC,BV-BRC,,BV-BRC,BV-BRC
ERR552944,,,,,,,,S,,R,,,,,,,,S,,S,S,,,,,,,,BV-BRC,,BV-BRC,,,,,,,,BV-BRC,,BV-BRC,BV-BRC
ERR552949,,,,,,,,S,,R,,,,,,,S,S,,S,R,,,,,,,,BV-BRC,,BV-BRC,,,,,,,BV-BRC,BV-BRC,,BV-BRC,BV-BRC
ERR552950,R,,R,,,S,,S,,R,,,,,S,S,S,S,,R,R,BV-BRC,,BV-BRC,,,BV-BRC,,BV-BRC,,BV-BRC,,,,,BV-BRC,BV-BRC,BV-BRC,BV-BRC,,BV-BRC,BV-BRC
ERR552951,R,,R,,,,,S,,R,,,,,,,,S,,R,R,BV-BRC,,BV-BRC,,,,,BV-BRC,,BV-BRC,,,,,,,,BV-BRC,,BV-BRC,BV-BRC
ERR552954,,,,,,S,,R,,R,,,,,S,,S,R,,R,S,,,,,,BV-BRC,,BV-BRC,,BV-BRC,,,,,BV-BRC,,BV-BRC,BV-BRC,,BV-BRC,BV-BRC
ERR552955,,,S,,,,,R,,R,,,,,R,,S,R,,R,R,,,BV-BRC,,,,,BV-BRC,,BV-BRC,,,,,BV-BRC,,BV-BRC,BV-BRC,,BV-BRC,BV-BRC
ERR552956,,,,,,,,R,,R,,,,,,,,R,,R,R,,,,,,,,BV-BRC,,BV-BRC,,,,,,,,BV-BRC,,BV-BRC,BV-BRC
ERR552970,R,,R,,,S,,R,,R,,,,,S,S,S,R,,R,R,BV-BRC,,BV-BRC,,,BV-BRC,,BV-BRC,,BV-BRC,,,,,BV-BRC,BV-BRC,BV-BRC,BV-BRC,,BV-BRC,BV-BRC
ERR552971,R,,R,,,,,R,,R,,,,,,,,R,,R,R,BV-BRC,,BV-BRC,,,,,BV-BRC,,BV-BRC,,,,,,,,BV-BRC,,BV-BRC,BV-BRC
ERR552973,S,,S,,,S,,R,,R,,,,,S,S,S,S,,R,R,BV-BRC,,BV-BRC,,,BV-BRC,,BV-BRC,,BV-BRC,,,,,BV-BRC,BV-BRC,BV-BRC,BV-BRC,,BV-BRC,BV-BRC
ERR552974,S,,S,,,,,R,,R,,,,,,,,S,,R,R,BV-BRC,,BV-BRC,,,,,BV-BRC,,BV-BRC,,,,,,,,BV-BRC,,BV-BRC,BV-BRC
ERR552977,S,,S,,,S,,R,,R,,,,,S,S,S,S,,R,R,BV-BRC,,BV-BRC,,,BV-BRC,,BV-BRC,,BV-BRC,,,,,BV-BRC,BV-BRC,BV-BRC,BV-BRC,,BV-BRC,BV-BRC
ERR552978,S,,S,,,,,R,,R,,,,,,,,S,,R,R,BV-BRC,,BV-BRC,,,,,BV-BRC,,BV-BRC,,,,,,,,BV-BRC,,BV-BRC,BV-BRC
ERR552979,,,,,,,,R,,R,,,,,,,,S,,R,R,,,,,,,,BV-BRC,,BV-BRC,,,,,,,,BV-BRC,,BV-BRC,BV-BRC
ERR552982,R,,R,,,S,,R,,R,,,,,S,S,S,R,,R,R,BV-BRC,,BV-BRC,,,BV-BRC,,BV-BRC,,BV-BRC,,,,,BV-BRC,BV-BRC,BV-BRC,BV-BRC,,BV-BRC,BV-BRC
ERR552983,R,,R,,,,,R,,R,,,,,,,,R,,R,R,BV-BRC,,BV-BRC,,,,,BV-BRC,,BV-BRC,,,,,,,,BV-BRC,,BV-BRC,BV-BRC
ERR553000,,,,,,,,R,,R,,,,,,,,S,,R,R,,,,,,,,BV-BRC,,BV-BRC,,,,,,,,BV-BRC,,BV-BRC,BV-BRC
ERR553009,,,,,,,,S,,S,,,,,,,,S,,S,S,,,,,,,,BV-BRC,,BV-BRC,,,,,,,,BV-BRC,,BV-BRC,BV-BRC
ERR553023,S,,S,,,,,S,,R,,,,,,,,S,,R,R,BV-BRC,,BV-BRC,,,,,BV-BRC,,BV-BRC,,,,,,,,BV-BRC,,BV-BRC,BV-BRC
ERR553036,,,,,,,,S,,S,,,,,,,,S,,S,S,,,,,,,,BV-BRC,,BV-BRC,,,,,,,,BV-BRC,,BV-BRC,BV-BRC
ERR553037,,,,,,,,R,,R,,,,,,,,S,,R,R,,,,,,,,BV-BRC,,BV-BRC,,,,,,,,BV-BRC,,BV-BRC,BV-BRC
ERR553047,,,,,,,,S,,R,,,,,,,,S,,S,R,,,,,,,,BV-BRC,,BV-BRC,,,,,,,,BV-BRC,,BV-BRC,BV-BRC
ERR553050,R,,R,,,S,,R,,R,,,,,S,S,,R,,R,R,BV-BRC,,BV-BRC,,,BV-BRC,,BV-BRC,,BV-BRC,,,,,BV-BRC,BV-BRC,,BV-BRC,,BV-BRC,BV-BRC
ERR553051,R,,R,,,,,R,,R,,,,,,,,R,,R,R,BV-BRC,,BV-BRC,,,,,BV-BRC,,BV-BRC,,,,,,,,BV-BRC,,BV-BRC,BV-BRC
ERR553061,,,,,,,,S,,S,,,,,,,,R,,S,S,,,,,,,,BV-BRC,,BV-BRC,,,,,,,,BV-BRC,,BV-BRC,BV-BRC
ERR553065,,,,,,,,S,,S,,,,,,,,S,,S,S,,,,,,,,BV-BRC,,BV-BRC,,,,,,,,BV-BRC,,BV-BRC,BV-BRC
ERR553067,S,,S,,,S,,R,,R,,,,,S,,S,R,,R,R,BV-BRC,,BV-BRC,,,BV-BRC,,BV-BRC,,BV-BRC,,,,,BV-BRC,,BV-BRC,BV-BRC,,BV-BRC,BV-BRC
ERR553084,,,,,,,,S,,S,,,,,,,,S,,S,S,,,,,,,,BV-BRC,,BV-BRC,,,,,,,,BV-BRC,,BV-BRC,BV-BRC
ERR553086,,,,,,,,S,,S,,,,,,,,S,,S,S,,,,,,,,BV-BRC,,BV-BRC,,,,,,,,BV-BRC,,BV-BRC,BV-BRC
ERR553107,S,,S,,,S,,R,,R,,,,,S,S,S,R,,R,R,BV-BRC,,BV-BRC,,,BV-BRC,,BV-BRC,,BV-BRC,,,,,BV-BRC,BV-BRC,BV-BRC,BV-BRC,,BV-BRC,BV-BRC
ERR553112,,,,,,,,S,,S,,,,,,,,S,,S,S,,,,,,,,BV-BRC,,BV-BRC,,,,,,,,BV-BRC,,BV-BRC,BV-BRC
ERR553113,,,,,,,,S,,R,,,,,,,,S,,S,S,,,,,,,,BV-BRC,,BV-BRC,,,,,,,,BV-BRC,,BV-BRC,BV-BRC
ERR553120,,,,,,,,S,,R,,,,,,,,S,,S,R,,,,,,,,BV-BRC,,BV-BRC,,,,,,,,BV-BRC,,BV-BRC,BV-BRC
ERR553131,,,,,,,,S,,R,,,,,,,,S,,S,S,,,,,,,,BV-BRC,,BV-BRC,,,,,,,,BV-BRC,,BV-BRC,BV-BRC
ERR553139,S,,S,,,S,,S,,R,,,,,S,S,S,S,,R,R,BV-BRC,,BV-BRC,,,BV-BRC,,BV-BRC,,BV-BRC,,,,,BV-BRC,BV-BRC,BV-BRC,BV-BRC,,BV-BRC,BV-BRC
ERR553152,S,,S,,,S,,R,,R,,,,,S,S,S,S,,R,R,BV-BRC,,BV-BRC,,,BV-BRC,,BV-BRC,,BV-BRC,,,,,BV-BRC,BV-BRC,BV-BRC,BV-BRC,,BV-BRC,BV-BRC
ERR553153,S,,S,,,,,R,,R,,,,,,,,S,,R,R,BV-BRC,,BV-BRC,,,,,BV-BRC,,BV-BRC,,,,,,,,BV-BRC,,BV-BRC,BV-BRC
ERR553160,,,,,,,,S,,R,,,,,,,,S,,S,S,,,,,,,,BV-BRC,,BV-BRC,,,,,,,,BV-BRC,,BV-BRC,BV-BRC
ERR553163,S,,S,,,,,S,,R,,,,,,,,S,,R,R,BV-BRC,,BV-BRC,,,,,BV-BRC,,BV-BRC,,,,,,,,BV-BRC,,BV-BRC,BV-BRC
ERR553166,,,,,,,,S,,R,,,,,,,,S,,S,R,,,,,,,,BV-BRC,,BV-BRC,,,,,,,,BV-BRC,,BV-BRC,BV-BRC
ERR553168,S,,S,,,S,,R,,R,,,,,S,S,,R,,R,R,BV-BRC,,BV-BRC,,,BV-BRC,,BV-BRC,,BV-BRC,,,,,BV-BRC,BV-BRC,,BV-BRC,,BV-BRC,BV-BRC
ERR553169,S,,S,,,,,R,,R,,,,,,,,R,,R,R,BV-BRC,,BV-BRC,,,,,BV-BRC,,BV-BRC,,,,,,,,BV-BRC,,BV-BRC,BV-BRC
ERR553178,S,,R,,,S,,R,,R,,,,,S,S,S,S,,R,R,BV-BRC,,BV-BRC,,,BV-BRC,,BV-BRC,,BV-BRC,,,,,BV-BRC,BV-BRC,BV-BRC,BV-BRC,,BV-BRC,BV-BRC
ERR553179,R,,S,,,,,R,,R,,,,,,,,S,,R,R,BV-BRC,,BV-BRC,,,,,BV-BRC,,BV-BRC,,,,,,,,BV-BRC,,BV-BRC,BV-BRC
ERR553181,S,,S,,,,,S,,R,,,,,,,,S,,R,R,BV-BRC,,BV-BRC,,,,,BV-BRC,,BV-BRC,,,,,,,,BV-BRC,,BV-BRC,BV-BRC
ERR553183,,,S,,,,,R,,R,,,,,S,,S,S,,R,R,,,BV-BRC,,,,,BV-BRC,,BV-BRC,,,,,BV-BRC,,BV-BRC,BV-BRC,,BV-BRC,BV-BRC
ERR553184,,,,,,,,R,,R,,,,,,,,R,,R,R,,,,,,,,BV-BRC,,BV-BRC,,,,,,,,BV-BRC,,BV-BRC,BV-BRC
ERR553190,S,,S,,,,,R,,R,,,,,,,,R,,R,R,BV-BRC,,BV-BRC,,,,,BV-BRC,,BV-BRC,,,,,,,,BV-BRC,,BV-BRC,BV-BRC
ERR553191,S,,S,,,S,,S,,R,,,,,S,S,S,S,,R,R,BV-BRC,,BV-BRC,,,BV-BRC,,BV-BRC,,BV-BRC,,,,,BV-BRC,BV-BRC,BV-BRC,BV-BRC,,BV-BRC,BV-BRC
ERR553192,S,,S,,,,,S,,R,,,,,,,,S,,R,R,BV-BRC,,BV-BRC,,,,,BV-BRC,,BV-BRC,,,,,,,,BV-BRC,,BV-BRC,BV-BRC
ERR553194,S,,S,,,S,,R,,R,,,,,S,S,R,R,,R,R,BV-BRC,,BV-BRC,,,BV-BRC,,BV-BRC,,BV-BRC,,,,,BV-BRC,BV-BRC,BV-BRC,BV-BRC,,BV-BRC,BV-BRC
ERR553195,S,,S,,,,,R,,R,,,,,,,,R,,R,R,BV-BRC,,BV-BRC,,,,,BV-BRC,,BV-BRC,,,,,,,,BV-BRC,,BV-BRC,BV-BRC
ERR553197,S,,S,,,S,,R,,R,,,,,S,S,S,S,,R,R,BV-BRC,,BV-BRC,,,BV-BRC,,BV-BRC,,BV-BRC,,,,,BV-BRC,BV-BRC,BV-BRC,BV-BRC,,BV-BRC,BV-BRC
ERR553198,S,,S,,,,,R,,R,,,,,,,,S,,R,R,BV-BRC,,BV-BRC,,,,,BV-BRC,,BV-BRC,,,,,,,,BV-BRC,,BV-BRC,BV-BRC
ERR553203,,,,,,,,S,,R,,,,,,,,S,,S,R,,,,,,,,BV-BRC,,BV-BRC,,,,,,,,BV-BRC,,BV-BRC,BV-BRC
ERR553208,R,,R,,,S,,R,,R,,,,,S,S,S,R,,R,R,BV-BRC,,BV-BRC,,,BV-BRC,,BV-BRC,,BV-BRC,,,,,BV-BRC,BV-BRC,BV-BRC,BV-BRC,,BV-BRC,BV-BRC
ERR553212,,,,,,,,S,,S,,,,,,,,S,,R,R,,,,,,,,BV-BRC,,BV-BRC,,,,,,,,BV-BRC,,BV-BRC,BV-BRC
ERR553217,R,,R,,,,,R,,R,,,,,,,,R,,R,R,BV-BRC,,BV-BRC,,,,,BV-BRC,,BV-BRC,,,,,,,,BV-BRC,,BV-BRC,BV-BRC
ERR553218,R,,R,,,S,,R,,R,,,,,S,S,S,R,,R,R,BV-BRC,,BV-BRC,,,BV-BRC,,BV-BRC,,BV-BRC,,,,,BV-BRC,BV-BRC,BV-BRC,BV-BRC,,BV-BRC,BV-BRC
ERR553226,,,,,,,,S,,S,,,,,,,,R,,R,R,,,,,,,,BV-BRC,,BV-BRC,,,,,,,,BV-BRC,,BV-BRC,BV-BRC
ERR553232,,,,,,,,S,,R,,,,,,,,S,,S,S,,,,,,,,BV-BRC,,BV-BRC,,,,,,,,BV-BRC,,BV-BRC,BV-BRC
ERR553237,,,,,,,,R,,R,,,,,,,,,,R,R,,,,,,,,BV-BRC,,BV-BRC,,,,,,,,,,BV-BRC,BV-BRC
ERR553238,,,,,,,,R,,R,,,,,,,,S,,R,R,,,,,,,,BV-BRC,,BV-BRC,,,,,,,,BV-BRC,,BV-BRC,BV-BRC
ERR553247,S,,S,,,,,S,,R,,,,,,,,S,,R,R,BV-BRC,,BV-BRC,,,,,BV-BRC,,BV-BRC,,,,,,,,BV-BRC,,BV-BRC,BV-BRC
ERR553314,,,,,,,,S,,R,,,,,,,,S,,S,S,,,,,,,,BV-BRC,,BV-BRC,,,,,,,,BV-BRC,,BV-BRC,BV-BRC
ERR553332,,,,,,,,S,,R,,,,,,,,S,,S,R,,,,,,,,BV-BRC,,BV-BRC,,,,,,,,BV-BRC,,BV-BRC,BV-BRC
ERR553347,,,,,,,,S,,R,,,,,,,,S,,S,S,,,,,,,,BV-BRC,,BV-BRC,,,,,,,,BV-BRC,,BV-BRC,BV-BRC
ERR553349,,,,,,,,S,,R,,,,,,,,S,,S,R,,,,,,,,BV-BRC,,BV-BRC,,,,,,,,BV-BRC,,BV-BRC,BV-BRC
ERR553393,S,,S,,,S,,R,,R,,,,,S,S,S,R,,R,R,BV-BRC,,BV-BRC,,,BV-BRC,,BV-BRC,,BV-BRC,,,,,BV-BRC,BV-BRC,BV-BRC,BV-BRC,,BV-BRC,BV-BRC
ERR553394,S,,S,,,,,R,,R,,,,,,,,R,,R,R,BV-BRC,,BV-BRC,,,,,BV-BRC,,BV-BRC,,,,,,,,BV-BRC,,BV-BRC,BV-BRC
SRR2099949,,,,,,,,S,,R,,,,,,,,S,,R,,,,,,,,,BV-BRC,,BV-BRC,,,,,,,,BV-BRC,,BV-BRC,
SRR2099950,,,,,,,,S,,S,,,,,,,,S,,S,,,,,,,,,BV-BRC,,BV-BRC,,,,,,,,BV-BRC,,BV-BRC,
SRR2099956,,,,,,,,S,,R,,,,,,,,S,,R,,,,,,,,,BV-BRC,,BV-BRC,,,,,,,,BV-BRC,,BV-BRC,
SRR2099958,,,,,,,,S,,R,,,,,,,,S,,S,,,,,,,,,BV-BRC,,BV-BRC,,,,,,,,BV-BRC,,BV-BRC,
SRR2099959,,,,,,,,S,,R,,,,,,,,S,,S,,,,,,,,,BV-BRC,,BV-BRC,,,,,,,,BV-BRC,,BV-BRC,
SRR2099960,,,,,,,,S,,R,,,,,,,,S,,S,,,,,,,,,BV-BRC,,BV-BRC,,,,,,,,BV-BRC,,BV-BRC,
SRR2099961,,,,,,,,S,,R,,,,,,,,S,,S,,,,,,,,,BV-BRC,,BV-BRC,,,,,,,,BV-BRC,,BV-BRC,
SRR2099963,,,,,,,,S,,R,,,,,,,,S,,S,,,,,,,,,BV-BRC,,BV-BRC,,,,,,,,BV-BRC,,BV-BRC,
SRR2099964,,,,,,,,S,,R,,,,,,,,S,,S,S,,,,,,,,BV-BRC,,BV-BRC,,,,,,,,BV-BRC,,BV-BRC,BV-BRC
SRR2099965,,,,,,,,S,,R,,,,,,,,S,,S,,,,,,,,,BV-BRC,,BV-BRC,,,,,,,,BV-BRC,,BV-BRC,
SRR2099966,,,,,,,,S,,R,,,,,,,,S,,S,,,,,,,,,BV-BRC,,BV-BRC,,,,,,,,BV-BRC,,BV-BRC,
SRR2099967,,,,,,,,S,,R,,,,,,,,S,,S,,,,,,,,,BV-BRC,,BV-BRC,,,,,,,,BV-BRC,,BV-BRC,
SRR2099968,,,,,,,,S,,R,,,,,,,,S,,S,,,,,,,,,BV-BRC,,BV-BRC,,,,,,,,BV-BRC,,BV-BRC,
SRR2099969,,,,,,,,R,,R,,,,,,,,R,,R,,,,,,,,,BV-BRC,,BV-BRC,,,,,,,,BV-BRC,,BV-BRC,
SRR2099970,,,,,,,,S,,R,,,,,,,,S,,S,,,,,,,,,BV-BRC,,BV-BRC,,,,,,,,BV-BRC,,BV-BRC,
SRR2099971,,,,,,,,S,,R,,,,,,,,S,,S,,,,,,,,,BV-BRC,,BV-BRC,,,,,,,,BV-BRC,,BV-BRC,
SRR2099972,,,,,,,,R,,S,,,,,,,,R,,,,,,,,,,,BV-BRC,,BV-BRC,,,,,,,,BV-BRC,,,
SRR2099973,,,,,,,,S,,R,,,,,,,,S,,S,,,,,,,,,BV-BRC,,BV-BRC,,,,,,,,BV-BRC,,BV-BRC,
SRR2099974,,,,,,,,R,,R,,,,,,,,S,,R,,,,,,,,,BV-BRC,,BV-BRC,,,,,,,,BV-BRC,,BV-BRC,
SRR2099975,,,,,,,,S,,R,,,,,,,,S,,S,,,,,,,,,BV-BRC,,BV-BRC,,,,,,,,BV-BRC,,BV-BRC,
SRR2099976,,,,,,,,S,,R,,,,,,,,S,,R,,,,,,,,,BV-BRC,,BV-BRC,,,,,,,,BV-BRC,,BV-BRC,
SRR2099977,,,,,,,,S,,R,,,,,,,,S,,S,,,,,,,,,BV-BRC,,BV-BRC,,,,,,,,BV-BRC,,BV-BRC,
SRR2099978,,,,,,,,S,,R,,,,,,,,S,,R,,,,,,,,,BV-BRC,,BV-BRC,,,,,,,,BV-BRC,,BV-BRC,
SRR2099979,,,,,,,,S,,R,,,,,,,,S,,S,,,,,,,,,BV-BRC,,BV-BRC,,,,,,,,BV-BRC,,BV-BRC,
SRR2099980,,,,,,,,S,,R,,,,,,,,S,,S,,,,,,,,,BV-BRC,,BV-BRC,,,,,,,,BV-BRC,,BV-BRC,
SRR2099981,,,,,,,,S,,R,,,,,,,,S,,S,,,,,,,,,BV-BRC,,BV-BRC,,,,,,,,BV-BRC,,BV-BRC,
SRR2099982,,,,,,,,S,,R,,,,,,,,S,,R,,,,,,,,,BV-BRC,,BV-BRC,,,,,,,,BV-BRC,,BV-BRC,
SRR2099983,,,,,,,,S,,R,,,,,,,,S,,S,,,,,,,,,BV-BRC,,BV-BRC,,,,,,,,BV-BRC,,BV-BRC,
SRR2099984,,,,,,,,S,,R,,,,,,,,S,,S,,,,,,,,,BV-BRC,,BV-BRC,,,,,,,,BV-BRC,,BV-BRC,
SRR2099985,,,,,,,,S,,R,,,,,,,,S,,S,,,,,,,,,BV-BRC,,BV-BRC,,,,,,,,BV-BRC,,BV-BRC,
SRR2099986,,,,,,,,S,,R,,,,,,,,S,,S,,,,,,,,,BV-BRC,,BV-BRC,,,,,,,,BV-BRC,,BV-BRC,
SRR2099987,,,,,,,,S,,R,,,,,,,,S,,S,,,,,,,,,BV-BRC,,BV-BRC,,,,,,,,BV-BRC,,BV-BRC,
SRR2099988,,,,,,,,S,,R,,,,,,,,S,,S,,,,,,,,,BV-BRC,,BV-BRC,,,,,,,,BV-BRC,,BV-BRC,
SRR2099989,,,,,,,,S,,R,,,,,,,,S,,S,,,,,,,,,BV-BRC,,BV-BRC,,,,,,,,BV-BRC,,BV-BRC,
SRR2100006,,,,,,,,S,,R,,,,,,,,S,,S,,,,,,,,,BV-BRC,,BV-BRC,,,,,,,,BV-BRC,,BV-BRC,
SRR2100010,,,,,,,,S,,S,,,,,,,,S,,S,,,,,,,,,BV-BRC,,BV-BRC,,,,,,,,BV-BRC,,BV-BRC,
SRR2100014,,,,,,,,S,,S,,,,,,,,S,,S,,,,,,,,,BV-BRC,,BV-BRC,,,,,,,,BV-BRC,,BV-BRC,
SRR2100015,,,,,,,,S,,R,,,,,,,,S,,S,,,,,,,,,BV-BRC,,BV-BRC,,,,,,,,BV-BRC,,BV-BRC,
SRR2100021,,,,,,,,S,,R,,,,,,,,S,,R,,,,,,,,,BV-BRC,,BV-BRC,,,,,,,,BV-BRC,,BV-BRC,
SRR2100026,,,,,,,,S,,R,,,,,,,,S,,R,,,,,,,,,BV-BRC,,BV-BRC,,,,,,,,BV-BRC,,BV-BRC,
SRR2100031,,,,,,,,S,,R,,,,,,,,S,,S,,,,,,,,,BV-BRC,,BV-BRC,,,,,,,,BV-BRC,,BV-BRC,
SRR2100032,,,,,,,,S,,R,,,,,,,,S,,S,,,,,,,,,BV-BRC,,BV-BRC,,,,,,,,BV-BRC,,BV-BRC,
SRR2100048,,,,,,,,S,,S,,,,,,,,S,,S,,,,,,,,,BV-BRC,,BV-BRC,,,,,,,,BV-BRC,,BV-BRC,
SRR2100054,,,,,,,,S,,S,,,,,,,,S,,S,,,,,,,,,BV-BRC,,BV-BRC,,,,,,,,BV-BRC,,BV-BRC,
SRR2100058,,,,,,,,S,,R,,,,,,,,S,,S,,,,,,,,,BV-BRC,,BV-BRC,,,,,,,,BV-BRC,,BV-BRC,
SRR2100065,,,,,,,,S,,R,,,,,,,,S,,S,,,,,,,,,BV-BRC,,BV-BRC,,,,,,,,BV-BRC,,BV-BRC,
SRR2100080,,,,,,,,S,,S,,,,,,,,S,,S,S,,,,,,,,BV-BRC,,BV-BRC,,,,,,,,BV-BRC,,BV-BRC,BV-BRC
SRR2100093,,,,,,,,S,,S,,,,,,,,S,,S,,,,,,,,,BV-BRC,,BV-BRC,,,,,,,,BV-BRC,,BV-BRC,
SRR2100097,,,,S,,,,S,,R,,,,,,,,R,,S,,,,,BV-BRC,,,,BV-BRC,,BV-BRC,,,,,,,,BV-BRC,,BV-BRC,
SRR2100101,,,,S,,,,S,,R,,,,,,,,S,,R,S,,,,BV-BRC,,,,BV-BRC,,BV-BRC,,,,,,,,BV-BRC,,BV-BRC,BV-BRC
SRR2100108,,,,S,,,,S,,R,,,,,,,,S,,S,,,,,BV-BRC,,,,BV-BRC,,BV-BRC,,,,,,,,BV-BRC,,BV-BRC,
SRR2100125,,,,,,,,S,,S,,,,,,,,S,,S,,,,,,,,,BV-BRC,,BV-BRC,,,,,,,,BV-BRC,,BV-BRC,
SRR2100131,,,,S,,,,S,,R,,,,,,,,R,,S,,,,,BV-BRC,,,,BV-BRC,,BV-BRC,,,,,,,,BV-BRC,,BV-BRC,
SRR2100132,,,,,,,,R,,R,,,,,,,,R,,R,,,,,,,,,BV-BRC,,BV-BRC,,,,,,,,BV-BRC,,BV-BRC,
SRR2100138,,,,,,,,S,,S,,,,,,,,S,,S,S,,,,,,,,BV-BRC,,BV-BRC,,,,,,,,BV-BRC,,BV-BRC,BV-BRC
SRR2100148,,,,S,,,,S,,R,,,,,,,,S,,S,,,,,BV-BRC,,,,BV-BRC,,BV-BRC,,,,,,,,BV-BRC,,BV-BRC,
SRR2100149,,,,S,,,,S,,R,,,,,,,,,,S,,,,,BV-BRC,,,,BV-BRC,,BV-BRC,,,,,,,,,,BV-BRC,
SRR2100154,,,,,,,,S,,S,,,,,,,,S,,S,,,,,,,,,BV-BRC,,BV-BRC,,,,,,,,BV-BRC,,BV-BRC,
SRR2100156,,,,S,,,,S,,R,,,,,,,,S,,S,,,,,BV-BRC,,,,BV-BRC,,BV-BRC,,,,,,,,BV-BRC,,BV-BRC,
SRR2100157,,,,S,,,,S,,R,,,,,,,,S,,S,,,,,BV-BRC,,,,BV-BRC,,BV-BRC,,,,,,,,BV-BRC,,BV-BRC,
SRR2100158,,,,S,,,,S,,R,,,,,,,,S,,S,,,,,BV-BRC,,,,BV-BRC,,BV-BRC,,,,,,,,BV-BRC,,BV-BRC,
SRR2100159,,,,S,,,,S,,R,,,,,,,,S,,S,,,,,BV-BRC,,,,BV-BRC,,BV-BRC,,,,,,,,BV-BRC,,BV-BRC,
SRR2100166,,,,S,,,,S,,R,,,,,,,,S,,S,,,,,BV-BRC,,,,BV-BRC,,BV-BRC,,,,,,,,BV-BRC,,BV-BRC,
SRR2100167,,,,S,,,,S,,R,,,,,,,,S,,S,,,,,BV-BRC,,,,BV-BRC,,BV-BRC,,,,,,,,BV-BRC,,BV-BRC,
SRR2100168,,,,S,,,,S,,R,,,,,,,,S,,S,,,,,BV-BRC,,,,BV-BRC,,BV-BRC,,,,,,,,BV-BRC,,BV-BRC,
SRR2100175,,,,S,,,,S,,R,,,,,,,,S,,S,,,,,BV-BRC,,,,BV-BRC,,BV-BRC,,,,,,,,BV-BRC,,BV-BRC,
SRR2100176,S,,S,S,,,,S,,R,S,,,S,,,,S,,S,R,BV-BRC,,BV-BRC,BV-BRC,,,,BV-BRC,,BV-BRC,BV-BRC,,,BV-BRC,,,,BV-BRC,,BV-BRC,BV-BRC
SRR2100177,,,,S,,,,S,,R,,,,,,,,S,,S,,,,,BV-BRC,,,,BV-BRC,,BV-BRC,,,,,,,,BV-BRC,,BV-BRC,
SRR2100178,S,,S,S,,,,S,,R,S,,,S,,,,S,,S,,BV-BRC,,BV-BRC,BV-BRC,,,,BV-BRC,,BV-BRC,BV-BRC,,,BV-BRC,,,,BV-BRC,,BV-BRC,
SRR2100179,,,,S,,,,S,,R,,,,,,,,S,,S,,,,,BV-BRC,,,,BV-BRC,,BV-BRC,,,,,,,,BV-BRC,,BV-BRC,
SRR2100180,,,,,,,,S,,S,,,,,,,,S,,S,,,,,,,,,BV-BRC,,BV-BRC,,,,,,,,BV-BRC,,BV-BRC,
SRR2100186,,,,S,,,,S,,R,,,,,,,,S,,S,,,,,BV-BRC,,,,BV-BRC,,BV-BRC,,,,,,,,BV-BRC,,BV-BRC,
SRR2100187,,,,S,,,,S,,R,,,,,,,,S,,S,,,,,BV-BRC,,,,BV-BRC,,BV-BRC,,,,,,,,BV-BRC,,BV-BRC,
SRR2100188,,,,S,,,,S,,R,,,,,,,,S,,S,,,,,BV-BRC,,,,BV-BRC,,BV-BRC,,,,,,,,BV-BRC,,BV-BRC,
SRR2100189,,,,S,,,,S,,R,,,,,,,,S,,S,,,,,BV-BRC,,,,BV-BRC,,BV-BRC,,,,,,,,BV-BRC,,BV-BRC,
SRR2100194,,,,S,,,,S,,R,,,,,,,,S,,S,,,,,BV-BRC,,,,BV-BRC,,BV-BRC,,,,,,,,BV-BRC,,BV-BRC,
SRR2100196,,,,S,,,,S,,R,,,,,,,,S,,S,,,,,BV-BRC,,,,BV-BRC,,BV-BRC,,,,,,,,BV-BRC,,BV-BRC,
SRR2100197,,,,S,,,,S,,R,,,,,,,,S,,S,,,,,BV-BRC,,,,BV-BRC,,BV-BRC,,,,,,,,BV-BRC,,BV-BRC,
SRR2100198,,,,S,,,,S,,R,,,,,,,,S,,S,,,,,BV-BRC,,,,BV-BRC,,BV-BRC,,,,,,,,BV-BRC,,BV-BRC,
SRR2100204,,,,,,,,S,,S,,,,,,,,S,,S,,,,,,,,,BV-BRC,,BV-BRC,,,,,,,,BV-BRC,,BV-BRC,
SRR2100206,S,,S,S,,,,S,,S,S,,,S,,,,S,,R,,BV-BRC,,BV-BRC,BV-BRC,,,,BV-BRC,,BV-BRC,BV-BRC,,,BV-BRC,,,,BV-BRC,,BV-BRC,
SRR2100207,,,,S,,,,S,,R,,,,,,,,S,,S,,,,,BV-BRC,,,,BV-BRC,,BV-BRC,,,,,,,,BV-BRC,,BV-BRC,
SRR2100208,,,,S,,,,S,,R,,,,,,,,S,,S,,,,,BV-BRC,,,,BV-BRC,,BV-BRC,,,,,,,,BV-BRC,,BV-BRC,
SRR2100209,,,,S,,,,S,,R,,,,,,,,S,,S,,,,,BV-BRC,,,,BV-BRC,,BV-BRC,,,,,,,,BV-BRC,,BV-BRC,
SRR2100215,,,,S,,,,S,,R,,,,,,,,S,,S,,,,,BV-BRC,,,,BV-BRC,,BV-BRC,,,,,,,,BV-BRC,,BV-BRC,
SRR2100216,,,,S,,,,S,,R,,,,,,,,S,,S,,,,,BV-BRC,,,,BV-BRC,,BV-BRC,,,,,,,,BV-BRC,,BV-BRC,
SRR2100217,S,,S,S,,,,S,,R,S,,,S,,,,S,,R,S,BV-BRC,,BV-BRC,BV-BRC,,,,BV-BRC,,BV-BRC,BV-BRC,,,BV-BRC,,,,BV-BRC,,BV-BRC,BV-BRC
SRR2100218,,,,S,,,,S,,R,,,,,,,,S,,S,,,,,BV-BRC,,,,BV-BRC,,BV-BRC,,,,,,,,BV-BRC,,BV-BRC,
SRR2100219,,,,S,,,,S,,R,,,,,,,,S,,S,,,,,BV-BRC,,,,BV-BRC,,BV-BRC,,,,,,,,BV-BRC,,BV-BRC,
SRR2100220,,,,S,,,,S,,R,,,,,,,,S,,S,,,,,BV-BRC,,,,BV-BRC,,BV-BRC,,,,,,,,BV-BRC,,BV-BRC,
SRR2100225,,,,S,,,,S,,R,,,,,,,,S,,S,,,,,BV-BRC,,,,BV-BRC,,BV-BRC,,,,,,,,BV-BRC,,BV-BRC,
SRR2100226,S,,S,S,,,,S,,S,S,,,S,,,,S,,R,S,BV-BRC,,BV-BRC,BV-BRC,,,,BV-BRC,,BV-BRC,BV-BRC,,,BV-BRC,,,,BV-BRC,,BV-BRC,BV-BRC
SRR2100227,S,,S,R,,,,R,,R,R,,,R,,,,S,,R,,BV-BRC,,BV-BRC,BV-BRC,,,,BV-BRC,,BV-BRC,BV-BRC,,,BV-BRC,,,,BV-BRC,,BV-BRC,
SRR2100228,S,,S,,,,,R,,R,S,,,S,,,,S,,S,S,BV-BRC,,BV-BRC,,,,,BV-BRC,,BV-BRC,BV-BRC,,,BV-BRC,,,,BV-BRC,,BV-BRC,BV-BRC
SRR2100229,,,,S,,,,S,,R,,,,,,,,S,,S,,,,,BV-BRC,,,,BV-BRC,,BV-BRC,,,,,,,,BV-BRC,,BV-BRC,
SRR2100231,S,,S,S,,,,R,,R,S,,,S,,,,S,,R,R,BV-BRC,,BV-BRC,BV-BRC,,,,BV-BRC,,BV-BRC,BV-BRC,,,BV-BRC,,,,BV-BRC,,BV-BRC,BV-BRC
SRR2100234,,,,S,,,,R,,R,,,,,,,,S,,R,,,,,BV-BRC,,,,BV-BRC,,BV-BRC,,,,,,,,BV-BRC,,BV-BRC,
SRR2100238,S,,,S,,,,S,,R,S,,,S,,,,R,,R,,BV-BRC,,,BV-BRC,,,,BV-BRC,,BV-BRC,BV-BRC,,,BV-BRC,,,,BV-BRC,,BV-BRC,
SRR2100239,S,,S,R,,,,R,,S,S,,,R,,,,,,R,,BV-BRC,,BV-BRC,BV-BRC,,,,BV-BRC,,BV-BRC,BV-BRC,,,BV-BRC,,,,,,BV-BRC,
SRR2100240,,,,S,,,,S,,R,,,,,,,,S,,S,,,,,BV-BRC,,,,BV-BRC,,BV-BRC,,,,,,,,BV-BRC,,BV-BRC,
SRR2100245,,,,S,,,,S,,R,,,,,,,,S,,S,,,,,BV-BRC,,,,BV-BRC,,BV-BRC,,,,,,,,BV-BRC,,BV-BRC,
SRR2100246,S,,S,S,,,,S,,R,S,,,S,,,,S,,R,S,BV-BRC,,BV-BRC,BV-BRC,,,,BV-BRC,,BV-BRC,BV-BRC,,,BV-BRC,,,,BV-BRC,,BV-BRC,BV-BRC
SRR2100248,,,,S,,,,S,,R,,,,,,,,S,,S,,,,,BV-BRC,,,,BV-BRC,,BV-BRC,,,,,,,,BV-BRC,,BV-BRC,
SRR2100249,,,,S,,,,S,,R,,,,,,,,S,,S,,,,,BV-BRC,,,,BV-BRC,,BV-BRC,,,,,,,,BV-BRC,,BV-BRC,
SRR2100250,R,,R,,,,,S,,R,R,,,R,,,,S,,R,R,BV-BRC,,BV-BRC,,,,,BV-BRC,,BV-BRC,BV-BRC,,,BV-BRC,,,,BV-BRC,,BV-BRC,BV-BRC
SRR2100251,,,,S,,,,S,,R,,,,,,,,S,,S,,,,,BV-BRC,,,,BV-BRC,,BV-BRC,,,,,,,,BV-BRC,,BV-BRC,
SRR2100257,R,,R,S,,,,R,,R,R,,,S,,,,S,,R,,BV-BRC,,BV-BRC,BV-BRC,,,,BV-BRC,,BV-BRC,BV-BRC,,,BV-BRC,,,,BV-BRC,,BV-BRC,
SRR2100258,,,,S,,,,S,,R,,,,,,,,S,,S,,,,,BV-BRC,,,,BV-BRC,,BV-BRC,,,,,,,,BV-BRC,,BV-BRC,
SRR2100259,,,,S,,,,S,,R,,,,,,,,S,,S,,,,,BV-BRC,,,,BV-BRC,,BV-BRC,,,,,,,,BV-BRC,,BV-BRC,
SRR2100260,,,,S,,,,S,,R,,,,,,,,S,,S,,,,,BV-BRC,,,,BV-BRC,,BV-BRC,,,,,,,,BV-BRC,,BV-BRC,
SRR2100261,,,,S,,,,S,,R,,,,,,,,S,,S,,,,,BV-BRC,,,,BV-BRC,,BV-BRC,,,,,,,,BV-BRC,,BV-BRC,
SRR2100264,,,,,,,,S,,S,,,,,,,,S,,S,,,,,,,,,BV-BRC,,BV-BRC,,,,,,,,BV-BRC,,BV-BRC,
SRR2100267,S,,S,S,,,,R,,R,S,,,S,,,,S,,R,,BV-BRC,,BV-BRC,BV-BRC,,,,BV-BRC,,BV-BRC,BV-BRC,,,BV-BRC,,,,BV-BRC,,BV-BRC,
SRR2100270,,,,S,,,,S,,R,,,,,,,,S,,S,,,,,BV-BRC,,,,BV-BRC,,BV-BRC,,,,,,,,BV-BRC,,BV-BRC,
SRR2100271,,,,S,,,,S,,R,,,,,,,,S,,S,,,,,BV-BRC,,,,BV-BRC,,BV-BRC,,,,,,,,BV-BRC,,BV-BRC,
SRR2100272,,,,S,,,,S,,R,,,,,,,,S,,S,,,,,BV-BRC,,,,BV-BRC,,BV-BRC,,,,,,,,BV-BRC,,BV-BRC,
SRR2100278,,,,S,,,,S,,R,,,,,,,,S,,S,,,,,BV-BRC,,,,BV-BRC,,BV-BRC,,,,,,,,BV-BRC,,BV-BRC,
SRR2100282,S,,S,S,,,,S,,R,S,,,S,,,,S,,R,,BV-BRC,,BV-BRC,BV-BRC,,,,BV-BRC,,BV-BRC,BV-BRC,,,BV-BRC,,,,BV-BRC,,BV-BRC,
SRR2100283,,,,S,,,,S,,R,,,,,,,,S,,S,,,,,BV-BRC,,,,BV-BRC,,BV-BRC,,,,,,,,BV-BRC,,BV-BRC,
SRR2100288,S,,S,S,,,,S,,R,S,,,S,,,,R,,S,S,BV-BRC,,BV-BRC,BV-BRC,,,,BV-BRC,,BV-BRC,BV-BRC,,,BV-BRC,,,,BV-BRC,,BV-BRC,BV-BRC
SRR2100289,,,,S,,,,S,,R,,,,,,,,S,,S,,,,,BV-BRC,,,,BV-BRC,,BV-BRC,,,,,,,,BV-BRC,,BV-BRC,
SRR2100290,,,,S,,,,S,,R,,,,,,,,S,,S,,,,,BV-BRC,,,,BV-BRC,,BV-BRC,,,,,,,,BV-BRC,,BV-BRC,
SRR2100294,S,,S,,,,,S,,R,S,,,S,,,,R,,R,,BV-BRC,,BV-BRC,,,,,BV-BRC,,BV-BRC,BV-BRC,,,BV-BRC,,,,BV-BRC,,BV-BRC,
SRR2100295,,,,S,,,,S,,R,,,,,,,,S,,S,,,,,BV-BRC,,,,BV-BRC,,BV-BRC,,,,,,,,BV-BRC,,BV-BRC,
SRR2100300,,,,S,,,,S,,R,,,,,,,,S,,S,,,,,BV-BRC,,,,BV-BRC,,BV-BRC,,,,,,,,BV-BRC,,BV-BRC,
SRR2100301,S,,S,S,,,,S,,R,S,,,S,,,,S,,R,,BV-BRC,,BV-BRC,BV-BRC,,,,BV-BRC,,BV-BRC,BV-BRC,,,BV-BRC,,,,BV-BRC,,BV-BRC,
SRR2100305,,,,,,,,S,,S,,,,,,,,S,,S,,,,,,,,,BV-BRC,,BV-BRC,,,,,,,,BV-BRC,,BV-BRC,
SRR2100306,S,,S,S,,,,R,,R,S,,,S,,,,R,,R,R,BV-BRC,,BV-BRC,BV-BRC,,,,BV-BRC,,BV-BRC,BV-BRC,,,BV-BRC,,,,BV-BRC,,BV-BRC,BV-BRC
SRR2100312,,,,S,,,,S,,R,,,,,,,,S,,S,,,,,BV-BRC,,,,BV-BRC,,BV-BRC,,,,,,,,BV-BRC,,BV-BRC,
SRR2100320,,,,S,,,,S,,R,,,,,,,,S,,S,,,,,BV-BRC,,,,BV-BRC,,BV-BRC,,,,,,,,BV-BRC,,BV-BRC,
SRR2100321,,,,S,,,,S,,R,,,,,,,,S,,S,,,,,BV-BRC,,,,BV-BRC,,BV-BRC,,,,,,,,BV-BRC,,BV-BRC,
SRR2100323,,,,S,,,,S,,R,,,,,,,,S,,S,,,,,BV-BRC,,,,BV-BRC,,BV-BRC,,,,,,,,BV-BRC,,BV-BRC,
SRR2100324,S,,S,S,,,,S,,R,S,,,S,,,,S,,R,,BV-BRC,,BV-BRC,BV-BRC,,,,BV-BRC,,BV-BRC,BV-BRC,,,BV-BRC,,,,BV-BRC,,BV-BRC,
SRR2100325,,,,S,,,,S,,R,,,,,,,,S,,S,,,,,BV-BRC,,,,BV-BRC,,BV-BRC,,,,,,,,BV-BRC,,BV-BRC,
SRR2100326,,,,,,,,S,,S,,,,,,,,S,,S,,,,,,,,,BV-BRC,,BV-BRC,,,,,,,,BV-BRC,,BV-BRC,
SRR2100331,S,,S,S,,,,S,,R,S,,,S,,,,R,,R,,BV-BRC,,BV-BRC,BV-BRC,,,,BV-BRC,,BV-BRC,BV-BRC,,,BV-BRC,,,,BV-BRC,,BV-BRC,
SRR2100332,,,,S,,,,S,,R,,,,,,,,S,,S,,,,,BV-BRC,,,,BV-BRC,,BV-BRC,,,,,,,,BV-BRC,,BV-BRC,
SRR2100335,S,,S,S,,,,R,,R,S,,,S,,,,S,,R,R,BV-BRC,,BV-BRC,BV-BRC,,,,BV-BRC,,BV-BRC,BV-BRC,,,BV-BRC,,,,BV-BRC,,BV-BRC,BV-BRC
SRR2100340,,,,S,,,,S,,R,,,,,,,,S,,S,,,,,BV-BRC,,,,BV-BRC,,BV-BRC,,,,,,,,BV-BRC,,BV-BRC,
SRR2100341,,,,S,,,,S,,R,,,,,,,,S,,S,,,,,BV-BRC,,,,BV-BRC,,BV-BRC,,,,,,,,BV-BRC,,BV-BRC,
SRR2100342,,,,S,,,,S,,R,,,,,,,,S,,S,,,,,BV-BRC,,,,BV-BRC,,BV-BRC,,,,,,,,BV-BRC,,BV-BRC,
SRR2100343,,,,S,,,,S,,R,,,,,,,,S,,S,,,,,BV-BRC,,,,BV-BRC,,BV-BRC,,,,,,,,BV-BRC,,BV-BRC,
SRR2100344,,,,,,,,S,,R,,,,,,,,S,,S,,,,,,,,,BV-BRC,,BV-BRC,,,,,,,,BV-BRC,,BV-BRC,
SRR2100347,,,,,,,,S,,S,,,,,,,,S,,S,,,,,,,,,BV-BRC,,BV-BRC,,,,,,,,BV-BRC,,BV-BRC,
SRR2100349,S,,S,S,,,,S,,R,S,,,S,,,,S,,R,S,BV-BRC,,BV-BRC,BV-BRC,,,,BV-BRC,,BV-BRC,BV-BRC,,,BV-BRC,,,,BV-BRC,,BV-BRC,BV-BRC
SRR2100350,,,,S,,,,S,,R,,,,,,,,S,,S,,,,,BV-BRC,,,,BV-BRC,,BV-BRC,,,,,,,,BV-BRC,,BV-BRC,
SRR2100351,,,,S,,,,S,,R,,,,,,,,S,,S,,,,,BV-BRC,,,,BV-BRC,,BV-BRC,,,,,,,,BV-BRC,,BV-BRC,
SRR2100352,S,,S,S,,,,R,,R,S,,,S,,,,R,,R,R,BV-BRC,,BV-BRC,BV-BRC,,,,BV-BRC,,BV-BRC,BV-BRC,,,BV-BRC,,,,BV-BRC,,BV-BRC,BV-BRC
SRR2100353,,,,S,,,,S,,R,,,,,,,,S,,S,,,,,BV-BRC,,,,BV-BRC,,BV-BRC,,,,,,,,BV-BRC,,BV-BRC,
SRR2100367,S,,S,,,,,S,,R,S,,,S,,,,S,,R,R,BV-BRC,,BV-BRC,,,,,BV-BRC,,BV-BRC,BV-BRC,,,BV-BRC,,,,BV-BRC,,BV-BRC,BV-BRC
SRR2100368,S,,S,S,,,,S,,R,S,,,S,,,,S,,R,,BV-BRC,,BV-BRC,BV-BRC,,,,BV-BRC,,BV-BRC,BV-BRC,,,BV-BRC,,,,BV-BRC,,BV-BRC,
SRR2100369,,,,S,,,,S,,R,,,,,,,,S,,S,,,,,BV-BRC,,,,BV-BRC,,BV-BRC,,,,,,,,BV-BRC,,BV-BRC,
SRR2100370,S,,S,S,,,,S,,R,S,,,S,,,,S,,S,S,BV-BRC,,BV-BRC,BV-BRC,,,,BV-BRC,,BV-BRC,BV-BRC,,,BV-BRC,,,,BV-BRC,,BV-BRC,BV-BRC
SRR2100372,,,,,,,,S,,S,,,,,,,,S,,S,,,,,,,,,BV-BRC,,BV-BRC,,,,,,,,BV-BRC,,BV-BRC,
SRR2100374,,,,S,,,,S,,R,,,,,,,,S,,S,,,,,BV-BRC,,,,BV-BRC,,BV-BRC,,,,,,,,BV-BRC,,BV-BRC,
SRR2100376,S,,S,R,,,,S,,R,S,,,R,,,,R,,R,S,BV-BRC,,BV-BRC,BV-BRC,,,,BV-BRC,,BV-BRC,BV-BRC,,,BV-BRC,,,,BV-BRC,,BV-BRC,BV-BRC
SRR2100377,,,,S,,,,S,,R,,,,,,,,S,,S,,,,,BV-BRC,,,,BV-BRC,,BV-BRC,,,,,,,,BV-BRC,,BV-BRC,
SRR2100380,,,,,,,,S,,S,,,,,,,,S,,S,,,,,,,,,BV-BRC,,BV-BRC,,,,,,,,BV-BRC,,BV-BRC,
SRR2100383,,,,S,,,,S,,R,,,,,,,,S,,S,,,,,BV-BRC,,,,BV-BRC,,BV-BRC,,,,,,,,BV-BRC,,BV-BRC,
SRR2100385,S,,S,S,,,,R,,R,S,,,S,,,,R,,R,,BV-BRC,,BV-BRC,BV-BRC,,,,BV-BRC,,BV-BRC,BV-BRC,,,BV-BRC,,,,BV-BRC,,BV-BRC,
SRR2100386,,,,R,,,,S,,R,,,,,,,,S,,S,,,,,BV-BRC,,,,BV-BRC,,BV-BRC,,,,,,,,BV-BRC,,BV-BRC,
SRR2100387,S,,S,S,,,,,,R,S,,,S,,,,R,,R,R,BV-BRC,,BV-BRC,BV-BRC,,,,,,BV-BRC,BV-BRC,,,BV-BRC,,,,BV-BRC,,BV-BRC,BV-BRC
SRR2100389,,,,,,,,R,,S,,,,,,,,R,,R,R,,,,,,,,BV-BRC,,BV-BRC,,,,,,,,BV-BRC,,BV-BRC,BV-BRC
SRR2100390,,,,,,,,,,R,,,,,,,,S,,R,,,,,,,,,,,BV-BRC,,,,,,,,BV-BRC,,BV-BRC,
SRR2100391,,,,S,,,,S,,R,,,,,,,,S,,S,,,,,BV-BRC,,,,BV-BRC,,BV-BRC,,,,,,,,BV-BRC,,BV-BRC,
SRR2100392,S,,S,S,,,,S,,R,S,,,S,,,,R,,R,R,BV-BRC,,BV-BRC,BV-BRC,,,,BV-BRC,,BV-BRC,BV-BRC,,,BV-BRC,,,,BV-BRC,,BV-BRC,BV-BRC
SRR2100393,,,,S,,,,S,,R,,,,,,,,S,,S,,,,,BV-BRC,,,,BV-BRC,,BV-BRC,,,,,,,,BV-BRC,,BV-BRC,
SRR2100394,,,,S,,,,S,,R,,,,,,,,S,,S,,,,,BV-BRC,,,,BV-BRC,,BV-BRC,,,,,,,,BV-BRC,,BV-BRC,
SRR2100395,,,,S,,,,S,,R,,,,,,,,S,,S,,,,,BV-BRC,,,,BV-BRC,,BV-BRC,,,,,,,,BV-BRC,,BV-BRC,
SRR2100397,,,,S,,,,S,,R,,,,,,,,S,,S,,,,,BV-BRC,,,,BV-BRC,,BV-BRC,,,,,,,,BV-BRC,,BV-BRC,
SRR2100398,,,,S,,,,S,,S,,,,,,,,S,,R,,,,,BV-BRC,,,,BV-BRC,,BV-BRC,,,,,,,,BV-BRC,,BV-BRC,
SRR2100399,,,,S,,,,S,,R,,,,,,,,S,,S,,,,,BV-BRC,,,,BV-BRC,,BV-BRC,,,,,,,,BV-BRC,,BV-BRC,
SRR2100400,S,,S,,,,,R,,R,S,,,S,,,,R,,R,S,BV-BRC,,BV-BRC,,,,,BV-BRC,,BV-BRC,BV-BRC,,,BV-BRC,,,,BV-BRC,,BV-BRC,BV-BRC
SRR2100402,S,,S,,,,,S,,R,S,,,S,,,,S,,R,R,BV-BRC,,BV-BRC,,,,,BV-BRC,,BV-BRC,BV-BRC,,,BV-BRC,,,,BV-BRC,,BV-BRC,BV-BRC
SRR2100403,,,,,,,,S,,S,,,,,,,,S,,S,S,,,,,,,,BV-BRC,,BV-BRC,,,,,,,,BV-BRC,,BV-BRC,BV-BRC
SRR2100417,,,,,,,,S,,R,,,,,,,,S,,S,S,,,,,,,,BV-BRC,,BV-BRC,,,,,,,,BV-BRC,,BV-BRC,BV-BRC
SRR2100419,S,,S,,,,,R,,R,R,,,R,,,,R,,R,R,BV-BRC,,BV-BRC,,,,,BV-BRC,,BV-BRC,BV-BRC,,,BV-BRC,,,,BV-BRC,,BV-BRC,BV-BRC
SRR2100429,S,,S,,,,,R,,R,S,,,S,,,,S,,R,R,BV-BRC,,BV-BRC,,,,,BV-BRC,,BV-BRC,BV-BRC,,,BV-BRC,,,,BV-BRC,,BV-BRC,BV-BRC
SRR2100432,,,,,,,,S,,R,,,,,,,,R,,R,S,,,,,,,,BV-BRC,,BV-BRC,,,,,,,,BV-BRC,,BV-BRC,BV-BRC
SRR2100446,,,,,,,,S,,R,,,,,,,,S,,S,S,,,,,,,,BV-BRC,,BV-BRC,,,,,,,,BV-BRC,,BV-BRC,BV-BRC
SRR2100448,,,,,,,,S,,S,,,,,,,,S,,S,S,,,,,,,,BV-BRC,,BV-BRC,,,,,,,,BV-BRC,,BV-BRC,BV-BRC
SRR2100450,,,,,,,,S,,S,,,,,,,,S,,S,S,,,,,,,,BV-BRC,,BV-BRC,,,,,,,,BV-BRC,,BV-BRC,BV-BRC
SRR2100453,,,,,,,,S,,R,,,,,,,,S,,S,S,,,,,,,,BV-BRC,,BV-BRC,,,,,,,,BV-BRC,,BV-BRC,BV-BRC
SRR2100456,,,,,,,,S,,S,,,,,,,,S,,S,S,,,,,,,,BV-BRC,,BV-BRC,,,,,,,,BV-BRC,,BV-BRC,BV-BRC
SRR2100459,S,,R,,,,,R,,R,,,,S,,,,S,,R,R,BV-BRC,,BV-BRC,,,,,BV-BRC,,BV-BRC,,,,BV-BRC,,,,BV-BRC,,BV-BRC,BV-BRC
SRR2100460,,,,,,,,S,,S,,,,,,,,S,,S,S,,,,,,,,BV-BRC,,BV-BRC,,,,,,,,BV-BRC,,BV-BRC,BV-BRC
SRR2100495,,,,,,,,S,,S,,,,,,,,S,,S,,,,,,,,,BV-BRC,,BV-BRC,,,,,,,,BV-BRC,,BV-BRC,
SRR2100499,,,,S,,,,S,,R,,,,,,,,S,,S,,,,,BV-BRC,,,,BV-BRC,,BV-BRC,,,,,,,,BV-BRC,,BV-BRC,
SRR2100508,,,,,,,,S,,S,,,,,,,,S,,S,,,,,,,,,BV-BRC,,BV-BRC,,,,,,,,BV-BRC,,BV-BRC,
SRR2100567,,,,,,,,S,,S,,,,,,,,S,,S,,,,,,,,,BV-BRC,,BV-BRC,,,,,,,,BV-BRC,,BV-BRC,
SRR2100572,,,,,,,,S,,S,,,,,,,,S,,S,,,,,,,,,BV-BRC,,BV-BRC,,,,,,,,BV-BRC,,BV-BRC,
SRR2100598,,,,,,,,S,,S,,,,,,,,S,,S,,,,,,,,,BV-BRC,,BV-BRC,,,,,,,,BV-BRC,,BV-BRC,
SRR2100601,S,,S,S,,,,S,,S,S,,,S,,,,S,,R,S,BV-BRC,,BV-BRC,BV-BRC,,,,BV-BRC,,BV-BRC,BV-BRC,,,BV-BRC,,,,BV-BRC,,BV-BRC,BV-BRC
SRR2100659,,,,,,,,S,,S,,,,,,,,S,,S,,,,,,,,,BV-BRC,,BV-BRC,,,,,,,,BV-BRC,,BV-BRC,
SRR2100664,,,,S,,,,S,,S,,,,,,,,S,,S,,,,,BV-BRC,,,,BV-BRC,,BV-BRC,,,,,,,,BV-BRC,,BV-BRC,
SRR2100665,,,,,,,,S,,S,,,,,,,,S,,S,,,,,,,,,BV-BRC,,BV-BRC,,,,,,,,BV-BRC,,BV-BRC,
SRR2100668,,,,,,,,S,,S,,,,,,,,S,,S,,,,,,,,,BV-BRC,,BV-BRC,,,,,,,,BV-BRC,,BV-BRC,
SRR2100673,,,,,,,,S,,S,,,,,,,,S,,S,,,,,,,,,BV-BRC,,BV-BRC,,,,,,,,BV-BRC,,BV-BRC,
SRR2100689,,,,S,,,,S,,,,,,,,,,S,,S,,,,,BV-BRC,,,,BV-BRC,,,,,,,,,,BV-BRC,,BV-BRC,
SRR2100705,,,,S,,,,S,,R,,,,,,,,S,,S,,,,,BV-BRC,,,,BV-BRC,,BV-BRC,,,,,,,,BV-BRC,,BV-BRC,
SRR2100721,,,,,,,,,,,,,,,,,,R,,,,,,,,,,,,,,,,,,,,,BV-BRC,,,
SRR2100726,,,,,,,,S,,S,,,,,,,,S,,S,,,,,,,,,BV-BRC,,BV-BRC,,,,,,,,BV-BRC,,BV-BRC,
SRR2100732,,,,,,,,S,,S,,,,,,,,S,,S,,,,,,,,,BV-BRC,,BV-BRC,,,,,,,,BV-BRC,,BV-BRC,
SRR2100733,,,,,,,,S,,S,,,,,,,,S,,S,,,,,,,,,BV-BRC,,BV-BRC,,,,,,,,BV-BRC,,BV-BRC,
SRR2100739,,,,,,,,S,,R,,,,,,,,S,,S,,,,,,,,,BV-BRC,,BV-BRC,,,,,,,,BV-BRC,,BV-BRC,
SRR2100740,S,,S,,,,,R,,R,S,,,R,,,,S,,R,R,BV-BRC,,BV-BRC,,,,,BV-BRC,,BV-BRC,BV-BRC,,,BV-BRC,,,,BV-BRC,,BV-BRC,BV-BRC
SRR2100747,,,,,,,,S,,S,,,,,,,,S,,S,,,,,,,,,BV-BRC,,BV-BRC,,,,,,,,BV-BRC,,BV-BRC,
SRR2100793,,,,,,,,S,,S,,,,,,,,S,,S,,,,,,,,,BV-BRC,,BV-BRC,,,,,,,,BV-BRC,,BV-BRC,
SRR2100801,,,,,,,,S,,S,,,,,,,,S,,S,,,,,,,,,BV-BRC,,BV-BRC,,,,,,,,BV-BRC,,BV-BRC,
SRR2100803,,,,,,,,S,,R,,,,,,,,S,,R,,,,,,,,,BV-BRC,,BV-BRC,,,,,,,,BV-BRC,,BV-BRC,
SRR2100820,,,,,,,,S,,S,,,,,,,,R,,S,,,,,,,,,BV-BRC,,BV-BRC,,,,,,,,BV-BRC,,BV-BRC,
SRR2100821,,,,,,,,S,,S,,,,,,,,R,,S,,,,,,,,,BV-BRC,,BV-BRC,,,,,,,,BV-BRC,,BV-BRC,
SRR2100822,S,,S,,,,,S,,R,S,,,S,,,,S,,S,S,BV-BRC,,BV-BRC,,,,,BV-BRC,,BV-BRC,BV-BRC,,,BV-BRC,,,,BV-BRC,,BV-BRC,BV-BRC
SRR2100823,,,,S,,,,S,,R,,,,,,,,S,,S,,,,,BV-BRC,,,,BV-BRC,,BV-BRC,,,,,,,,BV-BRC,,BV-BRC,
SRR2100825,,,,,,,,S,,S,,,,S,,,,R,,S,,,,,,,,,BV-BRC,,BV-BRC,,,,BV-BRC,,,,BV-BRC,,BV-BRC,
SRR2100826,S,,S,R,,,,R,,S,S,,,R,,,,S,,S,S,BV-BRC,,BV-BRC,BV-BRC,,,,BV-BRC,,BV-BRC,BV-BRC,,,BV-BRC,,,,BV-BRC,,BV-BRC,BV-BRC
SRR2100827,,,,S,,,,S,,R,,,,,,,,S,,S,,,,,BV-BRC,,,,BV-BRC,,BV-BRC,,,,,,,,BV-BRC,,BV-BRC,
SRR2100828,S,,S,S,,,,S,,R,S,,,S,,,,S,,R,,BV-BRC,,BV-BRC,BV-BRC,,,,BV-BRC,,BV-BRC,BV-BRC,,,BV-BRC,,,,BV-BRC,,BV-BRC,
SRR2100830,S,,S,S,,,,R,,R,R,,,R,,,,R,,R,R,BV-BRC,,BV-BRC,BV-BRC,,,,BV-BRC,,BV-BRC,BV-BRC,,,BV-BRC,,,,BV-BRC,,BV-BRC,BV-BRC
SRR2100831,,,,S,,,,S,,R,,,,,,,,S,,S,,,,,BV-BRC,,,,BV-BRC,,BV-BRC,,,,,,,,BV-BRC,,BV-BRC,
SRR2100832,,,,S,,,,S,,R,,,,,,,,S,,S,,,,,BV-BRC,,,,BV-BRC,,BV-BRC,,,,,,,,BV-BRC,,BV-BRC,
SRR2100833,,,,S,,,,S,,R,,,,,,,,S,,S,,,,,BV-BRC,,,,BV-BRC,,BV-BRC,,,,,,,,BV-BRC,,BV-BRC,
SRR2100836,S,,S,S,,,,S,,R,S,,,S,,,,S,,R,S,BV-BRC,,BV-BRC,BV-BRC,,,,BV-BRC,,BV-BRC,BV-BRC,,,BV-BRC,,,,BV-BRC,,BV-BRC,BV-BRC
SRR2100837,S,,S,S,,,,S,,R,,,,S,,,,S,,S,,BV-BRC,,BV-BRC,BV-BRC,,,,BV-BRC,,BV-BRC,,,,BV-BRC,,,,BV-BRC,,BV-BRC,
SRR2100838,S,,S,S,,,,S,,R,S,,,S,,,,S,,R,,BV-BRC,,BV-BRC,BV-BRC,,,,BV-BRC,,BV-BRC,BV-BRC,,,BV-BRC,,,,BV-BRC,,BV-BRC,
SRR2100839,S,,S,,,,,S,,S,S,,,S,,,,S,,R,,BV-BRC,,BV-BRC,,,,,BV-BRC,,BV-BRC,BV-BRC,,,BV-BRC,,,,BV-BRC,,BV-BRC,
SRR2100840,,,,S,,,,S,,R,,,,,,,,S,,S,,,,,BV-BRC,,,,BV-BRC,,BV-BRC,,,,,,,,BV-BRC,,BV-BRC,
SRR2100841,,,,S,,,,S,,R,,,,,,,,S,,S,,,,,BV-BRC,,,,BV-BRC,,BV-BRC,,,,,,,,BV-BRC,,BV-BRC,
SRR2100842,S,,S,S,,,,S,,R,S,,,S,,,,S,,R,,BV-BRC,,BV-BRC,BV-BRC,,,,BV-BRC,,BV-BRC,BV-BRC,,,BV-BRC,,,,BV-BRC,,BV-BRC,
SRR2100843,,,,S,,,,S,,R,,,,,,,,S,,S,,,,,BV-BRC,,,,BV-BRC,,BV-BRC,,,,,,,,BV-BRC,,BV-BRC,
SRR2100844,,,,,,,,S,,S,,,,,,,,R,,S,,,,,,,,,BV-BRC,,BV-BRC,,,,,,,,BV-BRC,,BV-BRC,
SRR2100845,,,,S,,,,S,,R,,,,,,,,S,,S,,,,,BV-BRC,,,,BV-BRC,,BV-BRC,,,,,,,,BV-BRC,,BV-BRC,
SRR2100846,,,,S,,,,S,,R,,,,,,,,S,,S,,,,,BV-BRC,,,,BV-BRC,,BV-BRC,,,,,,,,BV-BRC,,BV-BRC,
SRR2100847,,,,,,,,S,,S,,,,,,,,R,,S,,,,,,,,,BV-BRC,,BV-BRC,,,,,,,,BV-BRC,,BV-BRC,
SRR2100848,,,,S,,,,S,,R,,,,,,,,S,,R,,,,,BV-BRC,,,,BV-BRC,,BV-BRC,,,,,,,,BV-BRC,,BV-BRC,
SRR2100849,,,,S,,,,S,,R,,,,,,,,S,,S,,,,,BV-BRC,,,,BV-BRC,,BV-BRC,,,,,,,,BV-BRC,,BV-BRC,
SRR2100850,,,,S,,,,S,,R,,,,,,,,S,,S,,,,,BV-BRC,,,,BV-BRC,,BV-BRC,,,,,,,,BV-BRC,,BV-BRC,
SRR2100851,,,,S,,,,S,,R,,,,,,,,S,,S,,,,,BV-BRC,,,,BV-BRC,,BV-BRC,,,,,,,,BV-BRC,,BV-BRC,
SRR2100852,,,,,,,,S,,R,,,,,,,,S,,S,,,,,,,,,BV-BRC,,BV-BRC,,,,,,,,BV-BRC,,BV-BRC,
SRR2100853,,,,S,,,,S,,R,,,,,,,,S,,S,,,,,BV-BRC,,,,BV-BRC,,BV-BRC,,,,,,,,BV-BRC,,BV-BRC,
SRR2100854,,,,R,,,,S,,R,,,,,,,,S,,R,,,,,BV-BRC,,,,BV-BRC,,BV-BRC,,,,,,,,BV-BRC,,BV-BRC,
SRR2100855,S,,S,R,,,,S,,R,S,,,S,,,,S,,R,,BV-BRC,,BV-BRC,BV-BRC,,,,BV-BRC,,BV-BRC,BV-BRC,,,BV-BRC,,,,BV-BRC,,BV-BRC,
SRR2100859,,,,S,,,,S,,R,,,,,,,,S,,S,,,,,BV-BRC,,,,BV-BRC,,BV-BRC,,,,,,,,BV-BRC,,BV-BRC,
SRR2100866,,,,S,,,,S,,R,,,,,,,,S,,S,,,,,BV-BRC,,,,BV-BRC,,BV-BRC,,,,,,,,BV-BRC,,BV-BRC,
SRR2100868,,,,S,,,,S,,R,,,,,,,,S,,S,,,,,BV-BRC,,,,BV-BRC,,BV-BRC,,,,,,,,BV-BRC,,BV-BRC,
SRR2100869,S,,S,,,,,R,,R,S,,,S,,,,S,,R,,BV-BRC,,BV-BRC,,,,,BV-BRC,,BV-BRC,BV-BRC,,,BV-BRC,,,,BV-BRC,,BV-BRC,
SRR2100870,,,,,,,,R,,R,,,,,,,,S,,R,,,,,,,,,BV-BRC,,BV-BRC,,,,,,,,BV-BRC,,BV-BRC,
SRR2100871,,,,S,,,,S,,R,,,,,,,,S,,S,,,,,BV-BRC,,,,BV-BRC,,BV-BRC,,,,,,,,BV-BRC,,BV-BRC,
SRR2100872,,,,S,,,,S,,R,,,,,,,,S,,S,,,,,BV-BRC,,,,BV-BRC,,BV-BRC,,,,,,,,BV-BRC,,BV-BRC,
SRR2100873,,,,,,,,R,,R,,,,,,,,S,,R,,,,,,,,,BV-BRC,,BV-BRC,,,,,,,,BV-BRC,,BV-BRC,
SRR2100874,,,,S,,,,S,,R,,,,,,,,S,,S,,,,,BV-BRC,,,,BV-BRC,,BV-BRC,,,,,,,,BV-BRC,,BV-BRC,
SRR2100875,,,,S,,,,S,,R,,,,,,,,S,,S,,,,,BV-BRC,,,,BV-BRC,,BV-BRC,,,,,,,,BV-BRC,,BV-BRC,
SRR2100876,,,,S,,,,S,,R,,,,,,,,S,,S,,,,,BV-BRC,,,,BV-BRC,,BV-BRC,,,,,,,,BV-BRC,,BV-BRC,
SRR2100879,,,,S,,,,S,,R,,,,,,,,S,,S,,,,,BV-BRC,,,,BV-BRC,,BV-BRC,,,,,,,,BV-BRC,,BV-BRC,
SRR2100880,S,,S,S,,,,S,,R,S,,,S,,,,S,,R,S,BV-BRC,,BV-BRC,BV-BRC,,,,BV-BRC,,BV-BRC,BV-BRC,,,BV-BRC,,,,BV-BRC,,BV-BRC,BV-BRC
SRR2100881,,,,S,,,,S,,R,,,,,,,,S,,S,,,,,BV-BRC,,,,BV-BRC,,BV-BRC,,,,,,,,BV-BRC,,BV-BRC,
SRR2100882,,,,S,,,,S,,R,,,,,,,,S,,S,,,,,BV-BRC,,,,BV-BRC,,BV-BRC,,,,,,,,BV-BRC,,BV-BRC,
SRR2100883,,,,S,,,,S,,R,,,,,,,,S,,S,,,,,BV-BRC,,,,BV-BRC,,BV-BRC,,,,,,,,BV-BRC,,BV-BRC,
SRR2100884,S,,S,S,,,,,,R,S,,,S,,,,R,,R,,BV-BRC,,BV-BRC,BV-BRC,,,,,,BV-BRC,BV-BRC,,,BV-BRC,,,,BV-BRC,,BV-BRC,
SRR2100885,,,,S,,,,S,,R,,,,,,,,S,,S,,,,,BV-BRC,,,,BV-BRC,,BV-BRC,,,,,,,,BV-BRC,,BV-BRC,
SRR2100886,,,,S,,,,S,,R,,,,,,,,S,,S,,,,,BV-BRC,,,,BV-BRC,,BV-BRC,,,,,,,,BV-BRC,,BV-BRC,
SRR2100887,,,,S,,,,S,,R,,,,,,,,S,,S,S,,,,BV-BRC,,,,BV-BRC,,BV-BRC,,,,,,,,BV-BRC,,BV-BRC,BV-BRC
SRR2100888,,,,S,,,,S,,R,,,,,,,,S,,S,,,,,BV-BRC,,,,BV-BRC,,BV-BRC,,,,,,,,BV-BRC,,BV-BRC,
SRR2100889,R,,R,S,,,,R,,R,R,,,S,,,,S,,R,,BV-BRC,,BV-BRC,BV-BRC,,,,BV-BRC,,BV-BRC,BV-BRC,,,BV-BRC,,,,BV-BRC,,BV-BRC,
SRR2100890,S,,S,S,,,,S,,R,S,,,S,,,,R,,R,,BV-BRC,,BV-BRC,BV-BRC,,,,BV-BRC,,BV-BRC,BV-BRC,,,BV-BRC,,,,BV-BRC,,BV-BRC,
SRR2100891,S,,S,S,,,,S,,R,S,,,S,,,,,,R,,BV-BRC,,BV-BRC,BV-BRC,,,,BV-BRC,,BV-BRC,BV-BRC,,,BV-BRC,,,,,,BV-BRC,
SRR2100892,,,,S,,,,S,,R,,,,,,,,S,,S,,,,,BV-BRC,,,,BV-BRC,,BV-BRC,,,,,,,,BV-BRC,,BV-BRC,
SRR2100894,,,,S,,,,S,,R,,,,,,,,S,,S,,,,,BV-BRC,,,,BV-BRC,,BV-BRC,,,,,,,,BV-BRC,,BV-BRC,
SRR2100895,,,,S,,,,S,,S,,,,,,,,S,,R,,,,,BV-BRC,,,,BV-BRC,,BV-BRC,,,,,,,,BV-BRC,,BV-BRC,
SRR2100896,,,,,,,,S,,S,,,,,,,,R,,S,,,,,,,,,BV-BRC,,BV-BRC,,,,,,,,BV-BRC,,BV-BRC,
SRR2100898,,,,S,,,,S,,R,,,,,,,,S,,S,,,,,BV-BRC,,,,BV-BRC,,BV-BRC,,,,,,,,BV-BRC,,BV-BRC,
SRR2100900,,,,S,,,,S,,R,,,,,,,,S,,S,,,,,BV-BRC,,,,BV-BRC,,BV-BRC,,,,,,,,BV-BRC,,BV-BRC,
SRR2100902,,,,S,,,,S,,R,,,,,,,,S,,S,,,,,BV-BRC,,,,BV-BRC,,BV-BRC,,,,,,,,BV-BRC,,BV-BRC,
SRR2100903,,,,S,,,,S,,R,,,,,,,,S,,S,,,,,BV-BRC,,,,BV-BRC,,BV-BRC,,,,,,,,BV-BRC,,BV-BRC,
SRR2100904,S,,S,S,,,,S,,R,S,,,S,S,,,S,,R,,BV-BRC,,BV-BRC,BV-BRC,,,,BV-BRC,,BV-BRC,BV-BRC,,,BV-BRC,BV-BRC,,,BV-BRC,,BV-BRC,
SRR2100905,,,,S,,,,S,,R,,,,,,,,S,,S,,,,,BV-BRC,,,,BV-BRC,,BV-BRC,,,,,,,,BV-BRC,,BV-BRC,
SRR2100906,,,,,,,,S,,R,,,,,,,,S,,R,,,,,,,,,BV-BRC,,BV-BRC,,,,,,,,BV-BRC,,BV-BRC,
SRR2100908,,,,S,,,,S,,R,,,,,,,,S,,S,,,,,BV-BRC,,,,BV-BRC,,BV-BRC,,,,,,,,BV-BRC,,BV-BRC,
SRR2100909,S,,S,,,,,R,,R,S,,,S,,,,R,,R,R,BV-BRC,,BV-BRC,,,,,BV-BRC,,BV-BRC,BV-BRC,,,BV-BRC,,,,BV-BRC,,BV-BRC,BV-BRC
SRR2100911,R,,R,S,,,,R,,R,R,,,S,,,,S,,R,R,BV-BRC,,BV-BRC,BV-BRC,,,,BV-BRC,,BV-BRC,BV-BRC,,,BV-BRC,,,,BV-BRC,,BV-BRC,BV-BRC
SRR2100912,S,,S,S,,,,S,,R,S,,,S,,,,S,,R,,BV-BRC,,BV-BRC,BV-BRC,,,,BV-BRC,,BV-BRC,BV-BRC,,,BV-BRC,,,,BV-BRC,,BV-BRC,
SRR2100914,,,,S,,,,S,,R,,,,,,,,S,,R,,,,,BV-BRC,,,,BV-BRC,,BV-BRC,,,,,,,,BV-BRC,,BV-BRC,
SRR2100915,,,,S,,,,S,,R,,,,,,,,S,,S,,,,,BV-BRC,,,,BV-BRC,,BV-BRC,,,,,,,,BV-BRC,,BV-BRC,
SRR2100916,,,,S,,,,S,,R,,,,,,,,S,,S,,,,,BV-BRC,,,,BV-BRC,,BV-BRC,,,,,,,,BV-BRC,,BV-BRC,
SRR2100917,,,,S,,,,S,,R,,,,,,,,S,,S,,,,,BV-BRC,,,,BV-BRC,,BV-BRC,,,,,,,,BV-BRC,,BV-BRC,
SRR2100918,,,,S,,,,S,,R,,,,,,,,S,,S,,,,,BV-BRC,,,,BV-BRC,,BV-BRC,,,,,,,,BV-BRC,,BV-BRC,
SRR2100919,,,,S,,,,S,,R,,,,,,,,S,,S,,,,,BV-BRC,,,,BV-BRC,,BV-BRC,,,,,,,,BV-BRC,,BV-BRC,
SRR2100920,,,,S,,,,R,,R,,,,,,,,S,,R,,,,,BV-BRC,,,,BV-BRC,,BV-BRC,,,,,,,,BV-BRC,,BV-BRC,
SRR2100921,S,,S,S,,,,S,,R,S,,,S,,,,R,,R,R,BV-BRC,,BV-BRC,BV-BRC,,,,BV-BRC,,BV-BRC,BV-BRC,,,BV-BRC,,,,BV-BRC,,BV-BRC,BV-BRC
SRR2100925,S,,S,S,,,,S,,R,S,,,S,,,,S,,R,R,BV-BRC,,BV-BRC,BV-BRC,,,,BV-BRC,,BV-BRC,BV-BRC,,,BV-BRC,,,,BV-BRC,,BV-BRC,BV-BRC
SRR2100943,,,,,,,,S,,S,,,,,,,,S,,S,,,,,,,,,BV-BRC,,BV-BRC,,,,,,,,BV-BRC,,BV-BRC,
SRR2100950,S,,S,S,,,,R,,R,S,,,S,,,,R,,R,,BV-BRC,,BV-BRC,BV-BRC,,,,BV-BRC,,BV-BRC,BV-BRC,,,BV-BRC,,,,BV-BRC,,BV-BRC,
SRR2100953,,,,,,,,S,,S,,,,,,,,S,,S,,,,,,,,,BV-BRC,,BV-BRC,,,,,,,,BV-BRC,,BV-BRC,
SRR2100958,,,,,,,,S,,S,,,,,,,,S,,S,,,,,,,,,BV-BRC,,BV-BRC,,,,,,,,BV-BRC,,BV-BRC,
SRR2100967,,,,,,,,S,,S,,,,,,,,S,,S,,,,,,,,,BV-BRC,,BV-BRC,,,,,,,,BV-BRC,,BV-BRC,
SRR2100981,,,,,,,,S,,S,,,,,,,,S,,S,,,,,,,,,BV-BRC,,BV-BRC,,,,,,,,BV-BRC,,BV-BRC,
SRR2101001,,,,,,,,S,,S,,,,,,,,S,,S,,,,,,,,,BV-BRC,,BV-BRC,,,,,,,,BV-BRC,,BV-BRC,
SRR2101011,,,,,,,,S,,S,,,,,,,,S,,S,,,,,,,,,BV-BRC,,BV-BRC,,,,,,,,BV-BRC,,BV-BRC,
SRR2101021,,,,,,,,S,,R,,,,,,,,S,,R,,,,,,,,,BV-BRC,,BV-BRC,,,,,,,,BV-BRC,,BV-BRC,
SRR2101023,S,,S,R,,,,S,,R,S,,,R,,,,R,,R,,BV-BRC,,BV-BRC,BV-BRC,,,,BV-BRC,,BV-BRC,BV-BRC,,,BV-BRC,,,,BV-BRC,,BV-BRC,
SRR2101024,,,,S,,,,S,,R,,,,,,,,S,,S,,,,,BV-BRC,,,,BV-BRC,,BV-BRC,,,,,,,,BV-BRC,,BV-BRC,
SRR2101025,,,,,,,,S,,S,,,,,,,,S,,S,,,,,,,,,BV-BRC,,BV-BRC,,,,,,,,BV-BRC,,BV-BRC,
SRR2101035,,,,,,,,S,,S,,,,,,,,S,,S,,,,,,,,,BV-BRC,,BV-BRC,,,,,,,,BV-BRC,,BV-BRC,
SRR2101037,,,,S,,,,R,,S,,,,,,,,S,,S,,,,,BV-BRC,,,,BV-BRC,,BV-BRC,,,,,,,,BV-BRC,,BV-BRC,
SRR2101039,,,,R,,,,,,S,,,,,,,,R,,S,,,,,BV-BRC,,,,,,BV-BRC,,,,,,,,BV-BRC,,BV-BRC,
SRR2101045,,,,,,,,S,,S,,,,,,,,S,,S,,,,,,,,,BV-BRC,,BV-BRC,,,,,,,,BV-BRC,,BV-BRC,
SRR2101052,,,,,,,,S,,S,,,,,,,,S,,S,,,,,,,,,BV-BRC,,BV-BRC,,,,,,,,BV-BRC,,BV-BRC,
SRR2101053,,,,S,,,,,,R,,,,,,,,R,,R,,,,,BV-BRC,,,,,,BV-BRC,,,,,,,,BV-BRC,,BV-BRC,
SRR2101055,S,,S,S,,,,R,,R,R,,,S,,,,R,,R,,BV-BRC,,BV-BRC,BV-BRC,,,,BV-BRC,,BV-BRC,BV-BRC,,,BV-BRC,,,,BV-BRC,,BV-BRC,
SRR2101058,,,,,,,,S,,S,,,,,,,,S,,S,,,,,,,,,BV-BRC,,BV-BRC,,,,,,,,BV-BRC,,BV-BRC,
SRR2101060,,,,,,,,S,,S,,,,,,,,S,,S,,,,,,,,,BV-BRC,,BV-BRC,,,,,,,,BV-BRC,,BV-BRC,
SRR2101063,S,,,,,,,S,,R,,,,,,,,S,,,,BV-BRC,,,,,,,BV-BRC,,BV-BRC,,,,,,,,BV-BRC,,,
SRR2101065,,,,,,,,S,,R,,,,,,,,S,,S,S,,,,,,,,BV-BRC,,BV-BRC,,,,,,,,BV-BRC,,BV-BRC,BV-BRC
SRR2101074,,,,,,,,S,,S,,,,,,,,S,,S,S,,,,,,,,BV-BRC,,BV-BRC,,,,,,,,BV-BRC,,BV-BRC,BV-BRC
SRR2101077,,,,,,,,S,,R,,,,,,,,S,,S,R,,,,,,,,BV-BRC,,BV-BRC,,,,,,,,BV-BRC,,BV-BRC,BV-BRC
SRR2101079,,,,,,,,S,,S,,,,,,,,S,,S,S,,,,,,,,BV-BRC,,BV-BRC,,,,,,,,BV-BRC,,BV-BRC,BV-BRC
SRR2101127,,,,,,,,S,,S,,,,,,,,S,,S,,,,,,,,,BV-BRC,,BV-BRC,,,,,,,,BV-BRC,,BV-BRC,
SRR2101145,,,,,,,,S,,S,,,,,,,,S,,S,,,,,,,,,BV-BRC,,BV-BRC,,,,,,,,BV-BRC,,BV-BRC,
SRR2101184,,,,,,,,S,,S,,,,,,,,S,,S,,,,,,,,,BV-BRC,,BV-BRC,,,,,,,,BV-BRC,,BV-BRC,
SRR2101242,,,,,,,,S,,S,,,,,,,,S,,S,,,,,,,,,BV-BRC,,BV-BRC,,,,,,,,BV-BRC,,BV-BRC,
SRR2101261,,,,R,,,,R,,S,,,,,,,,R,,R,,,,,BV-BRC,,,,BV-BRC,,BV-BRC,,,,,,,,BV-BRC,,BV-BRC,
SRR2101262,,,,S,,,,S,,S,,,,,,,,R,,S,,,,,BV-BRC,,,,BV-BRC,,BV-BRC,,,,,,,,BV-BRC,,BV-BRC,
SRR2101290,,,,,,,,S,,S,,,,,,,,R,,S,S,,,,,,,,BV-BRC,,BV-BRC,,,,,,,,BV-BRC,,BV-BRC,BV-BRC
SRR2101298,,,,,,,,S,,S,,,,,,,,S,,S,S,,,,,,,,BV-BRC,,BV-BRC,,,,,,,,BV-BRC,,BV-BRC,BV-BRC
SRR2101304,S,,S,,,,,S,,S,S,,,S,,,,R,,S,S,BV-BRC,,BV-BRC,,,,,BV-BRC,,BV-BRC,BV-BRC,,,BV-BRC,,,,BV-BRC,,BV-BRC,BV-BRC
SRR2101306,S,,S,,,,,S,,R,S,,,S,,,,S,,S,S,BV-BRC,,BV-BRC,,,,,BV-BRC,,BV-BRC,BV-BRC,,,BV-BRC,,,,BV-BRC,,BV-BRC,BV-BRC
SRR2101307,S,,S,,,,,S,,R,S,,,S,,,,R,,R,R,BV-BRC,,BV-BRC,,,,,BV-BRC,,BV-BRC,BV-BRC,,,BV-BRC,,,,BV-BRC,,BV-BRC,BV-BRC
SRR2101309,S,,S,,,,,S,,R,,,,S,,,,S,,S,S,BV-BRC,,BV-BRC,,,,,BV-BRC,,BV-BRC,,,,BV-BRC,,,,BV-BRC,,BV-BRC,BV-BRC
SRR2101311,S,,S,,,,,S,,R,S,,,S,,,,S,,S,S,BV-BRC,,BV-BRC,,,,,BV-BRC,,BV-BRC,BV-BRC,,,BV-BRC,,,,BV-BRC,,BV-BRC,BV-BRC
SRR2101316,R,,R,,,,,S,,R,S,,,R,,,,R,,S,S,BV-BRC,,BV-BRC,,,,,BV-BRC,,BV-BRC,BV-BRC,,,BV-BRC,,,,BV-BRC,,BV-BRC,BV-BRC
SRR2101321,,,,,,,,S,,S,,,,,,,,S,,S,,,,,,,,,BV-BRC,,BV-BRC,,,,,,,,BV-BRC,,BV-BRC,
SRR2101342,S,,S,,,,,S,,R,S,,,S,,,,S,,S,S,BV-BRC,,BV-BRC,,,,,BV-BRC,,BV-BRC,BV-BRC,,,BV-BRC,,,,BV-BRC,,BV-BRC,BV-BRC
SRR2101344,R,,R,,,,,S,,R,R,,,R,,,,R,,R,R,BV-BRC,,BV-BRC,,,,,BV-BRC,,BV-BRC,BV-BRC,,,BV-BRC,,,,BV-BRC,,BV-BRC,BV-BRC
SRR2101349,,,,,,,,S,,R,,,,,,,,S,,S,S,,,,,,,,BV-BRC,,BV-BRC,,,,,,,,BV-BRC,,BV-BRC,BV-BRC
SRR2101351,,,,,,,,S,,R,,,,,,,,R,,S,,,,,,,,,BV-BRC,,BV-BRC,,,,,,,,BV-BRC,,BV-BRC,
SRR2101357,S,,S,,,,,S,,S,S,,,S,,,,R,,S,S,BV-BRC,,BV-BRC,,,,,BV-BRC,,BV-BRC,BV-BRC,,,BV-BRC,,,,BV-BRC,,BV-BRC,BV-BRC
SRR2101360,S,,S,,,,,R,,R,S,,,S,,,,S,,R,R,BV-BRC,,BV-BRC,,,,,BV-BRC,,BV-BRC,BV-BRC,,,BV-BRC,,,,BV-BRC,,BV-BRC,BV-BRC
SRR2101362,S,,S,,,,,S,,S,S,,,S,,,,S,,S,R,BV-BRC,,BV-BRC,,,,,BV-BRC,,BV-BRC,BV-BRC,,,BV-BRC,,,,BV-BRC,,BV-BRC,BV-BRC
SRR2101366,S,,S,,,,,R,,S,S,,,S,,,,S,,R,S,BV-BRC,,BV-BRC,,,,,BV-BRC,,BV-BRC,BV-BRC,,,BV-BRC,,,,BV-BRC,,BV-BRC,BV-BRC
SRR2101368,S,,S,,,,,S,,R,S,,,S,,,,S,,S,S,BV-BRC,,BV-BRC,,,,,BV-BRC,,BV-BRC,BV-BRC,,,BV-BRC,,,,BV-BRC,,BV-BRC,BV-BRC
SRR2101370,S,,S,,,,,S,,S,S,,,S,,,,S,,S,R,BV-BRC,,BV-BRC,,,,,BV-BRC,,BV-BRC,BV-BRC,,,BV-BRC,,,,BV-BRC,,BV-BRC,BV-BRC
SRR2101373,S,,S,,,,,S,,S,S,,,S,,,,S,,R,R,BV-BRC,,BV-BRC,,,,,BV-BRC,,BV-BRC,BV-BRC,,,BV-BRC,,,,BV-BRC,,BV-BRC,BV-BRC
SRR2101381,S,,S,,,,,S,,S,S,,,S,,,,S,,S,S,BV-BRC,,BV-BRC,,,,,BV-BRC,,BV-BRC,BV-BRC,,,BV-BRC,,,,BV-BRC,,BV-BRC,BV-BRC
SRR2101384,S,,S,,,,,R,,R,S,,,R,,,,R,,R,R,BV-BRC,,BV-BRC,,,,,BV-BRC,,BV-BRC,BV-BRC,,,BV-BRC,,,,BV-BRC,,BV-BRC,BV-BRC
SRR2101392,S,,S,,,,,S,,R,S,,,S,,,,S,,S,S,BV-BRC,,BV-BRC,,,,,BV-BRC,,BV-BRC,BV-BRC,,,BV-BRC,,,,BV-BRC,,BV-BRC,BV-BRC
SRR2101412,,,,,,,,S,,R,,,,S,,,,,,,S,,,,,,,,BV-BRC,,BV-BRC,,,,BV-BRC,,,,,,,BV-BRC
SRR2101415,S,,S,,,,,S,,R,S,,,S,,,,S,,S,S,BV-BRC,,BV-BRC,,,,,BV-BRC,,BV-BRC,BV-BRC,,,BV-BRC,,,,BV-BRC,,BV-BRC,BV-BRC
SRR2101427,S,,S,,,,,S,,S,S,,,S,,,,S,,R,S,BV-BRC,,BV-BRC,,,,,BV-BRC,,BV-BRC,BV-BRC,,,BV-BRC,,,,BV-BRC,,BV-BRC,BV-BRC
SRR2101437,S,,S,,,,,S,,S,S,,,S,,,,S,,S,S,BV-BRC,,BV-BRC,,,,,BV-BRC,,BV-BRC,BV-BRC,,,BV-BRC,,,,BV-BRC,,BV-BRC,BV-BRC
SRR2101460,S,,S,,,,,S,,S,S,,,S,,,,S,,R,S,BV-BRC,,BV-BRC,,,,,BV-BRC,,BV-BRC,BV-BRC,,,BV-BRC,,,,BV-BRC,,BV-BRC,BV-BRC
SRR2101462,S,,S,,,,,S,,S,S,,,S,,,,S,,S,S,BV-BRC,,BV-BRC,,,,,BV-BRC,,BV-BRC,BV-BRC,,,BV-BRC,,,,BV-BRC,,BV-BRC,BV-BRC
SRR2101467,S,,S,,,,,R,,R,S,,,S,,,,R,,S,R,BV-BRC,,BV-BRC,,,,,BV-BRC,,BV-BRC,BV-BRC,,,BV-BRC,,,,BV-BRC,,BV-BRC,BV-BRC
SRR2101469,S,,S,,,,,S,,R,S,,,S,,,,S,,S,S,BV-BRC,,BV-BRC,,,,,BV-BRC,,BV-BRC,BV-BRC,,,BV-BRC,,,,BV-BRC,,BV-BRC,BV-BRC
SRR2101470,,,,,,,,S,,R,S,,,S,,,,S,,R,R,,,,,,,,BV-BRC,,BV-BRC,BV-BRC,,,BV-BRC,,,,BV-BRC,,BV-BRC,BV-BRC
SRR2101476,S,,S,,,,,S,,S,S,,,S,,,,S,,S,S,BV-BRC,,BV-BRC,,,,,BV-BRC,,BV-BRC,BV-BRC,,,BV-BRC,,,,BV-BRC,,BV-BRC,BV-BRC
SRR2101482,S,,S,,,,,R,,R,S,,,S,,,,R,,R,R,BV-BRC,,BV-BRC,,,,,BV-BRC,,BV-BRC,BV-BRC,,,BV-BRC,,,,BV-BRC,,BV-BRC,BV-BRC
SRR2101483,S,,S,,,,,S,,S,S,,,S,,,,S,,S,S,BV-BRC,,BV-BRC,,,,,BV-BRC,,BV-BRC,BV-BRC,,,BV-BRC,,,,BV-BRC,,BV-BRC,BV-BRC
SRR2101493,S,,S,,,,,S,,R,S,,,S,,,,R,,S,S,BV-BRC,,BV-BRC,,,,,BV-BRC,,BV-BRC,BV-BRC,,,BV-BRC,,,,BV-BRC,,BV-BRC,BV-BRC
SRR2101495,S,,S,,,,,S,,S,S,,,S,,,,S,,R,S,BV-BRC,,BV-BRC,,,,,BV-BRC,,BV-BRC,BV-BRC,,,BV-BRC,,,,BV-BRC,,BV-BRC,BV-BRC
SRR2101511,S,,S,,,,,S,,S,S,,,S,,,,R,,S,S,BV-BRC,,BV-BRC,,,,,BV-BRC,,BV-BRC,BV-BRC,,,BV-BRC,,,,BV-BRC,,BV-BRC,BV-BRC
SRR2101516,S,,S,,,,,S,,R,S,,,S,,,,S,,S,S,BV-BRC,,BV-BRC,,,,,BV-BRC,,BV-BRC,BV-BRC,,,BV-BRC,,,,BV-BRC,,BV-BRC,BV-BRC
SRR2101519,S,,S,,,,,S,,R,S,,,S,,,,R,,S,R,BV-BRC,,BV-BRC,,,,,BV-BRC,,BV-BRC,BV-BRC,,,BV-BRC,,,,BV-BRC,,BV-BRC,BV-BRC
SRR2101524,S,,S,,,,,S,,S,S,,,S,,,,R,,S,S,BV-BRC,,BV-BRC,,,,,BV-BRC,,BV-BRC,BV-BRC,,,BV-BRC,,,,BV-BRC,,BV-BRC,BV-BRC
SRR2101530,S,,S,,,,,S,,R,S,,,S,,,,S,,S,S,BV-BRC,,BV-BRC,,,,,BV-BRC,,BV-BRC,BV-BRC,,,BV-BRC,,,,BV-BRC,,BV-BRC,BV-BRC
SRR2101531,S,,S,,,,,S,,S,S,,,S,,,,S,,S,S,BV-BRC,,BV-BRC,,,,,BV-BRC,,BV-BRC,BV-BRC,,,BV-BRC,,,,BV-BRC,,BV-BRC,BV-BRC
SRR2101539,S,,R,,,,,R,,R,S,,,S,,,,R,,S,R,BV-BRC,,BV-BRC,,,,,BV-BRC,,BV-BRC,BV-BRC,,,BV-BRC,,,,BV-BRC,,BV-BRC,BV-BRC
SRR2101541,S,,S,,,,,S,,R,S,,,S,,,,S,,S,S,BV-BRC,,BV-BRC,,,,,BV-BRC,,BV-BRC,BV-BRC,,,BV-BRC,,,,BV-BRC,,BV-BRC,BV-BRC
SRR2101555,S,,S,,,,,S,,R,S,,,S,,,,R,,R,R,BV-BRC,,BV-BRC,,,,,BV-BRC,,BV-BRC,BV-BRC,,,BV-BRC,,,,BV-BRC,,BV-BRC,BV-BRC
SRR2101562,S,,S,,,,,S,,S,S,,,S,,,,S,,R,S,BV-BRC,,BV-BRC,,,,,BV-BRC,,BV-BRC,BV-BRC,,,BV-BRC,,,,BV-BRC,,BV-BRC,BV-BRC
SRR2101563,,,,,,,,S,,S,,,,S,,,,,,,S,,,,,,,,BV-BRC,,BV-BRC,,,,BV-BRC,,,,,,,BV-BRC
SRR2101565,S,,S,,,,,S,,S,S,,,S,,,,S,,S,S,BV-BRC,,BV-BRC,,,,,BV-BRC,,BV-BRC,BV-BRC,,,BV-BRC,,,,BV-BRC,,BV-BRC,BV-BRC
SRR2101574,S,,S,,,,,R,,R,S,,,R,,,,R,,R,R,BV-BRC,,BV-BRC,,,,,BV-BRC,,BV-BRC,BV-BRC,,,BV-BRC,,,,BV-BRC,,BV-BRC,BV-BRC
SRR2101579,S,,S,,,,,S,,R,S,,,S,,,,S,,S,S,BV-BRC,,BV-BRC,,,,,BV-BRC,,BV-BRC,BV-BRC,,,BV-BRC,,,,BV-BRC,,BV-BRC,BV-BRC
SRR2101581,S,,S,,,,,S,,S,S,,,S,,,,R,,S,S,BV-BRC,,BV-BRC,,,,,BV-BRC,,BV-BRC,BV-BRC,,,BV-BRC,,,,BV-BRC,,BV-BRC,BV-BRC
SRR2101585,S,,S,,,,,S,,S,S,,,S,,,,R,,S,S,BV-BRC,,BV-BRC,,,,,BV-BRC,,BV-BRC,BV-BRC,,,BV-BRC,,,,BV-BRC,,BV-BRC,BV-BRC
SRR2101597,S,,S,,,,,R,,R,S,,,S,,,,R,,R,R,BV-BRC,,BV-BRC,,,,,BV-BRC,,BV-BRC,BV-BRC,,,BV-BRC,,,,BV-BRC,,BV-BRC,BV-BRC
SRR2101598,S,,S,,,,,S,,R,S,,,S,,,,R,,R,R,BV-BRC,,BV-BRC,,,,,BV-BRC,,BV-BRC,BV-BRC,,,BV-BRC,,,,BV-BRC,,BV-BRC,BV-BRC
SRR2101605,S,,S,,,,,S,,R,S,,,S,,,,S,,S,S,BV-BRC,,BV-BRC,,,,,BV-BRC,,BV-BRC,BV-BRC,,,BV-BRC,,,,BV-BRC,,BV-BRC,BV-BRC
SRR2101607,,,,,,,,S,,R,,,,S,,,,,,S,R,,,,,,,,BV-BRC,,BV-BRC,,,,BV-BRC,,,,,,BV-BRC,BV-BRC
SRR2101614,S,,S,,,,,S,,R,S,,,S,,,,S,,S,S,BV-BRC,,BV-BRC,,,,,BV-BRC,,BV-BRC,BV-BRC,,,BV-BRC,,,,BV-BRC,,BV-BRC,BV-BRC
SRR2101623,S,,S,,,,,S,,S,S,,,S,,,,S,,R,S,BV-BRC,,BV-BRC,,,,,BV-BRC,,BV-BRC,BV-BRC,,,BV-BRC,,,,BV-BRC,,BV-BRC,BV-BRC
SRR2101629,S,,S,,,,,S,,R,S,,,S,,,,S,,S,S,BV-BRC,,BV-BRC,,,,,BV-BRC,,BV-BRC,BV-BRC,,,BV-BRC,,,,BV-BRC,,BV-BRC,BV-BRC
SRR2101634,S,,S,,,,,S,,R,S,,,S,,,,S,,S,S,BV-BRC,,BV-BRC,,,,,BV-BRC,,BV-BRC,BV-BRC,,,BV-BRC,,,,BV-BRC,,BV-BRC,BV-BRC
SRR2101635,S,,S,,,,,S,,R,S,,,S,,,,S,,S,S,BV-BRC,,BV-BRC,,,,,BV-BRC,,BV-BRC,BV-BRC,,,BV-BRC,,,,BV-BRC,,BV-BRC,BV-BRC
SRR2101639,S,,S,,,,,S,,R,S,,,S,,,,S,,S,S,BV-BRC,,BV-BRC,,,,,BV-BRC,,BV-BRC,BV-BRC,,,BV-BRC,,,,BV-BRC,,BV-BRC,BV-BRC
SRR2101640,S,,S,,,,,S,,S,S,,,S,,,,S,,S,S,BV-BRC,,BV-BRC,,,,,BV-BRC,,BV-BRC,BV-BRC,,,BV-BRC,,,,BV-BRC,,BV-BRC,BV-BRC
SRR2101641,S,,S,,,,,S,,S,S,,,S,,,,S,,R,S,BV-BRC,,BV-BRC,,,,,BV-BRC,,BV-BRC,BV-BRC,,,BV-BRC,,,,BV-BRC,,BV-BRC,BV-BRC
SRR2101650,S,,S,,,,,S,,R,S,,,S,,,,S,,S,S,BV-BRC,,BV-BRC,,,,,BV-BRC,,BV-BRC,BV-BRC,,,BV-BRC,,,,BV-BRC,,BV-BRC,BV-BRC
SRR2101653,S,,S,,,,,S,,R,S,,,S,,,,S,,S,R,BV-BRC,,BV-BRC,,,,,BV-BRC,,BV-BRC,BV-BRC,,,BV-BRC,,,,BV-BRC,,BV-BRC,BV-BRC
SRR2101655,S,,S,,,,,S,,S,S,,,S,,,,S,,S,S,BV-BRC,,BV-BRC,,,,,BV-BRC,,BV-BRC,BV-BRC,,,BV-BRC,,,,BV-BRC,,BV-BRC,BV-BRC
SRR2101656,,,S,,,,,S,,S,R,,,S,,,,R,,S,S,,,BV-BRC,,,,,BV-BRC,,BV-BRC,BV-BRC,,,BV-BRC,,,,BV-BRC,,BV-BRC,BV-BRC
SRR2101657,S,,S,,,,,S,,S,S,,,S,,,,S,,S,S,BV-BRC,,BV-BRC,,,,,BV-BRC,,BV-BRC,BV-BRC,,,BV-BRC,,,,BV-BRC,,BV-BRC,BV-BRC
SRR2101664,S,,S,,,,,S,,S,S,,,S,,,,R,,S,S,BV-BRC,,BV-BRC,,,,,BV-BRC,,BV-BRC,BV-BRC,,,BV-BRC,,,,BV-BRC,,BV-BRC,BV-BRC
SRR2101669,S,,S,,,,,S,,S,S,,,S,,,,S,,S,S,BV-BRC,,BV-BRC,,,,,BV-BRC,,BV-BRC,BV-BRC,,,BV-BRC,,,,BV-BRC,,BV-BRC,BV-BRC
SRR2101675,S,,S,,,,,S,,R,S,,,S,,,,S,,R,S,BV-BRC,,BV-BRC,,,,,BV-BRC,,BV-BRC,BV-BRC,,,BV-BRC,,,,BV-BRC,,BV-BRC,BV-BRC
SRR2101676,S,,S,,,,,S,,S,S,,,S,,,,S,,S,S,BV-BRC,,BV-BRC,,,,,BV-BRC,,BV-BRC,BV-BRC,,,BV-BRC,,,,BV-BRC,,BV-BRC,BV-BRC
SRR2101680,S,,S,,,,,S,,R,S,,,S,,,,S,,S,S,BV-BRC,,BV-BRC,,,,,BV-BRC,,BV-BRC,BV-BRC,,,BV-BRC,,,,BV-BRC,,BV-BRC,BV-BRC
SRR2101686,S,,S,,,,,S,,R,S,,,S,,,,S,,S,R,BV-BRC,,BV-BRC,,,,,BV-BRC,,BV-BRC,BV-BRC,,,BV-BRC,,,,BV-BRC,,BV-BRC,BV-BRC
SRR2101690,S,,S,,,,,S,,R,S,,,S,,,,S,,R,S,BV-BRC,,BV-BRC,,,,,BV-BRC,,BV-BRC,BV-BRC,,,BV-BRC,,,,BV-BRC,,BV-BRC,BV-BRC
SRR2101691,S,,S,,,,,S,,S,S,,,S,,,,S,,S,S,BV-BRC,,BV-BRC,,,,,BV-BRC,,BV-BRC,BV-BRC,,,BV-BRC,,,,BV-BRC,,BV-BRC,BV-BRC
SRR2101701,S,,S,,,,,S,,R,S,,,S,,,,S,,S,S,BV-BRC,,BV-BRC,,,,,BV-BRC,,BV-BRC,BV-BRC,,,BV-BRC,,,,BV-BRC,,BV-BRC,BV-BRC
SRR2101708,S,,S,,,,,S,,S,S,,,S,,,,S,,R,S,BV-BRC,,BV-BRC,,,,,BV-BRC,,BV-BRC,BV-BRC,,,BV-BRC,,,,BV-BRC,,BV-BRC,BV-BRC
SRR2101712,S,,S,,,,,S,,S,S,,,S,,,,R,,S,S,BV-BRC,,BV-BRC,,,,,BV-BRC,,BV-BRC,BV-BRC,,,BV-BRC,,,,BV-BRC,,BV-BRC,BV-BRC
SRR2101731,S,,S,,,,,S,,R,S,,,R,,,,R,,R,R,BV-BRC,,BV-BRC,,,,,BV-BRC,,BV-BRC,BV-BRC,,,BV-BRC,,,,BV-BRC,,BV-BRC,BV-BRC
SRR2101733,S,,S,,,,,S,,S,S,,,S,,,,R,,S,S,BV-BRC,,BV-BRC,,,,,BV-BRC,,BV-BRC,BV-BRC,,,BV-BRC,,,,BV-BRC,,BV-BRC,BV-BRC
SRR2101741,S,,S,,,,,S,,R,S,,,S,,,,S,,S,S,BV-BRC,,BV-BRC,,,,,BV-BRC,,BV-BRC,BV-BRC,,,BV-BRC,,,,BV-BRC,,BV-BRC,BV-BRC
SRR2101743,S,,S,,,,,S,,R,S,,,S,,,,S,,S,S,BV-BRC,,BV-BRC,,,,,BV-BRC,,BV-BRC,BV-BRC,,,BV-BRC,,,,BV-BRC,,BV-BRC,BV-BRC
SRR2101748,S,,S,,,,,S,,S,S,,,S,,,,S,,S,S,BV-BRC,,BV-BRC,,,,,BV-BRC,,BV-BRC,BV-BRC,,,BV-BRC,,,,BV-BRC,,BV-BRC,BV-BRC
SRR2101753,S,,S,,,,,S,,R,S,,,S,,,,S,,R,R,BV-BRC,,BV-BRC,,,,,BV-BRC,,BV-BRC,BV-BRC,,,BV-BRC,,,,BV-BRC,,BV-BRC,BV-BRC
SRR2101754,S,,S,,,,,S,,S,S,,,S,,,,S,,R,S,BV-BRC,,BV-BRC,,,,,BV-BRC,,BV-BRC,BV-BRC,,,BV-BRC,,,,BV-BRC,,BV-BRC,BV-BRC
SRR2101757,S,,S,,,,,R,,R,R,,,S,,,,R,,R,R,BV-BRC,,BV-BRC,,,,,BV-BRC,,BV-BRC,BV-BRC,,,BV-BRC,,,,BV-BRC,,BV-BRC,BV-BRC
SRR2101761,S,,S,,,,,S,,R,S,,,S,,,,,,R,R,BV-BRC,,BV-BRC,,,,,BV-BRC,,BV-BRC,BV-BRC,,,BV-BRC,,,,,,BV-BRC,BV-BRC
SRR2101763,S,,S,,,,,S,,R,S,,,S,,,,R,,R,R,BV-BRC,,BV-BRC,,,,,BV-BRC,,BV-BRC,BV-BRC,,,BV-BRC,,,,BV-BRC,,BV-BRC,BV-BRC
SRR2101771,S,,S,,,,,S,,R,S,,,S,,,,S,,S,S,BV-BRC,,BV-BRC,,,,,BV-BRC,,BV-BRC,BV-BRC,,,BV-BRC,,,,BV-BRC,,BV-BRC,BV-BRC
SRR2101775,S,,S,,,,,S,,R,S,,,S,,,,S,,R,S,BV-BRC,,BV-BRC,,,,,BV-BRC,,BV-BRC,BV-BRC,,,BV-BRC,,,,BV-BRC,,BV-BRC,BV-BRC
SRR2101777,S,,S,,,,,S,,S,S,,,S,,,,S,,S,S,BV-BRC,,BV-BRC,,,,,BV-BRC,,BV-BRC,BV-BRC,,,BV-BRC,,,,BV-BRC,,BV-BRC,BV-BRC
SRR2101798,S,,S,,,,,S,,R,S,,,S,,,,S,,S,S,BV-BRC,,BV-BRC,,,,,BV-BRC,,BV-BRC,BV-BRC,,,BV-BRC,,,,BV-BRC,,BV-BRC,BV-BRC
SRR2101806,S,,S,,,,,R,,R,S,,,S,,,,R,,R,S,BV-BRC,,BV-BRC,,,,,BV-BRC,,BV-BRC,BV-BRC,,,BV-BRC,,,,BV-BRC,,BV-BRC,BV-BRC
SRR2101807,S,,S,,,,,S,,S,S,,,S,,,,S,,S,S,BV-BRC,,BV-BRC,,,,,BV-BRC,,BV-BRC,BV-BRC,,,BV-BRC,,,,BV-BRC,,BV-BRC,BV-BRC
SRR2101813,S,,S,,,,,S,,S,S,,,S,,,,R,,S,S,BV-BRC,,BV-BRC,,,,,BV-BRC,,BV-BRC,BV-BRC,,,BV-BRC,,,,BV-BRC,,BV-BRC,BV-BRC
SRR2101814,S,,S,,,,,S,,S,S,,,S,,,,S,,S,S,BV-BRC,,BV-BRC,,,,,BV-BRC,,BV-BRC,BV-BRC,,,BV-BRC,,,,BV-BRC,,BV-BRC,BV-BRC
SRR2467267,,,,,,,,S,,R,,,,,,,,S,,R,,,,,,,,,BV-BRC,,BV-BRC,,,,,,,,BV-BRC,,BV-BRC,
SRR2467268,,,,,,,,S,,R,,,,,,,,,,S,,,,,,,,,BV-BRC,,BV-BRC,,,,,,,,,,BV-BRC,
SRR2467270,,,,,,,,S,,R,,,,,,,,S,,S,,,,,,,,,BV-BRC,,BV-BRC,,,,,,,,BV-BRC,,BV-BRC,
SRR2467271,,,,,,,,S,,R,,,,,,,,S,,S,S,,,,,,,,BV-BRC,,BV-BRC,,,,,,,,BV-BRC,,BV-BRC,BV-BRC
SRR6044772,,,,,,,,S,,S,,,,,,,,S,,S,,,,,,,,,BV-BRC,,BV-BRC,,,,,,,,BV-BRC,,BV-BRC,
SRR6044837,,,,,,,,R,,R,,,,,,,,,,R,,,,,,,,,BV-BRC,,BV-BRC,,,,,,,,,,BV-BRC,
SRR6044856,,,,,,,,S,,R,,,,,,,,S,,R,,,,,,,,,BV-BRC,,BV-BRC,,,,,,,,BV-BRC,,BV-BRC,
SRR6044863,,,,,,,,S,,S,,,,,,,,S,,S,,,,,,,,,BV-BRC,,BV-BRC,,,,,,,,BV-BRC,,BV-BRC,
SRR6044882,,,,,,,,S,,R,,,,,,,,S,,S,,,,,,,,,BV-BRC,,BV-BRC,,,,,,,,BV-BRC,,BV-BRC,
SRR6044919,,,,,,,,,,R,,,,,,,,R,,,,,,,,,,,,,BV-BRC,,,,,,,,BV-BRC,,,
SRR6044937,,,,,,,,S,,R,,,,,,,,S,,S,,,,,,,,,BV-BRC,,BV-BRC,,,,,,,,BV-BRC,,BV-BRC,
SRR6044959,,,,,,,,S,,R,,,,,,,,S,,S,,,,,,,,,BV-BRC,,BV-BRC,,,,,,,,BV-BRC,,BV-BRC,
SRR6044977,,,,,,,,S,,R,,,,,,,,S,,S,,,,,,,,,BV-BRC,,BV-BRC,,,,,,,,BV-BRC,,BV-BRC,
SRR6044999,,,,,,,,R,,R,,,,,,,,,,R,,,,,,,,,BV-BRC,,BV-BRC,,,,,,,,,,BV-BRC,
SRR6045039,,,,,,,,S,,R,,,,,,,,S,,,,,,,,,,,BV-BRC,,BV-BRC,,,,,,,,BV-BRC,,,
SRR6045085,,,,,,,,,,R,,,,,,,,R,,R,,,,,,,,,,,BV-BRC,,,,,,,,BV-BRC,,BV-BRC,
SRR6045141,,,,,,,,S,,R,,,,,,,,,,R,,,,,,,,,BV-BRC,,BV-BRC,,,,,,,,,,BV-BRC,
SRR6045211,,,,,,,,S,,S,,,,,,,,S,,S,,,,,,,,,BV-BRC,,BV-BRC,,,,,,,,BV-BRC,,BV-BRC,
SRR6045214,,,,,,,,S,,S,,,,,,,,R,,S,,,,,,,,,BV-BRC,,BV-BRC,,,,,,,,BV-BRC,,BV-BRC,
SRR6045235,,,,,,,,S,,S,,,,,,,,R,,S,,,,,,,,,BV-BRC,,BV-BRC,,,,,,,,BV-BRC,,BV-BRC,
SRR6045245,,,,,,,,S,,R,,,,,,,,,,R,,,,,,,,,BV-BRC,,BV-BRC,,,,,,,,,,BV-BRC,
SRR6045298,,,,,,,,S,,R,,,,,,,,S,,S,,,,,,,,,BV-BRC,,BV-BRC,,,,,,,,BV-BRC,,BV-BRC,
SRR6045314,,,,,,,,S,,R,,,,,,,,S,,S,,,,,,,,,BV-BRC,,BV-BRC,,,,,,,,BV-BRC,,BV-BRC,
SRR6045341,,,,,,,,S,,S,,,,,,,,S,,S,,,,,,,,,BV-BRC,,BV-BRC,,,,,,,,BV-BRC,,BV-BRC,
SRR6045417,,,,,,,,S,,S,,,,,,,,,,S,,,,,,,,,BV-BRC,,BV-BRC,,,,,,,,,,BV-BRC,
SRR6045418,,,,,,,,S,,S,,,,,,,,S,,S,,,,,,,,,BV-BRC,,BV-BRC,,,,,,,,BV-BRC,,BV-BRC,
SRR6045600,,,,,,,,S,,S,,,,,,,,S,,S,,,,,,,,,BV-BRC,,BV-BRC,,,,,,,,BV-BRC,,BV-BRC,
SRR6045622,,,,,,,,S,,R,,,,,,,,S,,S,,,,,,,,,BV-BRC,,BV-BRC,,,,,,,,BV-BRC,,BV-BRC,
SRR6045688,,,,,,,,S,,R,,,,,,,,S,,S,,,,,,,,,BV-BRC,,BV-BRC,,,,,,,,BV-BRC,,BV-BRC,
SRR6045734,,,,,,,,S,,R,,,,,,,,S,,S,,,,,,,,,BV-BRC,,BV-BRC,,,,,,,,BV-BRC,,BV-BRC,
SRR6045736,,,,,,,,R,,R,,,,,,,,R,,,,,,,,,,,BV-BRC,,BV-BRC,,,,,,,,BV-BRC,,,
SRR6045810,,,,,,,,S,,S,,,,,,,,S,,S,,,,,,,,,BV-BRC,,BV-BRC,,,,,,,,BV-BRC,,BV-BRC,
SRR6045824,,,,,,,,S,,R,,,,,,,,,,R,,,,,,,,,BV-BRC,,BV-BRC,,,,,,,,,,BV-BRC,
SRR6045831,,,,,,,,S,,R,,,,,,,,S,,S,,,,,,,,,BV-BRC,,BV-BRC,,,,,,,,BV-BRC,,BV-BRC,
SRR6045841,,,,,,,,S,,R,,,,,,,,S,,S,,,,,,,,,BV-BRC,,BV-BRC,,,,,,,,BV-BRC,,BV-BRC,
SRR6045868,,,,,,,,S,,S,,,,,,,,,,S,,,,,,,,,BV-BRC,,BV-BRC,,,,,,,,,,BV-BRC,
SRR6045871,,,,,,,,S,,S,,,,,,,,S,,S,,,,,,,,,BV-BRC,,BV-BRC,,,,,,,,BV-BRC,,BV-BRC,
SRR6045972,,,,,,,,,,R,,,,,,,,R,,R,,,,,,,,,,,BV-BRC,,,,,,,,BV-BRC,,BV-BRC,
SRR6045984,,,,,,,,S,,R,,,,,,,,S,,R,,,,,,,,,BV-BRC,,BV-BRC,,,,,,,,BV-BRC,,BV-BRC,
SRR6046000,,,,,,,,S,,S,,,,,,,,S,,S,,,,,,,,,BV-BRC,,BV-BRC,,,,,,,,BV-BRC,,BV-BRC,
SRR6046003,,,,,,,,S,,S,,,,,,,,S,,S,,,,,,,,,BV-BRC,,BV-BRC,,,,,,,,BV-BRC,,BV-BRC,
SRR6046016,,,,,,,,S,,S,,,,,,,,S,,S,,,,,,,,,BV-BRC,,BV-BRC,,,,,,,,BV-BRC,,BV-BRC,
SRR6046023,,,,,,,,S,,R,,,,,,,,S,,S,,,,,,,,,BV-BRC,,BV-BRC,,,,,,,,BV-BRC,,BV-BRC,
SRR6046092,,,,,,,,S,,R,,,,,,,,S,,S,,,,,,,,,BV-BRC,,BV-BRC,,,,,,,,BV-BRC,,BV-BRC,
SRR6046098,,,,,,,,S,,R,,,,,,,,S,,S,,,,,,,,,BV-BRC,,BV-BRC,,,,,,,,BV-BRC,,BV-BRC,
SRR6046111,,,,,,,,S,,R,,,,,,,,S,,S,,,,,,,,,BV-BRC,,BV-BRC,,,,,,,,BV-BRC,,BV-BRC,
SRR6046130,,,,,,,,S,,R,,,,,,,,S,,S,,,,,,,,,BV-BRC,,BV-BRC,,,,,,,,BV-BRC,,BV-BRC,
SRR6046158,,,,,,,,S,,R,,,,,,,,S,,S,,,,,,,,,BV-BRC,,BV-BRC,,,,,,,,BV-BRC,,BV-BRC,
SRR6046185,,,,,,,,S,,S,,,,,,,,S,,S,,,,,,,,,BV-BRC,,BV-BRC,,,,,,,,BV-BRC,,BV-BRC,
SRR6046237,,,,,,,,,,,,,,,,,,S,,,,,,,,,,,,,,,,,,,,,BV-BRC,,,
SRR6046252,,,,,,,,S,,S,,,,,,,,R,,S,,,,,,,,,BV-BRC,,BV-BRC,,,,,,,,BV-BRC,,BV-BRC,
SRR6046256,,,,,,,,S,,R,,,,,,,,S,,S,,,,,,,,,BV-BRC,,BV-BRC,,,,,,,,BV-BRC,,BV-BRC,
SRR6046270,,,,,,,,S,,S,,,,,,,,S,,S,,,,,,,,,BV-BRC,,BV-BRC,,,,,,,,BV-BRC,,BV-BRC,
SRR6046373,,,,,,,,S,,R,,,,,,,,S,,S,,,,,,,,,BV-BRC,,BV-BRC,,,,,,,,BV-BRC,,BV-BRC,
SRR6046413,,,,,,,,S,,S,,,,,,,,S,,S,,,,,,,,,BV-BRC,,BV-BRC,,,,,,,,BV-BRC,,BV-BRC,
SRR6046418,,,,,,,,S,,S,,,,,,,,S,,S,,,,,,,,,BV-BRC,,BV-BRC,,,,,,,,BV-BRC,,BV-BRC,
SRR6046504,,,,,,,,S,,R,,,,,,,,S,,S,,,,,,,,,BV-BRC,,BV-BRC,,,,,,,,BV-BRC,,BV-BRC,
SRR6046512,,,,,,,,,,R,,,,,,,,S,,R,,,,,,,,,,,BV-BRC,,,,,,,,BV-BRC,,BV-BRC,
SRR6046562,,,,,,,,S,,R,,,,,,,,S,,S,,,,,,,,,BV-BRC,,BV-BRC,,,,,,,,BV-BRC,,BV-BRC,
SRR6046603,,,,,,,,S,,S,,,,,,,,S,,S,,,,,,,,,BV-BRC,,BV-BRC,,,,,,,,BV-BRC,,BV-BRC,
SRR6046673,,,,,,,,S,,R,,,,,,,,S,,S,,,,,,,,,BV-BRC,,BV-BRC,,,,,,,,BV-BRC,,BV-BRC,
SRR6046680,,,,,,,,,,R,,,,,,,,,,R,,,,,,,,,,,BV-BRC,,,,,,,,,,BV-BRC,
SRR6046693,,,,,,,,S,,S,,,,,,,,S,,S,,,,,,,,,BV-BRC,,BV-BRC,,,,,,,,BV-BRC,,BV-BRC,
SRR6046774,,,,,,,,S,,S,,,,,,,,S,,S,,,,,,,,,BV-BRC,,BV-BRC,,,,,,,,BV-BRC,,BV-BRC,
SRR6046819,,,,,,,,S,,R,,,,,,,,,,R,,,,,,,,,BV-BRC,,BV-BRC,,,,,,,,,,BV-BRC,
SRR6046869,,,,,,,,S,,S,,,,,,,,S,,S,,,,,,,,,BV-BRC,,BV-BRC,,,,,,,,BV-BRC,,BV-BRC,
SRR6046888,,,,,,,,S,,R,,,,,,,,R,,R,,,,,,,,,BV-BRC,,BV-BRC,,,,,,,,BV-BRC,,BV-BRC,
SRR6046919,,,,,,,,S,,R,,,,,,,,S,,S,,,,,,,,,BV-BRC,,BV-BRC,,,,,,,,BV-BRC,,BV-BRC,
SRR6152641,,,,,,,,S,,S,,,,,,,,,,S,S,,,,,,,,NCBI,,NCBI,,,,,,,,,,NCBI,NCBI
SRR6152646,,,,,,,,S,,R,,,,,,,,S,,S,R,,,,,,,,BV-BRC,,BV-BRC,,,,,,,,BV-BRC,,BV-BRC,BV-BRC
SRR6152659,,,,,,,,S,,R,,,,,,,,S,,S,S,,,,,,,,BV-BRC,,BV-BRC,,,,,,,,BV-BRC,,BV-BRC,BV-BRC
SRR6152661,,,,,,,,S,,S,,,,,,,,,,S,S,,,,,,,,NCBI,,NCBI,,,,,,,,,,NCBI,NCBI
SRR6152665,,,,,,,,S,,R,,,,,,,,S,,S,R,,,,,,,,BV-BRC,,BV-BRC,,,,,,,,BV-BRC,,BV-BRC,BV-BRC
SRR6152677,,,,,,,,S,,R,,,,,,,,S,,S,S,,,,,,,,BV-BRC,,BV-BRC,,,,,,,,BV-BRC,,BV-BRC,BV-BRC
SRR6152682,,,,,,,,S,,R,,,,,,,,S,,S,R,,,,,,,,BV-BRC,,BV-BRC,,,,,,,,BV-BRC,,BV-BRC,BV-BRC
SRR6152684,,,,,,,,S,,R,,,,,,,,S,,S,R,,,,,,,,BV-BRC,,BV-BRC,,,,,,,,BV-BRC,,BV-BRC,BV-BRC
SRR6152689,,,,,,,,S,,S,,,,,,,,,,S,S,,,,,,,,NCBI,,NCBI,,,,,,,,,,NCBI,NCBI
SRR6152692,,,,,,,,S,,R,,,,,,,,S,,S,S,,,,,,,,BV-BRC,,BV-BRC,,,,,,,,BV-BRC,,BV-BRC,BV-BRC
SRR6152695,,,,,,,,S,,R,,,,,,,,S,,S,S,,,,,,,,BV-BRC,,BV-BRC,,,,,,,,BV-BRC,,BV-BRC,BV-BRC
SRR6152699,,,,,,,,S,,R,,,,,,,,S,,S,S,,,,,,,,BV-BRC,,BV-BRC,,,,,,,,BV-BRC,,BV-BRC,BV-BRC
SRR6152705,,,,,,,,S,,R,,,,,,,,S,,S,R,,,,,,,,BV-BRC,,BV-BRC,,,,,,,,BV-BRC,,BV-BRC,BV-BRC
SRR6152720,,,,,,,,S,,R,,,,,,,,S,,S,R,,,,,,,,BV-BRC,,BV-BRC,,,,,,,,BV-BRC,,BV-BRC,BV-BRC
SRR6152729,,,,,,,,S,,R,,,,,,,,S,,S,S,,,,,,,,BV-BRC,,BV-BRC,,,,,,,,BV-BRC,,BV-BRC,BV-BRC
SRR6152742,,,,,,,,S,,R,,,,,,,,S,,S,S,,,,,,,,BV-BRC,,BV-BRC,,,,,,,,BV-BRC,,BV-BRC,BV-BRC
SRR6152745,,,,,,,,S,,S,,,,,,,,,,S,S,,,,,,,,NCBI,,NCBI,,,,,,,,,,NCBI,NCBI
SRR6152747,,,,,,,,S,,S,,,,,,,,,,S,S,,,,,,,,NCBI,,NCBI,,,,,,,,,,NCBI,NCBI
SRR6152752,,,,,,,,S,,R,,,,,,,,S,,S,S,,,,,,,,BV-BRC,,BV-BRC,,,,,,,,BV-BRC,,BV-BRC,BV-BRC
SRR6152753,,,,,,,,S,,R,,,,,,,,S,,S,R,,,,,,,,BV-BRC,,BV-BRC,,,,,,,,BV-BRC,,BV-BRC,BV-BRC
SRR6152755,,,,,,,,S,,R,,,,,,,,S,,S,R,,,,,,,,BV-BRC,,BV-BRC,,,,,,,,BV-BRC,,BV-BRC,BV-BRC
SRR6152757,,,,,,,,S,,S,,,,,,,,,,S,S,,,,,,,,NCBI,,NCBI,,,,,,,,,,NCBI,NCBI
SRR6152761,,,,,,,,S,,S,,,,,,,,,,S,S,,,,,,,,NCBI,,NCBI,,,,,,,,,,NCBI,NCBI
SRR6152767,,,,,,,,S,,R,,,,,,,,S,,S,R,,,,,,,,BV-BRC,,BV-BRC,,,,,,,,BV-BRC,,BV-BRC,BV-BRC
SRR6152777,,,,,,,,S,,S,,,,,,,,,,S,S,,,,,,,,NCBI,,NCBI,,,,,,,,,,NCBI,NCBI
SRR6152790,,,,,,,,S,,S,,,,,,,,,,S,S,,,,,,,,NCBI,,NCBI,,,,,,,,,,NCBI,NCBI
SRR6152800,,,,,,,,S,,R,,,,,,,,S,,S,R,,,,,,,,BV-BRC,,BV-BRC,,,,,,,,BV-BRC,,BV-BRC,BV-BRC
SRR6152813,,,,,,,,S,,R,,,,,,,,S,,S,R,,,,,,,,BV-BRC,,BV-BRC,,,,,,,,BV-BRC,,BV-BRC,BV-BRC
SRR6152838,,,,,,,,S,,S,,,,,,,,,,S,S,,,,,,,,NCBI,,NCBI,,,,,,,,,,NCBI,NCBI
SRR6152850,,,,,,,,S,,R,,,,,,,,,,S,S,,,,,,,,BV-BRC,,BV-BRC,,,,,,,,,,BV-BRC,BV-BRC
SRR6152852,,,,,,,,S,,S,,,,,,,,,,S,S,,,,,,,,NCBI,,NCBI,,,,,,,,,,NCBI,NCBI
SRR6152857,,,,,,,,S,,S,,,,,,,,,,S,S,,,,,,,,NCBI,,NCBI,,,,,,,,,,NCBI,NCBI
SRR6152881,,,,,,,,S,,R,,,,,,,,S,,S,S,,,,,,,,BV-BRC,,BV-BRC,,,,,,,,BV-BRC,,BV-BRC,BV-BRC
SRR6152883,,,,,,,,S,,R,,,,,,,,S,,S,S,,,,,,,,BV-BRC,,BV-BRC,,,,,,,,BV-BRC,,BV-BRC,BV-BRC
SRR6152889,,,,,,,,S,,,,,,,,,,S,,S,S,,,,,,,,BV-BRC,,,,,,,,,,BV-BRC,,BV-BRC,BV-BRC
SRR6152891,,,,,,,,S,,S,,,,,,,,,,S,S,,,,,,,,NCBI,,NCBI,,,,,,,,,,NCBI,NCBI
SRR6152892,,,,,,,,S,,S,,,,,,,,,,S,S,,,,,,,,NCBI,,NCBI,,,,,,,,,,NCBI,NCBI
SRR6152894,,,,,,,,S,,S,,,,,,,,,,S,S,,,,,,,,NCBI,,NCBI,,,,,,,,,,NCBI,NCBI
SRR6152899,,,,,,,,R,,R,,,,,,,,,,S,S,,,,,,,,BV-BRC,,BV-BRC,,,,,,,,,,BV-BRC,BV-BRC
SRR6152900,,,,,,,,S,,S,,,,,,,,,,S,S,,,,,,,,NCBI,,NCBI,,,,,,,,,,NCBI,NCBI
SRR6152907,,,,,,,,S,,R,,,,,,,,S,,S,S,,,,,,,,BV-BRC,,BV-BRC,,,,,,,,BV-BRC,,BV-BRC,BV-BRC
SRR6152914,,,,,,,,R,,R,,,,,,,,,,S,S,,,,,,,,BV-BRC,,BV-BRC,,,,,,,,,,BV-BRC,BV-BRC
SRR6152918,,,,,,,,S,,S,,,,,,,,,,S,S,,,,,,,,NCBI,,NCBI,,,,,,,,,,NCBI,NCBI
SRR6152923,,,,,,,,S,,S,,,,,,,,,,S,S,,,,,,,,NCBI,,NCBI,,,,,,,,,,NCBI,NCBI
SRR6152924,,,,,,,,S,,S,,,,,,,,,,S,S,,,,,,,,NCBI,,NCBI,,,,,,,,,,NCBI,NCBI
SRR6152940,,,,,,,,S,,R,,,,,,,,S,,S,R,,,,,,,,BV-BRC,,BV-BRC,,,,,,,,BV-BRC,,BV-BRC,BV-BRC
SRR6152947,,,,,,,,S,,R,,,,,,,,S,,S,R,,,,,,,,BV-BRC,,BV-BRC,,,,,,,,BV-BRC,,BV-BRC,BV-BRC
SRR6152960,,,,,,,,S,,R,,,,,,,,S,,S,S,,,,,,,,BV-BRC,,BV-BRC,,,,,,,,BV-BRC,,BV-BRC,BV-BRC
SRR6152985,,,,,,,,S,,R,,,,,,,,,,S,S,,,,,,,,BV-BRC,,BV-BRC,,,,,,,,,,BV-BRC,BV-BRC
SRR6152987,,,,,,,,S,,R,,,,,,,,S,,S,R,,,,,,,,BV-BRC,,BV-BRC,,,,,,,,BV-BRC,,BV-BRC,BV-BRC
SRR6152989,,,,,,,,S,,S,,,,,,,,,,S,S,,,,,,,,NCBI,,NCBI,,,,,,,,,,NCBI,NCBI
SRR6152994,,,,,,,,S,,R,,,,,,,,,,S,R,,,,,,,,BV-BRC,,BV-BRC,,,,,,,,,,BV-BRC,BV-BRC
SRR6152995,,,,,,,,R,,S,,,,,,,,,,S,,,,,,,,,BV-BRC,,BV-BRC,,,,,,,,,,BV-BRC,
SRR6152996,,,,,,,,S,,R,,,,,,,,S,,S,S,,,,,,,,BV-BRC,,BV-BRC,,,,,,,,BV-BRC,,BV-BRC,BV-BRC
SRR6153009,,,,,,,,S,,R,,,,,,,,S,,S,R,,,,,,,,BV-BRC,,BV-BRC,,,,,,,,BV-BRC,,BV-BRC,BV-BRC
SRR6153019,,,,,,,,S,,R,,,,,,,,R,,S,R,,,,,,,,BV-BRC,,BV-BRC,,,,,,,,BV-BRC,,BV-BRC,BV-BRC
SRR6153049,,,,,,,,S,,S,,,,,,,,,,S,S,,,,,,,,NCBI,,NCBI,,,,,,,,,,NCBI,NCBI
SRR6153058,,,,,,,,S,,S,,,,,,,,,,S,S,,,,,,,,NCBI,,NCBI,,,,,,,,,,NCBI,NCBI
SRR6153076,,,,,,,,S,,R,,,,,,,,,,S,R,,,,,,,,BV-BRC,,BV-BRC,,,,,,,,,,BV-BRC,BV-BRC
SRR6153083,,,,,,,,S,,S,,,,,,,,,,S,S,,,,,,,,NCBI,,NCBI,,,,,,,,,,NCBI,NCBI
SRR6153085,,,,,,,,S,,S,,,,,,,,,,S,S,,,,,,,,NCBI,,NCBI,,,,,,,,,,NCBI,NCBI
SRR6153087,,,,,,,,S,,R,,,,,,,,S,,S,S,,,,,,,,BV-BRC,,BV-BRC,,,,,,,,BV-BRC,,BV-BRC,BV-BRC
SRR6153136,,,,,,,,S,,R,,,,,,,,S,,S,S,,,,,,,,BV-BRC,,BV-BRC,,,,,,,,BV-BRC,,BV-BRC,BV-BRC
SRR6153137,,,,,,,,S,,R,,,,,,,,,,S,S,,,,,,,,BV-BRC,,BV-BRC,,,,,,,,,,BV-BRC,BV-BRC
SRR6153145,,,,,,,,S,,R,,,,,,,,S,,S,S,,,,,,,,BV-BRC,,BV-BRC,,,,,,,,BV-BRC,,BV-BRC,BV-BRC
SRR6153162,,,,,,,,S,,R,,,,,,,,S,,S,S,,,,,,,,BV-BRC,,BV-BRC,,,,,,,,BV-BRC,,BV-BRC,BV-BRC
SRR6153165,,,,,,,,S,,S,,,,,,,,,,S,S,,,,,,,,NCBI,,NCBI,,,,,,,,,,NCBI,NCBI
SRR6153190,,,,,,,,S,,S,,,,,,,,,,S,S,,,,,,,,NCBI,,NCBI,,,,,,,,,,NCBI,NCBI
SRR6153193,,,,,,,,S,,R,,,,,,,,,,S,S,,,,,,,,BV-BRC,,BV-BRC,,,,,,,,,,BV-BRC,BV-BRC
SRR6153198,,,,,,,,S,,R,,,,,,,,,,S,R,,,,,,,,BV-BRC,,BV-BRC,,,,,,,,,,BV-BRC,BV-BRC
SRR6153206,,,,,,,,S,,R,,,,,,,,,,S,R,,,,,,,,BV-BRC,,BV-BRC,,,,,,,,,,BV-BRC,BV-BRC
SRR6153210,,,,,,,,S,,,,,,,,,,,,S,S,,,,,,,,BV-BRC,,,,,,,,,,,,BV-BRC,BV-BRC
SRR6153212,,,,,,,,S,,R,,,,,,,,,,S,S,,,,,,,,BV-BRC,,BV-BRC,,,,,,,,,,BV-BRC,BV-BRC
SRR6153233,,,,,,,,S,,R,,,,,,,,S,,S,S,,,,,,,,BV-BRC,,BV-BRC,,,,,,,,BV-BRC,,BV-BRC,BV-BRC
SRR6153234,,,,,,,,S,,R,,,,,,,,S,,S,R,,,,,,,,BV-BRC,,BV-BRC,,,,,,,,BV-BRC,,BV-BRC,BV-BRC
SRR6153242,,,,,,,,S,,R,,,,,,,,S,,S,S,,,,,,,,BV-BRC,,BV-BRC,,,,,,,,BV-BRC,,BV-BRC,BV-BRC
SRR6153249,,,,,,,,R,,S,,,,,,,,,,S,S,,,,,,,,NCBI,,NCBI,,,,,,,,,,NCBI,NCBI
SRR6153253,,,,,,,,S,,R,,,,,,,,S,,S,R,,,,,,,,BV-BRC,,BV-BRC,,,,,,,,BV-BRC,,BV-BRC,BV-BRC
SRR6153255,,,,,,,,S,,R,,,,,,,,,,S,R,,,,,,,,BV-BRC,,BV-BRC,,,,,,,,,,BV-BRC,BV-BRC
SRR6153258,,,,,,,,S,,R,,,,,,,,,,S,S,,,,,,,,BV-BRC,,BV-BRC,,,,,,,,,,BV-BRC,BV-BRC
SRR6153271,,,,,,,,S,,R,,,,,,,,,,S,S,,,,,,,,BV-BRC,,BV-BRC,,,,,,,,,,BV-BRC,BV-BRC
SRR6153273,,,,,,,,S,,R,,,,,,,,,,S,S,,,,,,,,BV-BRC,,BV-BRC,,,,,,,,,,BV-BRC,BV-BRC
SRR6397331,,,,,,,,S,,R,,,,,,,,,,S,S,,,,,,,,BV-BRC,,BV-BRC,,,,,,,,,,BV-BRC,BV-BRC
SRR6397338,,,,,,,,S,,S,,,,,,,,,,S,S,,,,,,,,NCBI,,NCBI,,,,,,,,,,NCBI,NCBI
SRR6397345,,,,,,,,S,,,,,,,,,,S,,S,S,,,,,,,,BV-BRC,,,,,,,,,,BV-BRC,,BV-BRC,BV-BRC
SRR6397346,,,,,,,,S,,S,,,,,,,,,,S,S,,,,,,,,NCBI,,NCBI,,,,,,,,,,NCBI,NCBI
SRR6397347,,,,,,,,S,,,,,,,,,,S,,S,S,,,,,,,,BV-BRC,,,,,,,,,,BV-BRC,,BV-BRC,BV-BRC
SRR6397349,,,,,,,,S,,S,,,,,,,,,,S,S,,,,,,,,NCBI,,NCBI,,,,,,,,,,NCBI,NCBI
SRR6397359,,,,,,,,R,,S,,,,,,,,,,S,S,,,,,,,,NCBI,,NCBI,,,,,,,,,,NCBI,NCBI
SRR6397370,,,,,,,,S,,R,,,,,,,,,,S,R,,,,,,,,BV-BRC,,BV-BRC,,,,,,,,,,BV-BRC,BV-BRC
SRR6397382,,,,,,,,S,,R,,,,,,,,S,,S,S,,,,,,,,BV-BRC,,BV-BRC,,,,,,,,BV-BRC,,BV-BRC,BV-BRC
SRR6397399,,,,,,,,R,,R,,,,,,,,R,,R,S,,,,,,,,BV-BRC,,BV-BRC,,,,,,,,BV-BRC,,BV-BRC,BV-BRC
SRR6397400,,,,,,,,S,,S,,,,,,,,,,S,S,,,,,,,,NCBI,,NCBI,,,,,,,,,,NCBI,NCBI
SRR6397408,,,,,,,,R,,R,,,,,,,,R,,R,R,,,,,,,,BV-BRC,,BV-BRC,,,,,,,,BV-BRC,,BV-BRC,BV-BRC
SRR6397420,,,,,,,,S,,R,,,,,,,,S,,R,S,,,,,,,,BV-BRC,,BV-BRC,,,,,,,,BV-BRC,,BV-BRC,BV-BRC
SRR6397429,,,,,,,,S,,S,,,,,,,,S,,R,S,,,,,,,,NCBI,,NCBI,,,,,,,,NCBI,,NCBI,NCBI
SRR6397446,,,,,,,,S,,S,,,,,,,,,,R,S,,,,,,,,NCBI,,NCBI,,,,,,,,,,NCBI,NCBI
SRR6397457,,,,,,,,S,,S,,,,,,,,,,S,S,,,,,,,,NCBI,,NCBI,,,,,,,,,,NCBI,NCBI
SRR6397464,,,,,,,,S,,S,,,,,,,,,,S,S,,,,,,,,NCBI,,NCBI,,,,,,,,,,NCBI,NCBI
SRR6397465,,,,,,,,S,,S,,,,,,,,,,S,S,,,,,,,,NCBI,,NCBI,,,,,,,,,,NCBI,NCBI
SRR6397470,,,,,,,,S,,S,,,,,,,,,,S,S,,,,,,,,NCBI,,NCBI,,,,,,,,,,NCBI,NCBI
SRR6397471,,,,,,,,R,,R,,,,,,,,R,,R,R,,,,,,,,BV-BRC,,BV-BRC,,,,,,,,BV-BRC,,BV-BRC,BV-BRC
SRR6397474,,,,,,,,R,,R,,,,,,,,S,,S,R,,,,,,,,BV-BRC,,BV-BRC,,,,,,,,BV-BRC,,BV-BRC,BV-BRC
SRR6397477,,,,,,,,R,,,,,,,,,,S,,R,R,,,,,,,,BV-BRC,,,,,,,,,,BV-BRC,,BV-BRC,BV-BRC
SRR6397479,,,,,,,,S,,S,,,,,,,,,,S,S,,,,,,,,NCBI,,NCBI,,,,,,,,,,NCBI,NCBI
SRR6397480,,,,,,,,S,,S,,,,,,,,,,S,S,,,,,,,,NCBI,,NCBI,,,,,,,,,,NCBI,NCBI
SRR6397482,,,,,,,,R,,S,,,,,,,,,,S,S,,,,,,,,NCBI,,NCBI,,,,,,,,,,NCBI,NCBI
SRR6397491,,,,,,,,S,,S,,,,,,,,,,R,S,,,,,,,,NCBI,,NCBI,,,,,,,,,,NCBI,NCBI
SRR6397493,,,,,,,,S,,S,,,,,,,,,,S,S,,,,,,,,NCBI,,NCBI,,,,,,,,,,NCBI,NCBI
SRR6397501,,,,,,,,S,,S,,,,,,,,,,R,S,,,,,,,,NCBI,,NCBI,,,,,,,,,,NCBI,NCBI
SRR6397506,,,,,,,,S,,S,,,,,,,,,,R,S,,,,,,,,NCBI,,NCBI,,,,,,,,,,NCBI,NCBI
SRR6397510,,,,,,,,S,,S,,,,,,,,,,S,S,,,,,,,,NCBI,,NCBI,,,,,,,,,,NCBI,NCBI
SRR6397528,,,,,,,,S,,S,,,,,,,,,,S,S,,,,,,,,NCBI,,NCBI,,,,,,,,,,NCBI,NCBI
SRR6397530,,,,,,,,S,,S,,,,,,,,,,S,S,,,,,,,,NCBI,,NCBI,,,,,,,,,,NCBI,NCBI
SRR6397532,,,,,,,,S,,S,,,,,,,,,,S,S,,,,,,,,NCBI,,NCBI,,,,,,,,,,NCBI,NCBI
SRR6397554,,,,,,,,S,,S,,,,,,,,,,S,S,,,,,,,,NCBI,,NCBI,,,,,,,,,,NCBI,NCBI
SRR6397583,,,,,,,,S,,S,,,,,,,,S,,R,S,,,,,,,,NCBI,,NCBI,,,,,,,,NCBI,,NCBI,NCBI
SRR6397587,,,,,,,,S,,S,,,,,,,,S,,R,S,,,,,,,,NCBI,,NCBI,,,,,,,,NCBI,,NCBI,NCBI
SRR6397590,,,,,,,,R,,S,,,,,,,,,,S,S,,,,,,,,NCBI,,NCBI,,,,,,,,,,NCBI,NCBI
SRR6397615,,,,,,,,S,,R,,,,,,,,S,,S,R,,,,,,,,BV-BRC,,BV-BRC,,,,,,,,BV-BRC,,BV-BRC,BV-BRC
SRR6397629,,,,,,,,S,,S,,,,,,,,,,S,S,,,,,,,,NCBI,,NCBI,,,,,,,,,,NCBI,NCBI
SRR6397630,,,,,,,,S,,,,,,,,,,R,,R,R,,,,,,,,BV-BRC,,,,,,,,,,BV-BRC,,BV-BRC,BV-BRC
SRR6397650,,,,,,,,S,,S,,,,,,,,,,S,S,,,,,,,,NCBI,,NCBI,,,,,,,,,,NCBI,NCBI
SRR6397665,,,,,,,,S,,R,,,,,,,,,,R,R,,,,,,,,NCBI,,NCBI,,,,,,,,,,NCBI,NCBI
SRR6397670,,,,,,,,S,,,,,,,,,,S,,S,S,,,,,,,,BV-BRC,,,,,,,,,,BV-BRC,,BV-BRC,BV-BRC
SRR6397671,,,,,,,,R,,,,,,,,,,R,,R,S,,,,,,,,BV-BRC,,,,,,,,,,BV-BRC,,BV-BRC,BV-BRC
SRR6397672,,,,,,,,S,,S,,,,,,,,S,,S,S,,,,,,,,NCBI,,NCBI,,,,,,,,NCBI,,NCBI,NCBI
SRR6397682,,,,,,,,S,,S,,,,,,,,,,S,S,,,,,,,,NCBI,,NCBI,,,,,,,,,,NCBI,NCBI
SRR6397692,,,,,,,,S,,S,,,,,,,,,,S,S,,,,,,,,NCBI,,NCBI,,,,,,,,,,NCBI,NCBI
SRR6397697,,,,,,,,S,,R,,,,,,,,S,,R,S,,,,,,,,BV-BRC,,BV-BRC,,,,,,,,BV-BRC,,BV-BRC,BV-BRC
SRR6397708,,,,,,,,R,,R,,,,,,,,R,,R,R,,,,,,,,BV-BRC,,BV-BRC,,,,,,,,BV-BRC,,BV-BRC,BV-BRC
SRR6397730,,,,,,,,R,,R,,,,,,,,R,,R,R,,,,,,,,BV-BRC,,BV-BRC,,,,,,,,BV-BRC,,BV-BRC,BV-BRC
SRR6397731,,,,,,,,S,,S,,,,,,,,S,,R,S,,,,,,,,NCBI,,NCBI,,,,,,,,NCBI,,NCBI,NCBI
SRR6397732,,,,,,,,S,,S,,,,,,,,S,,R,S,,,,,,,,NCBI,,NCBI,,,,,,,,NCBI,,NCBI,NCBI
SRR6397748,,,,,,,,R,,,,,,,,,,R,,R,S,,,,,,,,BV-BRC,,,,,,,,,,BV-BRC,,BV-BRC,BV-BRC
SRR6397779,,,,,,,,S,,R,,,,,,,,S,,S,S,,,,,,,,BV-BRC,,BV-BRC,,,,,,,,BV-BRC,,BV-BRC,BV-BRC
SRR6397782,,,,,,,,S,,S,,,,,,,,,,S,S,,,,,,,,NCBI,,NCBI,,,,,,,,,,NCBI,NCBI
SRR6397784,,,,,,,,R,,R,,,,,,,,R,,R,R,,,,,,,,BV-BRC,,BV-BRC,,,,,,,,BV-BRC,,BV-BRC,BV-BRC
SRR6397788,,,,,,,,S,,S,,,,,,,,,,R,S,,,,,,,,NCBI,,NCBI,,,,,,,,,,NCBI,NCBI
SRR6397800,,,,,,,,S,,S,,,,,,,,,,S,S,,,,,,,,NCBI,,NCBI,,,,,,,,,,NCBI,NCBI
SRR6397808,,,,,,,,S,,S,,,,,,,,,,S,S,,,,,,,,NCBI,,NCBI,,,,,,,,,,NCBI,NCBI
SRR6397810,,,,,,,,R,,R,,,,,,,,R,,R,S,,,,,,,,BV-BRC,,BV-BRC,,,,,,,,BV-BRC,,BV-BRC,BV-BRC
SRR6397915,,,,,,,,S,,S,,,,,,,,,,S,S,,,,,,,,NCBI,,NCBI,,,,,,,,,,NCBI,NCBI
SRR6397947,,,,,,,,R,,R,,,,,,,,R,,R,R,,,,,,,,BV-BRC,,BV-BRC,,,,,,,,BV-BRC,,BV-BRC,BV-BRC
SRR6397949,,,,,,,,S,,R,,,,,,,,R,,R,S,,,,,,,,BV-BRC,,BV-BRC,,,,,,,,BV-BRC,,BV-BRC,BV-BRC
SRR6397954,,,,,,,,S,,S,,,,,,,,,,S,S,,,,,,,,NCBI,,NCBI,,,,,,,,,,NCBI,NCBI
SRR6397956,,,,,,,,S,,S,,,,,,,,,,S,S,,,,,,,,NCBI,,NCBI,,,,,,,,,,NCBI,NCBI
SRR6397957,,,,,,,,S,,R,,,,,,,,R,,R,S,,,,,,,,BV-BRC,,BV-BRC,,,,,,,,BV-BRC,,BV-BRC,BV-BRC
SRR6397961,,,,,,,,S,,R,,,,,,,,S,,S,R,,,,,,,,BV-BRC,,BV-BRC,,,,,,,,BV-BRC,,BV-BRC,BV-BRC
SRR6397962,,,,,,,,S,,R,,,,,,,,R,,R,R,,,,,,,,BV-BRC,,BV-BRC,,,,,,,,BV-BRC,,BV-BRC,BV-BRC
SRR6397967,,,,,,,,S,,S,,,,,,,,,,S,S,,,,,,,,NCBI,,NCBI,,,,,,,,,,NCBI,NCBI
SRR6397981,,,,,,,,S,,R,,,,,,,,S,,S,S,,,,,,,,BV-BRC,,BV-BRC,,,,,,,,BV-BRC,,BV-BRC,BV-BRC
SRR6397989,,,,,,,,S,,R,,,,,,,,R,,S,R,,,,,,,,BV-BRC,,BV-BRC,,,,,,,,BV-BRC,,BV-BRC,BV-BRC
SRR6398011,,,,,,,,R,,R,,,,,,,,R,,R,R,,,,,,,,BV-BRC,,BV-BRC,,,,,,,,BV-BRC,,BV-BRC,BV-BRC
SRR6398017,,,,,,,,S,,R,,,,,,,,S,,S,S,,,,,,,,BV-BRC,,BV-BRC,,,,,,,,BV-BRC,,BV-BRC,BV-BRC
SRR6398018,,,,,,,,S,,R,,,,,,,,S,,S,S,,,,,,,,BV-BRC,,BV-BRC,,,,,,,,BV-BRC,,BV-BRC,BV-BRC
SRR6398029,,,,,,,,S,,,,,,,,,,S,,S,S,,,,,,,,BV-BRC,,,,,,,,,,BV-BRC,,BV-BRC,BV-BRC
SRR6398041,,,,,,,,S,,R,,,,,,,,S,,R,S,,,,,,,,BV-BRC,,BV-BRC,,,,,,,,BV-BRC,,BV-BRC,BV-BRC
SRR6398042,,,,,,,,S,,R,,,,,,,,S,,S,S,,,,,,,,BV-BRC,,BV-BRC,,,,,,,,BV-BRC,,BV-BRC,BV-BRC
SRR6398048,,,,,,,,S,,,,,,,,,,S,,S,S,,,,,,,,BV-BRC,,,,,,,,,,BV-BRC,,BV-BRC,BV-BRC
SRR6398049,,,,,,,,S,,R,,,,,,,,S,,S,S,,,,,,,,BV-BRC,,BV-BRC,,,,,,,,BV-BRC,,BV-BRC,BV-BRC
SRR6398050,,,,,,,,S,,,,,,,,,,S,,R,R,,,,,,,,BV-BRC,,,,,,,,,,BV-BRC,,BV-BRC,BV-BRC
SRR6398064,,,,,,,,S,,,,,,,,,,S,,S,S,,,,,,,,BV-BRC,,,,,,,,,,BV-BRC,,BV-BRC,BV-BRC
SRR6398070,,,,,,,,S,,S,,,,,,,,,,S,S,,,,,,,,NCBI,,NCBI,,,,,,,,,,NCBI,NCBI
SRR6398076,,,,,,,,S,,R,,,,,,,,S,,R,S,,,,,,,,BV-BRC,,BV-BRC,,,,,,,,BV-BRC,,BV-BRC,BV-BRC
SRR6398081,,,,,,,,S,,S,,,,,,,,,,S,S,,,,,,,,NCBI,,NCBI,,,,,,,,,,NCBI,NCBI
SRR6398085,,,,,,,,S,,S,,,,,,,,,,S,S,,,,,,,,NCBI,,NCBI,,,,,,,,,,NCBI,NCBI
SRR6398091,,,,,,,,S,,R,,,,,,,,R,,R,R,,,,,,,,BV-BRC,,BV-BRC,,,,,,,,BV-BRC,,BV-BRC,BV-BRC
SRR6398096,,,,,,,,S,,S,,,,,,,,,,S,S,,,,,,,,NCBI,,NCBI,,,,,,,,,,NCBI,NCBI
SRR6398101,,,,,,,,S,,S,,,,,,,,,,S,S,,,,,,,,NCBI,,NCBI,,,,,,,,,,NCBI,NCBI
SRR6398106,,,,,,,,S,,R,,,,,,,,S,,S,R,,,,,,,,BV-BRC,,BV-BRC,,,,,,,,BV-BRC,,BV-BRC,BV-BRC
SRR6398109,,,,,,,,S,,R,,,,,,,,S,,S,R,,,,,,,,BV-BRC,,BV-BRC,,,,,,,,BV-BRC,,BV-BRC,BV-BRC
SRR6398112,,,,,,,,S,,S,,,,,,,,S,,R,S,,,,,,,,NCBI,,NCBI,,,,,,,,NCBI,,NCBI,NCBI
SRR6398113,,,,,,,,S,,S,,,,,,,,,,S,S,,,,,,,,NCBI,,NCBI,,,,,,,,,,NCBI,NCBI
SRR6398124,,,,,,,,S,,S,,,,,,,,,,S,S,,,,,,,,NCBI,,NCBI,,,,,,,,,,NCBI,NCBI
SRR6398132,,,,,,,,S,,R,,,,,,,,S,,S,S,,,,,,,,BV-BRC,,BV-BRC,,,,,,,,BV-BRC,,BV-BRC,BV-BRC
SRR7131005,,,,,,,,,,,,,,,,,,,,S,,,,,,,,,,,,,,,,,,,,,BV-BRC,
SRR7131008,,,,,,,,,,,,,,,,,,,,R,,,,,,,,,,,,,,,,,,,,,BV-BRC,
SRR7131042,,,,,,,,,,,,,,,,,,,,S,,,,,,,,,,,,,,,,,,,,,BV-BRC,
SRR7131123,,,,,,,,,,,,,,,,,,,,S,,,,,,,,,,,,,,,,,,,,,BV-BRC,
SRR7131136,,,,,,,,,,,,,,,,,,,,S,,,,,,,,,,,,,,,,,,,,,BV-BRC,
SRR7131148,,,,,,,,,,,,,,,,,,,,S,,,,,,,,,,,,,,,,,,,,,BV-BRC,
SRR7131149,,,,,,,,,,,,,,,,,,,,R,,,,,,,,,,,,,,,,,,,,,BV-BRC,
SRR7131152,,,,,,,,,,,,,,,,,,,,R,,,,,,,,,,,,,,,,,,,,,BV-BRC,
SRR7131158,,,,,,,,,,,,,,,,,,,,S,,,,,,,,,,,,,,,,,,,,,BV-BRC,
SRR7131175,,,,,,,,,,,,,,,,,,,,S,,,,,,,,,,,,,,,,,,,,,BV-BRC,
SRR7131200,,,,,,,,,,,,,,,,,,,,S,,,,,,,,,,,,,,,,,,,,,BV-BRC,
SRR7131218,,,,,,,,,,,,,,,,,,,,S,,,,,,,,,,,,,,,,,,,,,BV-BRC,
SRR7131232,,,,,,,,,,,,,,,,,,,,R,,,,,,,,,,,,,,,,,,,,,BV-BRC,
SRR7131233,,,,,,,,,,,,,,,,,,,,R,,,,,,,,,,,,,,,,,,,,,BV-BRC,
SRR7131249,,,,,,,,,,,,,,,,,,,,S,,,,,,,,,,,,,,,,,,,,,BV-BRC,
SRR7131273,,,,,,,,,,,,,,,,,,,,S,,,,,,,,,,,,,,,,,,,,,BV-BRC,
SRR7439413,,,,,,,,S,,S,,,,,,,,,,S,S,,,,,,,,NCBI,,NCBI,,,,,,,,,,NCBI,NCBI
SRR7439416,,,,,,,,S,,S,,,,,,,,,,S,S,,,,,,,,NCBI,,NCBI,,,,,,,,,,NCBI,NCBI
